Calls,"Jun 17, 2025 8:13pm",Unnamed: 2,Unnamed: 3,Unnamed: 4,Unnamed: 5,Unnamed: 6,Unnamed: 7,Unnamed: 8,Unnamed: 9,Unnamed: 10
In The Money,,,,,,,,,,
Contract Name,Last Trade Date (EDT),Strike,Last Price,Bid,Ask,Change,% Change,Volume,Open Interest,Implied Volatility
NVDA250627C00010000,6/16/2025 11:46 AM,10,144.40,143.65,144.65,-0.76,-0.52%,4,948,"2,950.00%"
NVDA250627C00015000,2025-11-06 13:04:00,15,142.61,143.00,144.20,0.00,0.00%,1.8,3,"2,200.00%"
NVDA250627C00020000,4/16/2025 3:51 PM,20,102.20,132.90,134.55,0.00,0.00%,46,59,0.00%
NVDA250627C00025000,2025-11-06 15:05:00,25,140.00,142.00,143.20,0.00,0.00%,9,9,"1,800.00%"
NVDA250627C00030000,4/23/2025 1:00 PM,30,101.39,128.10,129.55,0.00,0.00%,24,182,0.00%
NVDA250627C00035000,2025-10-06 11:33:00,35,138.90,140.95,142.20,0.00,0.00%,2,1,"1,525.00%"
NVDA250627C00040000,2025-07-04 11:22:00,40,91.80,112.70,113.85,0.00,0.00%,24,381,0.00%
NVDA250627C00045000,2025-10-06 11:05:00,45,138.86,140.00,141.35,0.00,0.00%,1,22,"1,584.38%"
NVDA250627C00055000,2025-02-05 10:19:00,55,109.47,129.75,131.20,0.00,0.00%,110,382,0.00%
NVDA250627C00060000,6/17/2025 9:55 AM,60,139.41,139.00,140.15,-0.59,-0.42%,5,351,"1,296.88%"
NVDA250627C00065000,2025-10-06 11:05:00,65,137.36,138.50,139.85,0.00,0.00%,1,2,"1,420.31%"
NVDA250627C00070000,2025-10-06 11:05:00,70,136.86,138.00,139.35,0.00,0.00%,2,11,"1,378.13%"
NVDA250627C00075000,2025-10-04 11:45:00,75,101.48,109.70,110.90,0.00,0.00%,20,250,0.00%
NVDA250627C00080000,5/14/2025 11:56 AM,80,127.35,134.00,135.55,0.00,0.00%,1,37,0.00%
NVDA250627C00085000,6/13/2025 11:25 AM,85,135.30,136.50,137.85,0.00,0.00%,4,40,"1,268.75%"
NVDA250627C00090000,6/16/2025 3:00 PM,90,137.03,136.00,137.20,0.00,0.00%,28,34,"1,143.75%"
NVDA250627C00095000,2025-01-04 15:46:00,95,101.02,106.15,106.70,0.00,0.00%,80,895,0.00%
NVDA250627C00100000,6/16/2025 10:31 AM,100,135.36,135.00,136.35,0.00,0.00%,6,75,"1,181.25%"
NVDA250627C00101000,2025-10-06 11:05:00,101,133.39,134.45,135.85,0.00,0.00%,50,0,"1,131.25%"
NVDA250627C00102000,6/17/2025 9:34 AM,102,134.73,134.45,135.25,-0.92,-0.68%,1,4.839,"1,262.50%"
NVDA250627C00103000,6/13/2025 2:32 PM,103,130.80,133.45,134.85,0.00,0.00%,9,17,"1,085.94%"
NVDA250627C00104000,6/13/2025 2:44 PM,104,130.24,133.00,134.20,0.00,0.00%,8,357,"1,007.81%"
NVDA250627C00105000,2025-07-04 11:22:00,105,83.15,104.75,105.90,0.00,0.00%,1,207,0.00%
NVDA250627C00106000,6/13/2025 2:07 PM,106,130.30,132.70,133.15,0.00,0.00%,15,2.466,"1,207.03%"
NVDA250627C00107000,2025-04-04 12:21:00,107,82.45,101.00,101.55,0.00,0.00%,60,102,0.00%
NVDA250627C00108000,5/22/2025 3:18 PM,108,120.87,131.05,132.35,0.00,0.00%,10,20,"1,034.38%"
NVDA250627C00109000,2025-04-04 10:21:00,109,82.90,99.90,100.45,0.00,0.00%,10,1.192,0.00%
NVDA250627C00110000,2025-02-05 13:04:00,110,100.75,120.50,121.50,0.00,0.00%,20,1.048,0.00%
NVDA250627C00111000,2025-02-06 12:11:00,111,123.05,129.85,130.70,0.00,0.00%,50,0,"1,032.81%"
NVDA250627C00112000,6/17/2025 9:55 AM,112,129.51,129.60,130.15,-0.46,-0.35%,3,9.012,"1,068.75%"
NVDA250627C00113000,2/20/2025 2:41 PM,113,124.61,101.35,103.95,0.00,0.00%,1,1.65,0.00%
NVDA250627C00114000,5/29/2025 3:36 PM,114,122.76,128.55,129.15,0.00,0.00%,20,1.233,"1,025.00%"
NVDA250627C00115000,2025-08-04 12:39:00,115,83.50,99.75,100.70,0.00,0.00%,3,1.04,0.00%
NVDA250627C00116000,5/15/2025 11:09 AM,116,116.78,124.05,125.25,0.00,0.00%,10,136,0.00%
NVDA250627C00117000,2025-02-06 11:16:00,117,119.03,126.75,127.85,0.00,0.00%,25,67,957.81%
NVDA250627C00118000,2025-10-06 11:11:00,118,124.70,126.50,127.20,0.00,0.00%,1,267,967.19%
NVDA250627C00119000,2025-09-06 11:39:00,119,124.53,126.00,126.70,0.00,0.00%,30,159,954.69%
NVDA250627C00120000,6/17/2025 1:08 PM,120,125.70,125.55,126.20,-1.30,-1.02%,2,1.041,952.34%
NVDA250627C00121000,6/13/2025 9:54 AM,121,125.40,125.00,125.75,1.90,1.54%,10,1.229,939.06%
NVDA250627C00122000,6/17/2025 12:54 PM,122,124.55,124.50,125.15,-1.50,-1.19%,3,6.07,906.25%
NVDA250627C00123000,6/16/2025 9:53 AM,123,124.30,123.55,124.75,0.75,0.61%,10,348,798.44%
NVDA250627C00124000,6/16/2025 10:34 AM,124,123.31,123.45,124.40,-0.13,-0.11%,10,628,922.66%
NVDA250627C00125000,2025-11-06 11:51:00,125,122.39,123.00,123.70,0.00,0.00%,18,495,882.81%
NVDA250627C00126000,6/17/2025 1:12 PM,126,122.90,122.65,123.20,0.77,0.63%,74,653,900.00%
NVDA250627C00127000,2025-12-06 13:12:00,127,122.00,122.00,122.70,0.00,0.00%,5,999,860.94%
NVDA250627C00128000,6/16/2025 1:02 PM,128,122.70,121.40,122.25,0.00,0.00%,2,532,841.41%
NVDA250627C00129000,2025-12-06 09:34:00,129,120.00,121.05,121.65,0.00,0.00%,50,2.962,840.63%
NVDA250627C00130000,6/17/2025 10:01 AM,130,120.70,120.45,121.20,0.10,0.08%,2,3.214,821.88%
NVDA250627C00131000,6/17/2025 12:46 PM,131,120.43,120.05,120.75,1.63,1.37%,1,399,839.06%
NVDA250627C00132000,6/17/2025 9:34 AM,132,119.70,119.55,120.35,-0.50,-0.42%,1,4.731,846.09%
NVDA250627C00133000,2025-11-06 09:46:00,133,118.50,118.55,119.70,0.00,0.00%,12,600,692.19%
NVDA250627C00134000,6/17/2025 1:14 PM,134,118.91,118.20,119.15,0.27,0.23%,5,1.146,716.41%
NVDA250627C00135000,6/16/2025 12:34 PM,135,119.50,118.05,118.70,0.00,0.00%,9,1.619,793.75%
NVDA250627C00136000,2025-11-06 09:53:00,136,116.83,117.55,118.35,0.00,0.00%,1,2.924,808.59%
NVDA250627C00137000,6/16/2025 12:31 PM,137,117.21,117.10,117.65,-1.22,-1.03%,1,1.582,776.56%
NVDA250627C00138000,6/16/2025 2:49 PM,138,116.74,116.55,117.05,-0.31,-0.26%,3,1.706,742.19%
NVDA250627C00139000,6/17/2025 10:28 AM,139,115.94,116.00,116.75,0.94,0.82%,10,638,760.16%
NVDA250627C00140000,2025-10-06 15:17:00,140,115.10,115.15,116.20,0.00,0.00%,5,855,671.09%
NVDA250627C00141000,6/17/2025 12:55 PM,141,114.91,115.05,115.80,0.92,0.81%,50,1.563,759.38%
NVDA250627C00142000,6/16/2025 11:20 AM,142,116.00,114.65,115.25,0.00,0.00%,27,15.06,758.59%
NVDA250627C00143000,6/13/2025 9:31 AM,143,112.89,114.05,114.85,0.00,0.00%,40,1.367,750.78%
NVDA250627C00144000,6/16/2025 11:12 AM,144,114.75,113.55,114.10,0.00,0.00%,10,736,705.08%
NVDA250627C00145000,2025-10-06 15:22:00,145,112.50,112.95,113.65,0.00,0.00%,14,905,689.06%
NVDA250627C00146000,6/13/2025 2:58 PM,146,109.30,112.50,113.15,0.00,0.00%,601,2.036,690.63%
NVDA250627C00147000,6/16/2025 3:15 PM,147,112.44,111.60,112.70,0.00,0.00%,10,793,610.94%
NVDA250627C00148000,2025-12-06 15:59:00,148,112.00,111.60,112.25,0.00,0.00%,452,1.748,706.64%
NVDA250627C00149000,2025-10-06 15:32:00,149,110.20,111.10,111.70,0.00,0.00%,4,1.015,692.97%
NVDA250627C00150000,6/16/2025 12:14 PM,150,112.02,110.55,111.15,0.00,0.00%,10,1.877,671.48%
NVDA250627C00152500,2025-10-06 15:23:00,152.5,109.40,109.85,110.75,0.00,0.00%,1,409,649.22%
NVDA250627C00155000,6/16/2025 3:19 PM,155,110.03,109.50,110.15,0.00,0.00%,16,1.453,650.78%
NVDA250627C00157500,2025-10-06 15:33:00,157.5,108.30,108.75,109.70,0.00,0.00%,4,753,610.16%
NVDA250627C00160000,6/13/2025 2:31 PM,160,105.48,108.55,109.20,0.00,0.00%,2,2.528,652.73%
NVDA250627C00162500,2025-10-06 15:33:00,162.5,107.30,107.90,108.75,0.00,0.00%,5,553,632.03%
NVDA250627C00165000,6/16/2025 2:36 PM,165,108.15,107.60,108.15,0.00,0.00%,68,1.731,640.63%
NVDA250627C00167500,6/16/2025 1:57 PM,167.5,107.57,107.10,107.75,0.00,0.00%,45,2.201,647.27%
NVDA250627C00170000,6/17/2025 10:15 AM,170,106.88,106.60,107.15,0.33,0.31%,20,2.367,628.13%
NVDA250627C00175000,6/16/2025 3:34 PM,175,106.21,106.05,106.65,0.00,0.00%,135,2.685,615.63%
NVDA250627C00180000,6/16/2025 3:40 PM,180,105.57,105.60,106.20,0.00,0.00%,20,1.25,623.05%
NVDA250627C00185000,6/17/2025 10:04 AM,185,105.32,104.95,105.70,0.17,0.16%,25,1.417,596.88%
NVDA250627C00190000,6/17/2025 12:45 PM,190,104.87,104.60,105.25,0.77,0.74%,10,11.828,617.58%
NVDA250627C00195000,6/17/2025 12:11 PM,195,104.40,104.00,104.60,-0.20,-0.19%,4,1.565,578.91%
NVDA250627C00200000,6/16/2025 3:40 PM,200,103.50,103.40,104.20,0.00,0.00%,10,1.832,573.44%
NVDA250627C00205000,2025-10-06 15:27:00,205,102.50,102.65,103.70,0.00,0.00%,5,721,525.00%
NVDA250627C00210000,6/17/2025 11:00 AM,210,102.61,102.15,103.20,-0.54,-0.52%,20,386,520.31%
NVDA250627C00215000,2025-10-06 15:24:00,215,101.45,102.05,102.65,0.00,0.00%,1,1.877,571.48%
NVDA250627C00220000,2025-10-06 15:46:00,220,100.60,101.65,102.30,0.00,0.00%,3,3.447,595.31%
NVDA250627C00225000,6/16/2025 2:14 PM,225,101.46,100.55,101.70,0.00,0.00%,3,585,482.81%
NVDA250620C00044000,6/16/2025 9:42 AM,44,99.75,100.45,101.20,0.00,0.00%,2,5.495,549.61%
NVDA250620C00044500,2025-10-06 15:23:00,44.5,99.40,100.05,100.65,0.00,0.00%,4,834,551.17%
NVDA250620C00045000,6/17/2025 12:45 PM,45,99.32,99.60,100.20,-0.66,-0.66%,2,8.921,558.20%
NVDA250620C00045500,2025-11-06 12:47:00,45.5,97.80,99.05,99.70,0.00,0.00%,20,6.586,547.27%
NVDA250620C00046000,2025-10-06 15:31:00,46,97.75,98.40,99.20,0.00,0.00%,14,7.097,523.44%
NVDA250620C00046500,2025-12-06 15:59:00,46.5,98.50,98.10,98.70,0.00,0.00%,58,1.244,543.36%
NVDA250620C00047000,6/16/2025 3:06 PM,47,98.19,97.55,98.20,0.00,0.00%,5,1.461,532.81%
NVDA250620C00047500,2025-10-06 15:32:00,47.5,96.25,96.90,97.65,0.00,0.00%,6,2.163,503.13%
NVDA250620C00048000,2025-10-06 15:24:00,48,95.95,96.60,97.20,0.00,0.00%,14,2.826,528.91%
NVDA250620C00048500,6/16/2025 1:23 PM,48.5,97.13,96.00,96.70,0.00,0.00%,15,1.432,513.28%
NVDA250620C00049000,6/16/2025 2:08 PM,49,96.24,95.60,96.25,0.00,0.00%,50,2.238,525.00%
NVDA250620C00049500,2025-10-06 15:16:00,49.5,94.65,94.90,95.70,0.00,0.00%,3,2.242,492.19%
NVDA250620C00050000,6/17/2025 1:03 PM,50,94.58,94.45,95.20,-0.07,-0.07%,27,29.808,493.75%
NVDA250620C00050500,2025-10-06 15:34:00,50.5,93.30,94.15,94.80,0.00,0.00%,8,11.422,520.90%
NVDA250620C00051000,2025-10-06 15:34:00,51,92.80,93.55,94.20,0.00,0.00%,9,2.002,496.48%
NVDA250620C00051500,2025-11-06 09:46:00,51.5,92.05,93.05,93.70,0.00,0.00%,2,2.733,492.19%
NVDA250620C00052000,6/13/2025 10:46 AM,52,90.21,92.55,93.20,0.00,0.00%,3,1.198,487.89%
NVDA250620C00052500,2025-10-06 15:31:00,52.5,91.25,92.05,92.70,0.00,0.00%,23,1.276,483.59%
NVDA250620C00053000,6/13/2025 11:06 AM,53,89.60,91.15,92.30,0.00,0.00%,4,919,442.97%
NVDA250620C00053500,2025-10-06 15:24:00,53.5,90.50,90.80,91.70,0.00,0.00%,2,1.5,446.09%
NVDA250620C00054000,6/16/2025 1:48 PM,54,91.32,90.55,91.20,0.00,0.00%,8,1.279,471.09%
NVDA250620C00054500,2025-10-06 15:17:00,54.5,89.60,89.95,90.70,0.00,0.00%,2,12.89,456.25%
NVDA250620C00055000,6/16/2025 3:16 PM,55,89.90,89.55,90.15,0.00,0.00%,150,5.511,457.81%
NVDA250620C00055500,6/13/2025 9:33 AM,55.5,87.93,88.95,89.70,0.00,0.00%,2,1.757,448.44%
NVDA250620C00056000,2025-10-06 15:30:00,56,88.85,88.35,89.25,0.85,0.97%,1,5.051,439.06%
NVDA250620C00056500,2025-10-06 15:32:00,56.5,87.25,87.80,88.70,0.00,0.00%,3,940,423.05%
NVDA250620C00057000,6/17/2025 12:54 PM,57,87.53,87.45,88.35,0.59,0.68%,7,1.146,451.95%
NVDA250620C00057500,2025-10-06 15:32:00,57.5,86.25,87.00,87.70,0.00,0.00%,2,1.032,438.28%
NVDA250620C00058000,6/17/2025 11:58 AM,58,86.72,86.55,87.15,1.77,2.08%,40,3.01,434.38%
NVDA250620C00058500,2025-10-06 15:32:00,58.5,85.25,86.10,86.85,0.00,0.00%,4,1.677,453.32%
NVDA250620C00059000,6/16/2025 11:10 AM,59,87.00,85.45,86.20,0.00,0.00%,4,2.593,421.88%
NVDA250620C00059500,2025-10-06 15:31:00,59.5,84.25,85.00,85.70,0.00,0.00%,2,1.839,423.44%
NVDA250620C00060000,6/17/2025 12:32 PM,60,85.00,84.60,84.90,0.10,0.12%,41,12.429,398.05%
NVDA250620C00060500,2025-10-06 15:22:00,60.5,83.55,83.95,84.65,0.00,0.00%,1,1.757,405.86%
NVDA250620C00061000,6/16/2025 1:35 PM,61,84.49,83.50,84.15,0.00,0.00%,2,4.294,407.42%
NVDA250620C00061500,4/24/2025 11:55 AM,61.5,44.85,69.65,70.45,0.00,0.00%,1,1.519,0.00%
NVDA250620C00062000,6/17/2025 9:30 AM,62,82.46,82.50,83.15,2.36,2.95%,1,4.434,400.39%
NVDA250620C00062500,6/17/2025 12:19 PM,62.5,82.46,82.10,82.80,0.46,0.56%,5,1.202,419.14%
NVDA250620C00063000,6/16/2025 11:07 AM,63,82.80,81.45,82.20,0.00,0.00%,20,17.581,393.36%
NVDA250620C00063500,2025-10-06 15:32:00,63.5,80.25,81.10,81.70,0.00,0.00%,2,3.115,403.52%
NVDA250620C00064000,2025-10-06 15:18:00,64,80.20,80.60,81.20,0.00,0.00%,6,2.501,400.00%
NVDA250620C00064500,6/13/2025 9:48 AM,64.5,78.73,80.10,80.70,0.00,0.00%,1,722,396.68%
NVDA250620C00065000,6/17/2025 12:40 PM,65,79.95,79.55,80.15,0.23,0.29%,22,15.867,384.77%
NVDA250620C00065500,2025-10-06 15:14:00,65.5,78.80,79.00,79.80,0.00,0.00%,1,695,389.84%
NVDA250620C00066000,6/16/2025 9:35 AM,66,77.88,78.50,79.20,0.00,0.00%,10,2.374,377.73%
NVDA250620C00066500,2025-04-06 09:50:00,66.5,74.90,78.10,78.70,0.00,0.00%,2,1.07,383.20%
NVDA250620C00067000,2025-11-06 11:06:00,67,77.55,77.60,78.10,0.00,0.00%,2,3.49,371.48%
NVDA250620C00067500,2025-05-06 09:57:00,67.5,73.49,76.55,77.75,0.00,0.00%,5,607,323.44%
NVDA250620C00068000,6/13/2025 11:58 AM,68,75.12,76.50,77.15,0.00,0.00%,10,2.387,360.55%
NVDA250620C00068500,6/16/2025 2:53 PM,68.5,76.60,75.70,76.70,0.00,0.00%,45,1.189,331.25%
NVDA250620C00069000,6/16/2025 9:34 AM,69,75.11,75.50,76.20,0.00,0.00%,30,1.734,358.59%
NVDA250620C00069500,2025-10-06 15:25:00,69.5,74.50,74.70,75.70,0.00,0.00%,1,1.145,325.39%
NVDA250620C00070000,6/17/2025 12:35 PM,70,75.00,74.60,75.20,0.30,0.40%,650,11.466,360.16%
NVDA250620C00070500,6/16/2025 9:32 AM,70.5,73.48,74.00,74.70,0.00,0.00%,4,1.582,349.02%
NVDA250620C00071000,6/16/2025 3:41 PM,71,73.92,73.45,74.15,0.24,0.33%,15,3.525,337.30%
NVDA250620C00072000,6/17/2025 9:56 AM,72,72.73,72.60,73.20,0.12,0.17%,1,5.83,347.66%
NVDA250620C00073000,6/17/2025 9:56 AM,73,71.73,71.40,72.20,-0.33,-0.46%,1,3.732,325.39%
NVDA250620C00074000,6/17/2025 9:30 AM,74,70.41,70.40,71.20,0.66,0.95%,6,1.763,319.53%
NVDA250620C00075000,6/17/2025 9:31 AM,75,70.05,69.45,70.15,0.35,0.50%,2,7.463,313.67%
NVDA250620C00076000,2025-11-06 14:19:00,76,66.46,68.55,69.25,0.00,0.00%,1,6.644,323.44%
NVDA250620C00077000,6/13/2025 2:26 PM,77,64.97,67.55,68.20,0.00,0.00%,46,5.458,314.06%
NVDA250620C00078000,6/16/2025 3:52 PM,78,66.45,66.60,67.20,0.00,0.00%,118,3.287,311.72%
NVDA250620C00079000,6/17/2025 12:51 PM,79,65.79,65.55,66.20,-0.01,-0.02%,101,1.554,302.73%
NVDA250620C00080000,6/17/2025 9:30 AM,80,64.39,64.55,65.20,-0.21,-0.33%,22,11.183,297.07%
NVDA250620C00081000,6/16/2025 10:19 AM,81,63.61,63.50,64.20,0.00,0.00%,10,2.114,288.09%
NVDA250620C00082000,6/13/2025 3:58 PM,82,59.95,62.55,63.35,0.00,0.00%,1,2.673,295.51%
NVDA250620C00083000,6/16/2025 11:17 AM,83,62.80,61.75,62.20,0.00,0.00%,5,3.317,292.97%
NVDA250620C00084000,6/17/2025 10:51 AM,84,60.60,60.50,61.40,0.49,0.82%,2,2.611,284.57%
NVDA250620C00085000,6/17/2025 1:03 PM,85,59.60,59.40,60.10,0.10,0.17%,10,9.692,252.15%
NVDA250620C00086000,6/17/2025 11:04 AM,86,58.75,58.50,59.20,-0.29,-0.49%,2,3.275,261.72%
NVDA250620C00088000,6/17/2025 12:55 PM,88,56.50,56.65,57.20,-1.19,-2.06%,41,2.813,260.35%
NVDA250620C00090000,6/17/2025 12:50 PM,90,54.77,54.75,55.10,0.12,0.22%,123,88.663,250.20%
NVDA250620C00092000,6/17/2025 1:01 PM,92,52.50,52.50,53.00,-1.55,-2.87%,6,3.026,218.75%
NVDA250620C00093000,6/16/2025 12:21 PM,93,52.97,51.35,52.20,0.00,0.00%,25,3.011,217.58%
NVDA250620C00094000,6/17/2025 12:28 PM,94,51.05,50.55,51.20,0.55,1.09%,2,2.864,225.00%
NVDA250620C00095000,6/17/2025 12:06 PM,95,49.40,49.70,49.95,-0.19,-0.38%,27,23.249,214.45%
NVDA250620C00096000,6/17/2025 11:44 AM,96,48.67,48.85,48.95,0.02,0.04%,2,3.535,217.97%
NVDA250620C00097000,6/17/2025 10:27 AM,97,47.40,47.85,47.95,-1.60,-3.27%,11,1.568,213.28%
NVDA250620C00098000,6/17/2025 10:06 AM,98,46.73,46.80,46.90,-0.57,-1.21%,5,3.228,203.52%
NVDA250620C00099000,6/17/2025 11:03 AM,99,45.58,45.85,45.95,-0.67,-1.45%,5,15.731,203.91%
NVDA250620C00100000,6/17/2025 12:47 PM,100,44.85,44.90,44.95,0.25,0.56%,331,46.319,201.76%
NVDA250620C00101000,6/17/2025 11:29 AM,101,43.63,43.90,43.95,-0.10,-0.23%,11,8.634,197.07%
NVDA250620C00102000,6/17/2025 9:54 AM,102,42.62,42.90,42.95,0.02,0.05%,6,5.226,192.38%
NVDA250620C00103000,6/17/2025 1:10 PM,103,41.85,41.80,41.85,-0.07,-0.17%,14,4.043,178.52%
NVDA250620C00104000,6/17/2025 12:13 PM,104,41.00,40.90,41.00,0.65,1.61%,3,3.776,185.55%
NVDA250620C00105000,6/17/2025 12:32 PM,105,40.05,39.80,39.90,0.35,0.88%,34,23.464,172.27%
NVDA250620C00106000,6/17/2025 11:48 AM,106,38.59,38.90,38.95,-1.21,-3.04%,9,6.305,174.41%
NVDA250620C00107000,6/17/2025 12:00 PM,107,37.90,37.90,37.95,-0.18,-0.47%,53,7.13,170.02%
NVDA250620C00108000,6/16/2025 3:47 PM,108,37.00,36.80,36.90,0.21,0.57%,2,6.684,159.38%
NVDA250620C00109000,6/17/2025 12:14 PM,109,36.06,35.90,36.00,-0.23,-0.63%,26,4.794,163.09%
NVDA250620C00110000,6/17/2025 1:04 PM,110,34.66,34.90,34.95,-0.06,-0.17%,498,52.504,156.84%
NVDA250620C00111000,6/17/2025 12:38 PM,111,34.00,33.85,33.95,0.47,1.40%,3,5.681,150.68%
NVDA250620C00112000,6/17/2025 1:09 PM,112,32.90,32.90,33.00,0.10,0.30%,34,14.388,150.10%
NVDA250620C00113000,6/17/2025 11:39 AM,113,31.40,31.90,31.95,-0.74,-2.30%,10,11.56,144.04%
NVDA250620C00114000,6/16/2025 2:13 PM,114,31.15,30.85,30.95,0.00,0.00%,89,7.574,137.99%
NVDA250620C00115000,6/17/2025 1:14 PM,115,29.90,29.85,29.90,0.35,1.18%,311,52.502,132.03%
NVDA250620C00116000,6/17/2025 1:07 PM,116,28.60,28.90,28.95,-0.25,-0.87%,13,6.272,131.35%
NVDA250620C00117000,6/17/2025 12:37 PM,117,28.11,27.95,28.00,0.36,1.30%,38,13.449,130.27%
NVDA250620C00118000,6/17/2025 1:05 PM,118,26.55,26.85,26.95,-0.09,-0.34%,75,15.092,121.39%
NVDA250620C00119000,6/17/2025 12:57 PM,119,25.59,25.90,25.95,-0.40,-1.54%,31,8.948,118.85%
NVDA250620C00120000,6/17/2025 1:11 PM,120,24.95,24.90,24.95,0.28,1.13%,5.254,58.726,114.75%
NVDA250620C00121000,6/17/2025 12:56 PM,121,23.67,23.95,24.00,-0.18,-0.75%,20,9.847,113.48%
NVDA250620C00122000,6/17/2025 1:13 PM,122,22.99,22.90,22.95,0.29,1.28%,88,9.147,106.45%
NVDA250620C00123000,6/17/2025 1:14 PM,123,21.95,21.90,22.00,-0.04,-0.18%,63,11.742,103.71%
NVDA250620C00124000,6/17/2025 1:08 PM,124,20.84,20.95,21.00,0.24,1.17%,121,7.532,100.88%
NVDA250620C00125000,6/17/2025 1:12 PM,125,20.00,19.95,20.05,0.30,1.52%,282,34.888,97.95%
NVDA250620C00126000,6/17/2025 12:44 PM,126,18.94,18.95,19.00,0.35,1.88%,70,6.938,92.58%
NVDA250620C00127000,6/17/2025 10:37 AM,127,18.08,17.95,18.00,0.33,1.86%,35,5.577,88.48%
NVDA250620C00128000,6/17/2025 1:15 PM,128,16.99,17.00,17.05,0.42,2.53%,58,7.593,86.52%
NVDA250620C00129000,6/17/2025 12:51 PM,129,15.95,15.95,16.00,0.18,1.14%,131,8.418,80.18%
NVDA250620C00130000,6/17/2025 1:14 PM,130,15.03,14.90,15.00,0.18,1.21%,867,88.309,74.90%
NVDA250620C00131000,6/17/2025 1:08 PM,131,13.90,13.95,14.00,0.00,0.00%,33,3.345,71.78%
NVDA250620C00132000,6/17/2025 1:06 PM,132,12.60,12.95,13.05,-0.20,-1.56%,263,12.673,68.56%
NVDA250620C00133000,6/17/2025 1:14 PM,133,12.05,11.95,12.05,0.30,2.55%,87,1.529,64.36%
NVDA250620C00134000,6/17/2025 1:12 PM,134,11.01,11.05,11.10,0.21,1.94%,430,10.784,62.65%
NVDA250620C00135000,6/17/2025 1:13 PM,135,10.10,10.00,10.10,0.30,3.06%,2.216,104.741,57.42%
NVDA250620C00136000,6/17/2025 1:08 PM,136,8.98,9.05,9.10,0.13,1.47%,191,14.461,53.76%
NVDA250620C00137000,6/17/2025 1:01 PM,137,7.63,8.15,8.20,-0.12,-1.55%,142,13.386,52.05%
NVDA250620C00138000,6/17/2025 12:57 PM,138,6.80,7.10,7.20,-0.09,-1.31%,843,17.493,48.00%
NVDA250620C00139000,6/17/2025 1:11 PM,139,6.22,6.15,6.25,0.15,2.47%,305,11.414,44.34%
NVDA250620C00140000,6/17/2025 1:16 PM,140,5.30,5.25,5.30,0.20,3.92%,13.091,90.79,40.43%
NVDA250620C00141000,6/17/2025 1:14 PM,141,4.45,4.40,4.45,0.10,2.30%,6.796,10.12,38.21%
NVDA250620C00142000,6/17/2025 1:15 PM,142,3.60,3.60,3.65,0.02,0.55%,2.237,18.587,36.23%
NVDA250620C00143000,6/17/2025 1:15 PM,143,2.88,2.84,2.86,0.05,1.77%,7.986,24.526,33.57%
NVDA250620C00144000,6/17/2025 1:15 PM,144,2.20,2.19,2.20,0.01,0.45%,22.565,19.138,32.11%
NVDA250620C00145000,6/17/2025 1:16 PM,145,1.55,1.55,1.56,-0.11,-6.59%,81.735,119.26,29.69%
NVDA250620C00146000,6/17/2025 1:15 PM,146,1.12,1.11,1.12,-0.08,-6.67%,29.938,72.89,29.10%
NVDA250620C00147000,6/17/2025 1:15 PM,147,0.75,0.74,0.75,-0.10,-11.76%,25.382,32.087,28.17%
NVDA250620C00148000,6/17/2025 1:15 PM,148,0.48,0.47,0.48,-0.12,-20.00%,17.471,47.415,27.49%
NVDA250620C00149000,6/17/2025 1:14 PM,149,0.30,0.30,0.31,-0.11,-26.83%,10.103,42.308,27.44%
NVDA250620C00150000,6/17/2025 1:15 PM,150,0.20,0.19,0.20,-0.07,-25.93%,47.458,191.161,27.69%
NVDA250620C00151000,6/17/2025 1:15 PM,151,0.13,0.12,0.13,-0.05,-29.41%,4.237,35.326,28.13%
NVDA250620C00152000,6/17/2025 1:10 PM,152,0.09,0.08,0.09,-0.04,-30.77%,7.14,19.567,29.00%
NVDA250620C00152500,6/17/2025 1:07 PM,152.5,0.08,0.07,0.08,-0.03,-27.27%,2.723,17.911,29.88%
NVDA250620C00153000,6/17/2025 1:04 PM,153,0.07,0.06,0.07,-0.02,-22.22%,3.434,19.421,30.47%
NVDA250620C00154000,6/17/2025 1:03 PM,154,0.05,0.05,0.06,-0.01,-16.67%,1.182,28.064,32.42%
NVDA250620C00155000,6/17/2025 1:09 PM,155,0.04,0.04,0.05,-0.01,-16.67%,5.859,49.247,33.99%
NVDA250620C00156000,6/17/2025 12:56 PM,156,0.03,0.03,0.04,-0.01,-25.00%,5.598,12.309,35.55%
NVDA250620C00157000,6/17/2025 1:16 PM,157,0.02,0.02,0.03,-0.01,-25.00%,982,7.767,36.33%
NVDA250620C00157500,6/17/2025 12:51 PM,157.5,0.02,0.02,0.03,-0.01,-33.33%,536,3.616,37.50%
NVDA250620C00158000,6/17/2025 1:04 PM,158,0.02,0.01,0.02,-0.01,-33.33%,4.591,8.038,36.72%
NVDA250620C00159000,6/17/2025 1:14 PM,159,0.02,0.01,0.02,0.00,0.00%,238,6.131,39.06%
NVDA250620C00160000,6/17/2025 1:11 PM,160,0.01,0.01,0.02,-0.01,-50.00%,962,115.785,41.41%
NVDA250620C00161000,6/17/2025 1:06 PM,161,0.01,0.01,0.02,-0.01,-50.00%,1.288,13.155,43.36%
NVDA250620C00162000,6/17/2025 12:37 PM,162,0.01,0.00,0.01,0.00,0.00%,621,5.699,42.19%
NVDA250620C00162500,6/17/2025 10:49 AM,162.5,0.01,0.00,0.01,0.00,0.00%,273,11.06,42.97%
NVDA250620C00163000,6/17/2025 12:31 PM,163,0.01,0.00,0.01,0.00,0.00%,195,12.002,43.75%
NVDA250620C00164000,6/17/2025 11:40 AM,164,0.01,0.00,0.01,0.00,0.00%,102,12.134,46.09%
NVDA250620C00165000,6/17/2025 12:43 PM,165,0.01,0.00,0.01,0.00,0.00%,322,35.684,48.44%
NVDA250620C00166000,6/17/2025 12:51 PM,166,0.01,0.00,0.01,0.00,0.00%,94,5.185,50.00%
NVDA250620C00167000,6/16/2025 11:24 AM,167,0.01,0.00,0.01,0.00,0.00%,205,8.529,51.56%
NVDA250620C00167500,6/16/2025 10:12 AM,167.5,0.01,0.00,0.01,0.00,0.00%,3,21,50.00%
NVDA250620C00168000,6/16/2025 9:30 AM,168,0.01,0.00,0.01,0.00,0.00%,5,6.401,50.00%
NVDA250620C00169000,6/16/2025 11:08 AM,169,0.01,0.00,0.01,0.00,0.00%,7,13.762,51.56%
NVDA250620C00170000,6/16/2025 1:26 PM,170,0.01,0.00,0.01,0.00,0.00%,1,35.38,53.13%
NVDA250620C00171000,6/16/2025 12:34 PM,171,0.01,0.00,0.01,0.00,0.00%,6,6.488,56.25%
NVDA250620C00172000,6/16/2025 11:13 AM,172,0.01,0.00,0.01,0.00,0.00%,1,2.702,56.25%
NVDA250620C00173000,6/17/2025 9:55 AM,173,0.01,0.00,0.01,0.00,0.00%,3,1.847,59.38%
NVDA250620C00174000,6/13/2025 11:30 AM,174,0.01,0.00,0.01,0.00,0.00%,157,3.065,60.94%
NVDA250620C00175000,6/17/2025 10:50 AM,175,0.01,0.00,0.01,0.00,0.00%,3,21.927,62.50%
NVDA250620C00176000,6/16/2025 9:30 AM,176,0.01,0.00,0.01,0.00,0.00%,5,3.487,64.06%
NVDA250620C00177000,6/16/2025 9:30 AM,177,0.01,0.00,0.01,0.00,0.00%,2,2.464,65.63%
NVDA250620C00178000,6/16/2025 9:30 AM,178,0.01,0.00,0.01,0.00,0.00%,2,7.905,67.19%
NVDA250620C00179000,2025-11-06 14:15:00,179,0.01,0.00,0.01,0.00,0.00%,29,1.743,68.75%
NVDA250620C00180000,6/17/2025 12:58 PM,180,0.01,0.00,0.01,0.00,0.00%,9,33.216,70.31%
NVDA250620C00181000,2025-10-06 09:59:00,181,0.01,0.00,0.01,0.00,0.00%,407,5.284,71.88%
NVDA250620C00182000,2025-11-06 11:02:00,182,0.01,0.00,0.01,0.00,0.00%,1,3.736,73.44%
NVDA250620C00183000,6/16/2025 12:23 PM,183,0.01,0.00,0.01,0.00,0.00%,21,1.103,75.00%
NVDA250620C00184000,2025-10-06 09:32:00,184,0.01,0.00,0.01,0.00,0.00%,79,883,78.13%
NVDA250620C00185000,6/16/2025 10:43 AM,185,0.01,0.00,0.01,0.00,0.00%,2,13.734,78.13%
NVDA250620C00186000,2025-12-06 11:12:00,186,0.01,0.00,0.01,0.00,0.00%,100,4.282,81.25%
NVDA250620C00187000,2025-10-06 09:30:00,187,0.01,0.00,0.01,0.00,0.00%,2,2.412,81.25%
NVDA250620C00188000,2025-12-06 15:15:00,188,0.01,0.00,0.01,0.00,0.00%,6,2.14,84.38%
NVDA250620C00189000,6/16/2025 9:39 AM,189,0.01,0.00,0.01,0.00,0.00%,2,4.004,84.38%
NVDA250620C00190000,6/17/2025 12:43 PM,190,0.02,0.00,0.01,0.01,100.00%,81,18.216,85.94%
NVDA250620C00191000,2025-03-06 11:03:00,191,0.01,0.00,0.01,0.00,0.00%,3,1.992,87.50%
NVDA250620C00192000,2025-10-06 15:47:00,192,0.01,0.00,0.01,0.00,0.00%,4,6.836,87.50%
NVDA250620C00193000,2025-06-06 09:45:00,193,0.01,0.00,0.01,0.00,0.00%,1,8.724,90.63%
NVDA250620C00194000,2025-06-06 14:26:00,194,0.01,0.00,0.01,0.00,0.00%,3,8.792,90.63%
NVDA250620C00195000,6/13/2025 11:17 AM,195,0.01,0.00,0.01,0.00,0.00%,215,6.538,93.75%
NVDA250620C00200000,6/16/2025 2:56 PM,200,0.01,0.00,0.01,0.00,0.00%,51,35.263,100.00%
NVDA250620C00205000,2025-06-06 11:24:00,205,0.01,0.00,0.01,0.00,0.00%,10,3.33,106.25%
NVDA250620C00210000,6/16/2025 1:44 PM,210,0.01,0.00,0.01,0.00,0.00%,1,6.712,112.50%
NVDA250620C00212000,5/30/2025 3:45 PM,212,0.01,0.00,0.01,0.00,0.00%,1.542,3.191,115.63%
NVDA250620C00213000,2025-04-06 09:40:00,213,0.01,0.00,0.01,0.00,0.00%,300,1.365,118.75%
NVDA250620C00214000,2025-06-06 14:19:00,214,0.01,0.00,0.01,0.00,0.00%,1,403,118.75%
NVDA250620C00215000,2025-02-06 10:31:00,215,0.01,0.00,0.01,0.00,0.00%,1,1.595,118.75%
NVDA250620C00216000,5/29/2025 12:32 PM,216,0.02,0.00,0.01,0.00,0.00%,5,807,121.88%
NVDA250620C00217000,2025-10-06 12:53:00,217,0.01,0.00,0.01,0.00,0.00%,1,1.527,121.88%
NVDA250620C00218000,5/29/2025 11:03 AM,218,0.02,0.00,0.01,0.00,0.00%,31,1.09,125.00%
NVDA250620C00219000,5/27/2025 1:03 PM,219,0.03,0.00,0.01,0.00,0.00%,1,454,125.00%
NVDA250620C00220000,2025-11-06 15:19:00,220,0.01,0.00,0.01,0.00,0.00%,1,12.485,125.00%
NVDA250620C00221000,6/16/2025 9:30 AM,221,0.01,0.00,0.01,0.00,0.00%,1,727,128.13%
NVDA250620C00222000,6/13/2025 3:56 PM,222,0.01,0.00,0.01,0.00,0.00%,14,898,131.25%
NVDA250620C00223000,2025-02-06 14:39:00,223,0.01,0.00,0.01,0.00,0.00%,6,1.659,131.25%
NVDA250620C00224000,2025-02-05 15:50:00,224,0.05,0.00,0.08,0.00,0.00%,3,332,159.38%
NVDA250620C00225000,2025-05-06 12:26:00,225,0.01,0.00,0.01,0.00,0.00%,10,2.931,131.25%
NVDA250620C00226000,5/28/2025 3:59 PM,226,0.04,0.00,0.01,0.00,0.00%,1,1.028,134.38%
NVDA250620C00227000,2025-10-06 09:30:00,227,0.01,0.00,0.01,0.00,0.00%,10,1.71,134.38%
NVDA250620C00228000,5/16/2025 3:09 PM,228,0.05,0.00,0.01,0.00,0.00%,274,2,137.50%
NVDA250620C00230000,6/16/2025 9:43 AM,230,0.01,0.00,0.01,0.00,0.00%,3,5.453,137.50%
NVDA250620C00235000,2025-11-06 09:30:00,235,0.01,0.00,0.01,0.00,0.00%,25,25,143.75%
NVDA250620C00240000,2025-04-06 09:30:00,240,0.01,0.00,0.01,0.00,0.00%,1,2.888,150.00%
NVDA250620C00245000,6/13/2025 9:30 AM,245,0.01,0.00,0.01,0.00,0.00%,7,7.428,156.25%
NVDA250620C00250000,6/17/2025 12:17 PM,250,0.01,0.00,0.01,0.00,0.00%,1,24.843,162.50%
NVDA250620C00255000,2025-02-06 10:25:00,255,0.01,0.00,0.01,0.00,0.00%,1,5.982,168.75%
NVDA250620C00260000,6/16/2025 9:30 AM,260,0.01,0.00,0.01,0.00,0.00%,50,33.306,171.88%
NVDA250620C00265000,6/13/2025 3:06 PM,265,0.01,0.00,0.01,0.00,0.00%,10,19.487,175.00%
NVDA250620C00270000,6/16/2025 10:59 AM,270,0.01,0.00,0.01,0.00,0.00%,1,15.203,181.25%
NVDA250620C00275000,5/29/2025 1:04 PM,275,0.01,0.00,0.01,0.00,0.00%,2,24.098,187.50%
NVDA250620C00280000,6/16/2025 12:46 PM,280,0.01,0.00,0.01,0.00,0.00%,1,34.235,193.75%
NVDA250620C00285000,5/23/2024 9:30 AM,285,757.75,935.10,950.85,0.00,0.00%,3,64,0.00%
NVDA250620C00290000,6/13/2025 3:57 PM,290,0.01,0.00,0.01,0.00,0.00%,7,25.206,200.00%
NVDA250620C00295000,2024-01-04 14:47:00,295,631.49,577.95,585.75,0.00,0.00%,1,215,0.00%
NVDA250620C00300000,6/16/2025 12:30 PM,300,0.01,0.00,0.01,0.00,0.00%,3,7.486,206.25%
NVDA250620C00305000,4/19/2024 2:38 PM,305,497.17,637.95,646.00,0.00,0.00%,4,147,0.00%
NVDA250620C00310000,2024-05-06 12:03:00,310,910.11,912.70,927.25,0.00,0.00%,1,128,0.00%
NVDA250620C00315000,2024-07-06 14:55:00,315,914.00,907.70,922.60,157.00,20.74%,1,181,0.00%
NVDA250620C00320000,2024-01-04 14:37:00,320,607.95,555.65,563.65,0.00,0.00%,3,160,0.00%
NVDA250620C00325000,5/15/2024 10:24 AM,325,632.82,898.20,913.25,0.00,0.00%,1,85,0.00%
NVDA250620C00330000,5/24/2024 1:36 PM,330,741.65,893.80,908.20,0.00,0.00%,5,334,0.00%
NVDA250620C00335000,5/29/2024 1:05 PM,335,834.28,889.00,903.15,0.00,0.00%,2,119,0.00%
NVDA250620C00340000,5/23/2024 9:44 AM,340,721.45,885.00,898.20,0.00,0.00%,1,201,0.00%
NVDA250620C00345000,4/23/2024 10:16 AM,345,499.67,0.00,0.00,0.00,0.00%,4,0,100.00%
NVDA250620C00350000,2024-05-06 11:22:00,350,872.34,876.55,888.20,0.00,0.00%,1,240,0.00%
NVDA250620C00355000,2024-06-06 15:27:00,355,867.21,871.85,884.20,0.00,0.00%,22,78,0.00%
NVDA250620C00360000,2024-06-06 15:27:00,360,862.59,866.85,879.80,0.00,0.00%,22,331,0.00%
NVDA250620C00365000,2024-06-06 15:29:00,365,862.36,861.85,875.00,0.00,0.00%,11,60,0.00%
NVDA250620C00370000,2024-06-06 15:29:00,370,857.76,857.00,870.05,0.00,0.00%,11,246,0.00%
NVDA250620C00375000,2024-06-06 09:47:00,375,880.00,853.60,865.70,0.00,0.00%,1,271,0.00%
NVDA250620C00380000,2024-06-06 09:34:00,380,893.87,848.60,861.40,0.00,0.00%,2,421,0.00%
NVDA250620C00385000,2024-05-06 11:28:00,385,839.13,843.60,856.60,0.00,0.00%,10,318,0.00%
NVDA250620C00390000,2024-07-06 15:32:00,390,849.45,838.65,851.80,15.47,1.85%,3,137,0.00%
NVDA250620C00395000,2024-05-06 11:28:00,395,829.52,835.30,847.35,0.00,0.00%,3,189,0.00%
NVDA250620C00400000,2024-07-06 15:49:00,400,836.00,830.40,843.25,-0.46,-0.05%,5,1.481,0.00%
NVDA250620C00405000,5/28/2024 10:11 AM,405,739.17,825.40,838.50,0.00,0.00%,1,181,0.00%
NVDA250620C00410000,2024-03-06 12:58:00,410,752.15,820.40,833.90,0.00,0.00%,1,191,0.00%
NVDA250620C00415000,5/29/2024 3:56 PM,415,761.75,815.75,829.50,0.00,0.00%,4,129,0.00%
NVDA250620C00420000,5/29/2024 3:56 PM,420,757.00,812.45,825.05,0.00,0.00%,4,66,0.00%
NVDA250620C00425000,2024-05-06 15:04:00,425,823.79,808.55,820.10,0.00,0.00%,2,208,0.00%
NVDA250620C00430000,2024-07-06 11:48:00,430,793.39,803.85,815.40,153.39,23.97%,3,348,0.00%
NVDA250620C00435000,5/31/2024 10:32 AM,435,688.93,798.85,810.55,0.00,0.00%,1,65,0.00%
NVDA250620C00440000,5/22/2024 3:48 PM,440,542.50,795.05,806.20,0.00,0.00%,1,559,0.00%
NVDA250620C00445000,2024-07-06 11:48:00,445,779.67,790.30,801.60,45.88,6.25%,3,121,0.00%
NVDA250620C00450000,2024-06-06 09:44:00,450,829.12,785.35,797.25,0.00,0.00%,20,927,0.00%
NVDA250620C00455000,2024-03-06 11:59:00,455,720.10,781.20,792.25,0.00,0.00%,3,706,0.00%
NVDA250620C00460000,2024-07-06 10:44:00,460,765.12,776.55,787.50,-12.10,-1.56%,3,753,0.00%
NVDA250620C00465000,2024-05-06 10:01:00,465,761.50,772.40,783.85,0.00,0.00%,10,176,0.00%
NVDA250620C00470000,2024-06-06 13:33:00,470,763.02,767.40,778.90,0.00,0.00%,1,159,0.00%
NVDA250620C00475000,5/23/2024 9:45 AM,475,596.90,761.55,774.15,0.00,0.00%,1,224,0.00%
NVDA250620C00480000,2024-05-06 10:31:00,480,753.50,758.45,769.40,0.00,0.00%,20,380,0.00%
NVDA250620C00485000,2024-03-06 13:36:00,485,689.42,754.05,764.75,0.00,0.00%,7,151,0.00%
NVDA250620C00490000,5/24/2024 10:35 AM,490,590.58,747.55,760.90,0.00,0.00%,20,295,0.00%
NVDA250620C00495000,2024-04-06 10:50:00,495,691.04,745.20,756.45,0.00,0.00%,1,327,0.00%
NVDA250620C00500000,2024-07-06 10:39:00,500,730.00,740.20,752.65,-6.02,-0.82%,5,997,0.00%
NVDA250620C00505000,2024-06-06 12:21:00,505,733.00,735.20,747.85,0.00,0.00%,24,1.188,0.00%
NVDA250620C00510000,5/24/2024 10:09 AM,510,567.98,729.65,742.85,0.00,0.00%,4,218,0.00%
NVDA250620C00515000,2024-05-06 14:24:00,515,735.98,727.35,737.90,0.00,0.00%,38,272,0.00%
NVDA250620C00520000,2024-07-06 10:51:00,520,714.02,722.90,734.85,-2.77,-0.39%,7,158,0.00%
NVDA250620C00525000,5/28/2024 12:11 PM,525,646.85,718.35,730.30,0.00,0.00%,4,137,0.00%
NVDA250620C00530000,2024-07-06 10:51:00,530,705.11,714.00,725.30,34.29,5.11%,7,118,0.00%
NVDA250620C00535000,5/24/2024 10:35 AM,535,551.98,709.60,720.40,0.00,0.00%,21,158,0.00%
NVDA250620C00540000,2024-06-06 09:58:00,540,698.50,705.50,715.75,0.00,0.00%,1,141,0.00%
NVDA250620C00545000,5/23/2024 11:46 AM,545,549.12,700.60,711.55,0.00,0.00%,2,1.252,0.00%
NVDA250620C00550000,2024-07-06 15:28:00,550,696.30,697.60,706.55,-12.66,-1.79%,4,641,0.00%
NVDA250620C00555000,2024-04-06 13:51:00,555,639.15,692.70,703.25,0.00,0.00%,1,180,0.00%
NVDA250620C00560000,2024-04-06 14:43:00,560,644.65,688.45,698.80,0.00,0.00%,10,507,0.00%
NVDA250620C00565000,5/29/2024 2:48 PM,565,633.60,683.60,694.60,0.00,0.00%,3,104,0.00%
NVDA250620C00570000,2024-05-06 15:04:00,570,692.10,679.30,690.10,0.00,0.00%,15,134,0.00%
NVDA250620C00575000,5/22/2024 9:51 AM,575,431.49,675.10,686.00,0.00,0.00%,2,116,0.00%
NVDA250620C00580000,5/23/2024 3:55 PM,580,508.80,670.50,681.10,0.00,0.00%,3,333,0.00%
NVDA250620C00585000,2024-08-05 10:23:00,585,393.95,666.40,676.15,0.00,0.00%,1,176,0.00%
NVDA250620C00590000,2024-07-06 09:46:00,590,651.10,662.35,671.30,232.39,55.50%,1,289,0.00%
NVDA250620C00595000,2024-06-06 09:46:00,595,688.22,657.55,668.95,0.00,0.00%,1,199,0.00%
NVDA250620C00600000,2024-06-06 15:11:00,600,653.72,652.60,664.50,0.00,0.00%,12,1.554,0.00%
NVDA250620C00605000,5/28/2024 9:42 AM,605,563.96,649.10,659.55,0.00,0.00%,10,166,0.00%
NVDA250620C00610000,5/28/2024 12:25 PM,610,571.05,644.90,655.50,0.00,0.00%,1,434,0.00%
NVDA250620C00615000,5/29/2024 10:45 AM,615,583.45,640.65,650.75,0.00,0.00%,1,176,0.00%
NVDA250620C00620000,2024-07-06 15:40:00,620,642.00,636.40,646.85,8.00,1.26%,1,411,0.00%
NVDA250620C00625000,2024-07-06 14:11:00,625,632.53,632.20,642.60,5.73,0.91%,2,244,0.00%
NVDA250620C00630000,2024-07-06 12:19:00,630,630.80,627.20,638.30,7.22,1.16%,2,1.763,0.00%
NVDA250620C00635000,2024-06-06 12:18:00,635,618.00,624.25,633.30,0.00,0.00%,1,291,0.00%
NVDA250620C00640000,2024-07-06 12:51:00,640,620.69,620.55,628.35,105.19,20.41%,3,302,0.00%
NVDA250620C00645000,2024-07-06 12:51:00,645,616.46,616.20,624.70,50.28,8.88%,3,96,0.00%
NVDA250620C00650000,2024-06-06 15:57:00,650,614.45,611.50,620.80,0.00,0.00%,1,1.188,0.00%
NVDA250620C00655000,5/14/2024 9:43 AM,655,335.00,607.95,616.15,0.00,0.00%,1,87,0.00%
NVDA250620C00660000,2024-07-06 14:00:00,660,608.64,603.50,612.40,69.89,12.97%,3,237,0.00%
NVDA250620C00665000,5/28/2024 2:04 PM,665,536.18,599.80,608.25,0.00,0.00%,5,134,0.00%
NVDA250620C00670000,2024-07-06 15:45:00,670,601.57,595.60,604.10,-14.43,-2.34%,2,369,0.00%
NVDA250620C00675000,5/31/2024 10:47 AM,675,486.35,590.60,599.80,0.00,0.00%,2,73,0.00%
NVDA250620C00680000,2024-07-06 14:11:00,680,587.35,587.50,596.30,58.37,11.03%,1,266,0.00%
NVDA250620C00685000,2024-07-06 14:08:00,685,583.71,583.50,592.00,-8.73,-1.47%,1,144,0.00%
NVDA250620C00690000,5/29/2024 11:32 AM,690,514.90,579.25,587.50,0.00,0.00%,3,239,0.00%
NVDA250620C00695000,2024-04-06 15:27:00,695,535.11,574.25,583.35,0.00,0.00%,1,96,0.00%
NVDA250620C00700000,2024-07-06 13:31:00,700,580.00,570.85,578.80,2.10,0.36%,8,2.114,0.00%
NVDA250620C00705000,5/31/2024 10:34 AM,705,459.00,567.20,575.80,0.00,0.00%,1,133,0.00%
NVDA250620C00710000,2024-07-06 14:45:00,710,565.36,562.20,571.40,-10.89,-1.89%,1,358,0.00%
NVDA250620C00720000,2024-06-06 09:56:00,720,552.36,555.25,563.75,0.00,0.00%,1,709,0.00%
NVDA250620C00730000,2024-05-06 11:06:00,730,542.99,547.45,555.85,0.00,0.00%,2,453,0.00%
NVDA250620C00740000,2024-04-06 14:17:00,740,496.10,539.90,547.60,0.00,0.00%,1,204,0.00%
NVDA250620C00750000,2024-07-06 14:54:00,750,534.69,532.80,540.00,6.69,1.27%,3,801,0.00%
NVDA250620C00760000,2024-07-06 11:09:00,760,511.44,522.95,533.10,-54.38,-9.61%,2,726,0.00%
NVDA250620C00770000,2024-06-06 09:53:00,770,530.00,516.95,525.55,0.00,0.00%,2,591,0.00%
NVDA250620C00780000,2024-05-06 14:47:00,780,521.40,509.55,517.70,0.00,0.00%,40,482,0.00%
NVDA250620C00790000,2024-06-06 13:33:00,790,499.10,501.95,508.85,0.00,0.00%,68,182,0.00%
NVDA250620C00800000,2024-07-06 14:14:00,800,490.00,496.40,501.35,0.26,0.05%,19,1.218,0.00%
NVDA250620C00810000,2024-03-06 09:38:00,810,435.20,487.35,495.30,0.00,0.00%,1,234,0.00%
NVDA250620C00820000,2024-06-06 09:58:00,820,468.25,480.10,488.30,0.00,0.00%,2,272,0.00%
NVDA250620C00830000,2024-05-06 15:20:00,830,488.30,473.75,480.95,0.00,0.00%,2,385,0.00%
NVDA250620C00840000,2024-07-06 10:00:00,840,457.05,466.80,473.40,1.50,0.33%,1,327,0.00%
NVDA250620C00850000,2024-07-06 15:41:00,850,463.73,460.40,465.40,-4.27,-0.91%,15,1.09,0.00%
NVDA250620C00860000,2024-07-06 15:41:00,860,456.57,453.25,459.10,5.92,1.31%,5,246,0.00%
NVDA250620C00880000,2024-06-06 12:54:00,880,427.40,439.35,444.70,0.00,0.00%,2,265,0.00%
NVDA250620C00900000,2024-07-06 14:58:00,900,427.88,426.40,431.35,0.87,0.20%,13,1.299,0.00%
NVDA250620C00920000,2024-07-06 14:58:00,920,414.88,412.75,419.20,-3.35,-0.80%,23,306,0.00%
NVDA250620C00930000,2024-07-06 15:42:00,930,412.00,406.20,412.75,9.96,2.48%,3,214,0.00%
NVDA250620C00940000,2024-07-06 11:38:00,940,390.62,400.25,406.30,-3.58,-0.91%,1,134,0.00%
NVDA250620C00950000,2024-07-06 11:29:00,950,383.10,394.25,399.80,-17.20,-4.30%,35,504,0.00%
NVDA250620C00960000,2024-07-06 15:44:00,960,389.80,387.30,394.00,10.15,2.67%,48,172,0.00%
NVDA250620C00970000,2024-05-06 13:25:00,970,382.00,381.35,387.70,0.00,0.00%,4,110,0.00%
NVDA250620C00980000,2024-07-06 14:12:00,980,373.23,375.40,382.05,-2.02,-0.54%,1,99,0.00%
NVDA250620C00990000,2024-07-06 15:40:00,990,372.43,369.35,376.90,1.95,0.53%,1,318,0.00%
NVDA250620C01000000,2024-07-06 15:59:00,1000,366.00,363.95,369.20,-4.00,-1.08%,72,1.682,0.00%
NVDA250620C01010000,2024-07-06 14:44:00,1010,358.85,357.65,364.25,9.11,2.60%,2,779,0.00%
NVDA250620C01020000,2024-06-06 11:14:00,1020,354.50,353.80,356.05,0.00,0.00%,6,561,0.00%
NVDA250620C01030000,2024-06-06 12:18:00,1030,342.60,348.30,351.40,0.00,0.00%,4,89,0.00%
NVDA250620C01040000,2024-06-06 13:37:00,1040,341.95,342.50,344.80,0.00,0.00%,50,347,0.00%
NVDA250620C01050000,2024-07-06 12:56:00,1050,340.42,337.15,339.80,8.51,2.56%,1,650,0.00%
NVDA250620C01060000,2024-07-06 14:14:00,1060,325.30,331.55,333.90,0.85,0.26%,1,142,0.00%
NVDA250620C01070000,2024-06-06 11:37:00,1070,324.95,326.20,328.50,0.00,0.00%,3,415,0.00%
NVDA250620C01080000,2024-07-06 13:21:00,1080,329.03,320.90,323.15,2.89,0.89%,36,521,0.00%
NVDA250620C01090000,2024-07-06 11:34:00,1090,307.77,315.85,318.00,-18.68,-5.72%,42,292,0.00%
NVDA250620C01100000,2024-07-06 15:58:00,1100,311.90,310.55,313.40,6.95,2.28%,35,1.732,0.00%
NVDA250620C01110000,2024-06-06 14:34:00,1110,302.00,305.60,307.80,0.00,0.00%,9,286,0.00%
NVDA250620C01120000,2024-07-06 15:56:00,1120,301.40,300.40,302.75,0.60,0.20%,1,196,0.00%
NVDA250620C01130000,2024-07-06 13:21:00,1130,303.16,295.70,297.85,1.41,0.47%,31,211,0.00%
NVDA250620C01140000,2024-07-06 14:07:00,1140,291.03,290.65,293.95,0.44,0.15%,3,166,0.00%
NVDA250620C01150000,2024-07-06 15:45:00,1150,289.50,286.05,288.00,8.68,3.09%,15,349,0.00%
NVDA250620C01160000,2024-07-06 15:39:00,1160,282.86,281.30,284.45,-1.09,-0.38%,3,209,0.00%
NVDA250620C01170000,2024-07-06 15:43:00,1170,280.65,276.45,279.40,-0.62,-0.22%,2,192,0.00%
NVDA250620C01180000,2024-07-06 15:48:00,1180,274.13,272.00,274.25,4.31,1.60%,10,109,0.00%
NVDA250620C01190000,2024-07-06 15:51:00,1190,268.88,267.35,269.65,5.88,2.24%,20,491,0.00%
NVDA250620C01200000,2024-07-06 15:51:00,1200,264.00,263.00,265.80,-3.60,-1.35%,113,1.887,0.00%
NVDA250620C01210000,2024-07-06 15:59:00,1210,260.90,258.70,260.90,3.10,1.20%,14,219,0.00%
NVDA250620C01220000,2024-07-06 15:51:00,1220,255.87,254.20,256.65,-2.67,-1.03%,30,159,0.00%
NVDA250620C01230000,2024-07-06 15:10:00,1230,251.42,249.95,252.35,-8.70,-3.34%,2,590,0.00%
NVDA250620C01240000,2024-07-06 14:43:00,1240,246.50,245.80,248.15,-2.35,-0.94%,7,97,0.00%
NVDA250620C01250000,2024-07-06 14:49:00,1250,241.40,241.85,243.85,-4.45,-1.81%,19,375,0.00%
NVDA250620C01260000,2024-07-06 15:51:00,1260,239.06,237.60,240.05,-2.71,-1.12%,8,146,0.00%
NVDA250620C01270000,2024-07-06 15:12:00,1270,235.00,233.65,236.05,-24.29,-9.37%,14,52,0.00%
NVDA250620C01280000,2024-07-06 15:38:00,1280,231.50,229.65,232.00,-3.50,-1.49%,6,94,0.00%
NVDA250620C01290000,2024-06-06 14:40:00,1290,223.92,225.85,228.25,0.00,0.00%,14,238,0.00%
NVDA250620C01300000,2024-07-06 15:13:00,1300,221.50,222.25,224.35,-5.55,-2.44%,42,966,0.00%
NVDA250620C01320000,2024-07-06 10:23:00,1320,206.75,214.70,217.00,-7.31,-3.41%,2,201,0.00%
NVDA250620C01340000,2024-07-06 13:29:00,1340,210.44,207.35,209.75,6.01,2.94%,6,186,0.00%
NVDA250620C01360000,2024-07-06 15:54:00,1360,200.50,200.45,202.85,0.40,0.20%,3,278,0.00%
NVDA250620C01370000,2024-06-06 15:17:00,1370,196.75,197.20,199.50,0.00,0.00%,89,550,0.00%
NVDA250620C01380000,2024-05-06 13:33:00,1380,196.40,193.70,196.15,0.00,0.00%,3,183,0.00%
NVDA250620C01390000,2024-06-06 09:37:00,1390,222.00,190.55,192.90,0.00,0.00%,1,580,0.00%
NVDA250620C01400000,2024-07-06 15:51:00,1400,188.75,187.50,190.25,2.10,1.13%,43,629,0.00%
NVDA250620C01410000,2024-06-06 12:49:00,1410,178.00,184.05,186.50,0.00,0.00%,14,82,0.00%
NVDA250620C01420000,2024-07-06 11:38:00,1420,176.50,181.40,183.30,-2.80,-1.56%,8,37,0.00%
NVDA250620C01430000,2024-06-06 15:49:00,1430,181.75,178.25,180.30,0.00,0.00%,4,30,0.00%
NVDA250620C01440000,2024-06-06 14:59:00,1440,175.08,175.35,177.30,0.00,0.00%,1,64,0.00%
NVDA250620C01450000,2024-07-06 15:51:00,1450,173.37,172.45,174.55,-5.76,-3.22%,1,152,0.00%
NVDA250620C01460000,2024-05-06 09:53:00,1460,162.88,169.50,171.40,0.00,0.00%,1,43,0.00%
NVDA250620C01470000,2024-07-06 09:50:00,1470,164.45,166.60,168.45,68.25,70.95%,1,11,0.00%
NVDA250620C01480000,2024-07-06 14:40:00,1480,163.44,163.75,165.85,-1.38,-0.84%,3,533,0.00%
NVDA250620C01490000,2024-07-06 11:57:00,1490,156.40,161.00,163.30,-5.62,-3.47%,1,17,0.00%
NVDA250620C01500000,2024-07-06 15:52:00,1500,158.00,158.30,160.35,-5.00,-3.07%,43,1.486,0.00%
NVDA250620C01510000,2024-07-06 15:52:00,1510,156.00,155.60,157.55,3.42,2.24%,2,42,0.00%
NVDA250620C01520000,2024-07-06 15:00:00,1520,153.60,152.95,154.85,34.54,29.01%,1,19,0.00%
NVDA250620C01530000,2024-07-06 09:51:00,1530,148.85,150.40,152.65,-3.05,-2.01%,1,17,0.00%
NVDA250620C01540000,2024-06-06 11:29:00,1540,149.65,147.85,149.65,0.00,0.00%,1,103,0.00%
NVDA250620C01550000,2024-06-06 14:27:00,1550,143.43,145.45,147.50,0.00,0.00%,5,95,0.00%
NVDA250620C01560000,2024-07-06 13:56:00,1560,147.17,142.90,144.70,5.67,4.01%,2,160,"6,032.81%"
NVDA250620C01570000,2024-07-06 14:09:00,1570,140.10,140.45,142.75,84.30,151.07%,2,58,"5,188.28%"
NVDA250620C01580000,2024-07-06 13:05:00,1580,142.85,138.10,140.40,4.85,3.51%,1,76,"4,795.90%"
NVDA250620C01590000,5/28/2024 11:01 AM,1590,100.00,135.80,138.00,0.00,0.00%,6,13,"4,536.91%"
NVDA250620C01600000,2024-07-06 15:45:00,1600,135.90,133.60,135.40,1.02,0.76%,44,265,"4,336.33%"
NVDA250620C01610000,2024-06-06 14:28:00,1610,129.67,131.20,133.50,0.00,0.00%,7,32,"4,189.36%"
NVDA250620C01620000,2024-06-06 09:36:00,1620,153.00,129.05,130.85,0.00,0.00%,1,282,"4,049.22%"
NVDA250620C01630000,2024-06-06 13:02:00,1630,124.55,126.80,129.05,0.00,0.00%,4,33,"3,945.61%"
NVDA250620C01640000,2024-07-06 15:55:00,1640,125.82,124.45,126.85,5.60,4.66%,6,835,"3,840.92%"
NVDA250620C01650000,2024-07-06 13:10:00,1650,126.67,122.70,124.75,8.04,6.78%,12,188,"3,760.55%"
NVDA250620C01660000,5/29/2024 2:50 PM,1660,101.56,120.50,122.80,0.00,0.00%,3,41,"3,680.23%"
NVDA250620C01670000,2024-06-06 11:30:00,1670,119.25,118.50,120.70,0.00,0.00%,1,93,"3,606.49%"
NVDA250620C01680000,2024-07-06 13:08:00,1680,120.65,116.50,118.70,6.95,6.11%,10,26,"3,539.16%"
NVDA250620C01690000,2024-07-06 15:13:00,1690,114.55,114.55,116.75,-6.55,-5.41%,5,12,"3,477.34%"
NVDA250620C01700000,2024-07-06 15:43:00,1700,115.40,112.75,114.55,-1.60,-1.37%,10,389,"3,417.14%"
NVDA250620C01710000,2024-06-06 12:27:00,1710,110.08,110.75,112.90,0.00,0.00%,2,30,"3,364.99%"
NVDA250620C01720000,2024-07-06 14:34:00,1720,108.00,108.90,111.05,-6.45,-5.64%,2,46,"3,314.31%"
NVDA250620C01730000,5/30/2024 2:57 PM,1730,84.40,107.05,109.30,0.00,0.00%,2,4,"3,266.99%"
NVDA250620C01740000,2024-07-06 10:40:00,1740,104.00,105.25,107.45,0.05,0.05%,2,20,"3,220.80%"
NVDA250620C01750000,2024-07-06 09:56:00,1750,104.00,103.60,105.50,1.07,1.04%,3,87,"3,176.81%"
NVDA250620C01760000,2024-05-06 14:24:00,1760,104.34,101.75,103.95,0.00,0.00%,1,27,"3,136.67%"
NVDA250620C01770000,2024-06-06 13:43:00,1770,100.00,100.05,101.85,0.00,0.00%,20,49,"3,092.97%"
NVDA250620C01780000,2024-05-06 11:07:00,1780,96.80,98.40,100.55,0.00,0.00%,1,8,"3,060.40%"
NVDA250620C01790000,2024-05-06 14:31:00,1790,100.34,96.75,98.90,0.00,0.00%,14,94,"3,024.63%"
NVDA250620C01800000,2024-07-06 14:11:00,1800,95.15,95.25,97.25,-1.45,-1.50%,11,181,"2,991.36%"
NVDA250620C01810000,2024-05-06 11:56:00,1810,91.83,93.70,95.40,0.00,0.00%,2,53,"2,956.15%"
NVDA250620C01820000,2024-06-06 10:51:00,1820,98.15,92.05,94.10,0.00,0.00%,5,22,"2,926.46%"
NVDA250620C01830000,2024-06-06 13:45:00,1830,90.83,90.70,92.20,0.00,0.00%,3,10,"2,894.24%"
NVDA250620C01840000,2024-07-06 15:58:00,1840,90.00,89.20,90.70,18.50,25.87%,2,17,"2,865.19%"
NVDA250620C01850000,2024-06-06 13:24:00,1850,89.34,87.75,89.50,0.00,0.00%,15,46,"2,840.16%"
NVDA250620C01860000,2024-07-06 13:24:00,1860,90.50,86.25,88.15,6.88,8.23%,1,358,"2,813.53%"
NVDA250620C01870000,2024-06-06 10:13:00,1870,89.00,84.85,86.75,0.00,0.00%,2,66,"2,787.77%"
NVDA250620C01880000,2024-06-06 10:44:00,1880,90.95,83.50,85.05,0.00,0.00%,2,12,"2,759.96%"
NVDA250620C01890000,2024-06-06 11:58:00,1890,83.70,82.10,83.60,0.00,0.00%,2,13,"2,734.47%"
NVDA250620C01900000,2024-07-06 09:41:00,1900,78.60,80.85,82.25,-2.50,-3.08%,6,103,"2,711.67%"
NVDA250620C01910000,2024-05-06 10:58:00,1910,78.15,79.45,81.00,0.00,0.00%,4,37,"2,688.67%"
NVDA250620C01920000,2024-06-06 14:12:00,1920,78.55,78.15,79.65,0.00,0.00%,4,94,"2,665.92%"
NVDA250620C01930000,2024-06-06 12:25:00,1930,77.40,76.90,78.45,0.00,0.00%,3,110,"2,645.22%"
NVDA250620C01940000,2024-07-06 14:43:00,1940,76.42,75.05,77.30,0.97,1.29%,3,907,"2,619.73%"
NVDA250620C01950000,2024-06-06 15:54:00,1950,79.38,74.50,75.95,0.00,0.00%,4,15,"2,604.42%"
NVDA250620C02000000,2024-07-06 15:32:00,2000,69.49,68.75,70.00,-3.88,-5.29%,56,351,"2,510.01%"
NVDA250620C02050000,2024-06-06 11:58:00,2050,64.90,63.45,64.80,0.00,0.00%,4,38,"2,428.64%"
NVDA250620C02100000,2024-07-06 15:25:00,2100,59.40,58.65,60.00,0.50,0.85%,2,42,"2,356.32%"
NVDA250620C02120000,2024-07-06 15:55:00,2120,57.50,56.70,58.20,-0.35,-0.61%,5,83,"2,328.37%"
NVDA250620C02130000,2024-05-06 10:40:00,2130,54.60,55.85,57.35,0.00,0.00%,1,2,"2,315.92%"
NVDA250620C02150000,2024-06-06 09:51:00,2150,60.00,54.10,55.80,0.00,0.00%,2,23,"2,291.80%"
NVDA250620C02160000,2024-07-06 11:06:00,2160,52.20,53.30,54.75,-5.06,-8.84%,1,2,"2,278.13%"
NVDA250620C02170000,2024-05-06 15:47:00,2170,56.40,52.50,53.90,0.00,0.00%,2,25,"2,266.06%"
NVDA250620C02180000,5/31/2024 3:51 PM,2180,35.00,51.70,53.00,0.00,0.00%,10,11,"2,253.61%"
NVDA250620C02200000,2024-07-06 12:50:00,2200,50.51,50.20,51.55,-2.79,-5.23%,3,24,"2,232.45%"
NVDA250620C02210000,2024-07-06 12:51:00,2210,49.82,49.40,50.85,7.32,17.22%,1,3,"2,221.63%"
NVDA250620C02220000,2024-06-06 12:36:00,2220,47.70,48.70,50.10,0.00,0.00%,5,11,"2,211.23%"
NVDA250620C02230000,2024-06-06 15:16:00,2230,49.65,47.90,49.35,0.00,0.00%,32,43,"2,200.00%"
NVDA250620C02240000,2024-05-06 09:30:00,2240,43.11,47.15,48.65,43.11,0.00%,1,1,"2,189.58%"
NVDA250620C02250000,2024-06-06 12:37:00,2250,45.40,46.60,47.85,0.00,0.00%,3,6,"2,179.96%"
NVDA250620C02260000,2024-06-06 10:15:00,2260,48.00,45.80,47.20,0.00,0.00%,1,8,"2,169.48%"
NVDA250620C02270000,2024-07-06 11:04:00,2270,44.60,45.10,46.45,-0.45,-1.00%,9,246,"2,159.01%"
NVDA250620C02280000,2024-07-06 15:46:00,2280,45.70,44.50,45.85,-1.30,-2.77%,24,376,"2,150.59%"
NVDA250620C02300000,2024-07-06 11:44:00,2300,42.80,43.25,44.50,42.80,-,1,2,"2,132.03%"
NVDA250620C02350000,2024-07-06 15:56:00,2350,40.60,40.20,41.40,40.60,-,9,6,"2,088.09%"
NVDA250620C02400000,2024-07-06 15:58:00,2400,37.91,37.40,38.55,37.91,-,18,41,"2,047.63%"
NVDA250620C02500000,2024-07-06 15:34:00,2500,33.38,32.50,33.65,33.38,-,78,-,"1,977.20%"
Puts,,,,,,,,,,
In The Money,,,,,,,,,,
Contract Name,Last Trade Date (EDT),Strike,Last Price,Bid,Ask,Change,% Change,Volume,Open Interest,Implied Volatility
NVDA250627P00010000,2025-12-06 10:09:00,10,0.01,0.00,0.01,0.00,0.00%,2,38.745,"1,800.00%"
NVDA250627P00015000,11/18/2024 9:31 AM,15,0.01,0.00,0.02,0.00,0.00%,1,8.84,"1,675.00%"
NVDA250627P00020000,2025-11-06 13:46:00,20,0.01,0.00,0.01,0.00,0.00%,10,1.164,"1,400.00%"
NVDA250627P00025000,2025-09-06 12:53:00,25,0.01,0.00,0.01,0.00,0.00%,101,2.501,"1,300.00%"
NVDA250627P00035000,2025-04-04 14:27:00,35,0.01,0.00,0.01,0.00,0.00%,60,20.695,"1,250.00%"
NVDA250627P00040000,7/25/2024 11:18 AM,40,0.01,0.00,0.15,0.00,0.00%,30,2.45,"1,556.25%"
NVDA250627P00045000,2025-09-04 14:26:00,45,0.01,0.00,0.01,0.00,0.00%,-,900,"1,125.00%"
NVDA250627P00055000,2024-03-09 09:55:00,55,0.02,0.00,0.02,0.00,0.00%,1,0,"1,150.00%"
NVDA250627P00060000,2025-07-04 10:50:00,60,0.01,0.00,0.01,0.00,0.00%,4,3.735,"1,050.00%"
NVDA250627P00065000,4/14/2025 1:37 PM,65,0.01,0.00,0.00,0.00,0.00%,35,0,50.00%
NVDA250627P00070000,1/23/2025 3:48 PM,70,0.01,0.00,0.18,0.00,0.00%,110,9.58,"1,306.25%"
NVDA250627P00075000,4/14/2025 11:31 AM,75,0.01,0.00,0.00,0.00,0.00%,5,0,50.00%
NVDA250627P00080000,2024-03-12 15:18:00,80,0.01,0.00,0.02,0.00,0.00%,304,834,975.00%
NVDA250627P00085000,4/21/2025 9:30 AM,85,0.01,0.00,0.01,0.00,0.00%,1,5.12,900.00%
NVDA250627P00090000,2025-09-04 11:39:00,90,0.01,0.00,0.01,0.00,0.00%,1,2.215,875.00%
NVDA250627P00095000,2025-09-04 13:51:00,95,0.01,0.00,0.01,0.00,0.00%,1,3.458,850.00%
NVDA250627P00100000,2025-10-04 15:21:00,100,0.01,0.00,0.03,0.00,0.00%,10,1.816,925.00%
NVDA250627P00101000,2025-08-04 10:29:00,101,0.01,0.00,0.01,0.00,0.00%,149,2.846,825.00%
NVDA250627P00102000,4/14/2025 1:53 PM,102,0.01,0.00,0.00,0.00,0.00%,1,0,50.00%
NVDA250627P00103000,2025-09-06 11:00:00,103,0.01,0.00,0.01,0.00,0.00%,1,14.25,787.50%
NVDA250627P00104000,2025-04-04 14:25:00,104,0.02,0.00,0.01,0.00,0.00%,4,4.027,775.00%
NVDA250627P00105000,2025-09-04 10:52:00,105,0.02,0.00,0.02,0.00,0.00%,11,2.023,800.00%
NVDA250627P00106000,4/14/2025 9:44 AM,106,0.03,0.00,0.00,0.00,0.00%,3,0,50.00%
NVDA250627P00107000,5/29/2025 3:59 PM,107,0.01,0.00,0.01,0.00,0.00%,4,9.592,725.00%
NVDA250627P00108000,4/16/2025 11:32 AM,108,0.01,0.00,0.01,0.00,0.00%,48,8.45,725.00%
NVDA250627P00109000,2025-10-04 14:29:00,109,0.02,0.00,0.05,0.00,0.00%,240,925,818.75%
NVDA250627P00110000,4/21/2025 1:29 PM,110,0.02,0.00,0.01,0.00,0.00%,10,5.015,700.00%
NVDA250627P00111000,4/17/2025 11:45 AM,111,0.03,0.00,0.01,0.00,0.00%,5,2.294,687.50%
NVDA250627P00112000,4/17/2025 11:46 AM,112,0.02,0.00,0.01,0.00,0.00%,5,5.704,675.00%
NVDA250627P00113000,5/28/2025 2:51 PM,113,0.01,0.00,0.01,0.00,0.00%,19,11.29,675.00%
NVDA250627P00114000,2025-08-04 15:44:00,114,0.07,0.00,0.07,0.00,0.00%,8,4.934,781.25%
NVDA250627P00115000,2025-07-04 15:07:00,115,0.05,0.00,0.07,0.00,0.00%,80,1.962,768.75%
NVDA250627P00116000,2025-04-04 10:52:00,116,0.04,0.00,0.01,0.00,0.00%,10,4.531,637.50%
NVDA250627P00117000,4/21/2025 9:43 AM,117,0.03,0.00,0.01,0.00,0.00%,10,5.28,625.00%
NVDA250627P00118000,4/17/2025 12:19 PM,118,0.03,0.00,0.01,0.00,0.00%,5,2.46,625.00%
NVDA250627P00119000,5/19/2025 9:51 AM,119,0.01,0.00,0.01,0.00,0.00%,6,4.987,612.50%
NVDA250627P00120000,2025-10-04 15:24:00,120,0.08,0.00,0.07,0.00,0.00%,10,1.35,718.75%
NVDA250627P00121000,5/20/2025 3:31 PM,121,0.01,0.00,0.01,0.00,0.00%,3,4.273,600.00%
NVDA250627P00122000,4/17/2025 1:27 PM,122,0.02,0.00,0.01,0.00,0.00%,1,4.617,587.50%
NVDA250627P00123000,5/27/2025 9:30 AM,123,0.01,0.00,0.01,0.00,0.00%,3,11.366,575.00%
NVDA250627P00124000,2025-02-06 12:30:00,124,0.01,0.00,0.01,0.00,0.00%,125,7.885,575.00%
NVDA250627P00125000,4/25/2025 11:46 AM,125,0.01,0.00,0.01,0.00,0.00%,1,14.408,575.00%
NVDA250627P00126000,2025-07-04 12:28:00,126,0.10,0.00,0.07,0.00,0.00%,23,6.303,665.63%
NVDA250627P00127000,5/27/2025 10:07 AM,127,0.01,0.00,0.01,0.00,0.00%,1,4.468,550.00%
NVDA250627P00128000,2025-12-05 12:56:00,128,0.01,0.00,0.01,0.00,0.00%,50,3.829,550.00%
NVDA250627P00129000,5/23/2025 1:15 PM,129,0.01,0.00,0.01,0.00,0.00%,3,4.033,537.50%
NVDA250627P00130000,4/14/2025 1:39 PM,130,0.04,0.00,0.00,0.00,0.00%,2,0,50.00%
NVDA250627P00131000,5/28/2025 11:04 AM,131,0.01,0.00,0.01,0.00,0.00%,1,3.899,525.00%
NVDA250627P00132000,2025-06-05 15:00:00,132,0.01,0.00,0.01,0.00,0.00%,2,2.5,525.00%
NVDA250627P00133000,5/22/2025 11:04 AM,133,0.01,0.00,0.01,0.00,0.00%,20,14.407,512.50%
NVDA250627P00134000,5/19/2025 10:48 AM,134,0.01,0.00,0.01,0.00,0.00%,289,3.345,512.50%
NVDA250627P00135000,2025-09-06 15:38:00,135,0.01,0.00,0.01,0.00,0.00%,2,6.417,500.00%
NVDA250627P00136000,5/19/2025 10:16 AM,136,0.01,0.00,0.01,0.00,0.00%,46,2.407,500.00%
NVDA250627P00137000,5/19/2025 12:25 PM,137,0.01,0.00,0.01,0.00,0.00%,590,2.695,500.00%
NVDA250627P00138000,2025-12-05 12:57:00,138,0.01,0.00,0.01,0.00,0.00%,100,0,487.50%
NVDA250627P00139000,2025-10-06 11:39:00,139,0.01,0.00,0.01,0.00,0.00%,1,1.295,487.50%
NVDA250627P00140000,2025-07-04 09:57:00,140,0.15,0.00,0.07,0.00,0.00%,1,646,568.75%
NVDA250627P00141000,5/28/2025 9:47 AM,141,0.01,0.00,0.01,0.00,0.00%,6,1.313,475.00%
NVDA250627P00142000,5/27/2025 3:07 PM,142,0.01,0.00,0.01,0.00,0.00%,407,2.249,475.00%
NVDA250627P00143000,5/28/2025 3:59 PM,143,0.01,0.00,0.01,0.00,0.00%,1.174,9.802,462.50%
NVDA250627P00144000,5/28/2025 2:03 PM,144,0.01,0.00,0.01,0.00,0.00%,341,2.043,462.50%
NVDA250627P00145000,5/28/2025 12:12 PM,145,0.01,0.00,0.01,0.00,0.00%,2.64,4.27,450.00%
NVDA250627P00146000,5/28/2025 2:14 PM,146,0.01,0.00,0.01,0.00,0.00%,1.221,1.431,450.00%
NVDA250627P00147000,5/28/2025 2:26 PM,147,0.01,0.00,0.01,0.00,0.00%,41,4.462,450.00%
NVDA250627P00148000,5/23/2025 11:23 AM,148,0.01,0.00,0.01,0.00,0.00%,25,11.934,437.50%
NVDA250627P00149000,5/19/2025 10:13 AM,149,0.01,0.00,0.01,0.00,0.00%,5,9.075,437.50%
NVDA250627P00150000,5/28/2025 10:52 AM,150,0.02,0.00,0.01,0.00,0.00%,8,8.391,425.00%
NVDA250627P00152500,5/30/2025 12:46 PM,152.5,0.01,0.00,0.01,0.00,0.00%,3,4.259,425.00%
NVDA250627P00155000,5/28/2025 12:44 PM,155,0.02,0.00,0.01,0.00,0.00%,1,3.778,425.00%
NVDA250627P00157500,2025-04-06 09:30:00,157.5,0.01,0.00,0.01,0.00,0.00%,10,36.994,412.50%
NVDA250627P00160000,2025-02-06 15:45:00,160,0.01,0.00,0.01,0.00,0.00%,700,3.867,412.50%
NVDA250627P00162500,2025-11-06 14:24:00,162.5,0.01,0.00,0.01,0.00,0.00%,2,48.116,412.50%
NVDA250627P00165000,5/30/2025 10:22 AM,165,0.01,0.00,0.01,0.00,0.00%,342,1.976,412.50%
NVDA250627P00167500,5/30/2025 10:24 AM,167.5,0.01,0.00,0.01,0.00,0.00%,616,3.354,400.00%
NVDA250627P00170000,5/30/2025 12:20 PM,170,0.01,0.00,0.01,0.00,0.00%,835,13.017,393.75%
NVDA250627P00175000,5/30/2025 11:21 AM,175,0.01,0.00,0.01,0.00,0.00%,243,3.787,393.75%
NVDA250627P00180000,5/30/2025 11:21 AM,180,0.01,0.00,0.01,0.00,0.00%,1.081,3.226,387.50%
NVDA250627P00185000,2025-02-06 09:36:00,185,0.01,0.00,0.01,0.00,0.00%,466,9.08,387.50%
NVDA250627P00190000,5/30/2025 11:17 AM,190,0.01,0.00,0.01,0.00,0.00%,73,6.839,387.50%
NVDA250627P00195000,2025-09-06 12:25:00,195,0.01,0.00,0.01,0.00,0.00%,2,29.539,375.00%
NVDA250627P00200000,5/30/2025 10:41 AM,200,0.01,0.00,0.01,0.00,0.00%,16,13.709,375.00%
NVDA250627P00205000,5/30/2025 10:00 AM,205,0.01,0.00,0.01,0.00,0.00%,14,9.383,375.00%
NVDA250627P00215000,5/30/2025 12:11 PM,215,0.01,0.00,0.01,0.00,0.00%,220,6.737,375.00%
NVDA250627P00225000,5/30/2025 10:37 AM,225,0.01,0.00,0.01,0.00,0.00%,33,2.586,362.50%
NVDA250620P00042500,2025-06-06 13:16:00,42.5,0.01,0.00,0.01,0.00,0.00%,40,3.39,362.50%
NVDA250620P00043000,5/30/2025 10:00 AM,43,0.01,0.00,0.01,0.00,0.00%,15,8.768,362.50%
NVDA250620P00043500,5/30/2025 10:00 AM,43.5,0.01,0.00,0.01,0.00,0.00%,10,5.176,356.25%
NVDA250620P00044000,5/30/2025 12:23 PM,44,0.01,0.00,0.01,0.00,0.00%,93,4.772,350.00%
NVDA250620P00044500,5/29/2025 12:06 PM,44.5,0.01,0.00,0.01,0.00,0.00%,8,1.15,350.00%
NVDA250620P00045000,2025-06-06 15:03:00,45,0.01,0.00,0.01,0.00,0.00%,3,8.128,350.00%
NVDA250620P00045500,2025-06-06 15:16:00,45.5,0.01,0.00,0.01,0.00,0.00%,331,1.793,337.50%
NVDA250620P00046000,6/13/2025 9:30 AM,46,0.01,0.00,0.01,0.00,0.00%,10,6.736,337.50%
NVDA250620P00046500,2025-06-06 15:18:00,46.5,0.01,0.00,0.01,0.00,0.00%,59,1.168,337.50%
NVDA250620P00047000,2025-06-06 15:16:00,47,0.01,0.00,0.01,0.00,0.00%,16,6.166,337.50%
NVDA250620P00047500,5/29/2025 10:29 AM,47.5,0.01,0.00,0.01,0.00,0.00%,1,5.967,331.25%
NVDA250620P00048000,6/13/2025 10:12 AM,48,0.01,0.00,0.01,0.00,0.00%,1,4.141,325.00%
NVDA250620P00048500,2025-06-06 15:16:00,48.5,0.01,0.00,0.01,0.00,0.00%,25,6.899,325.00%
NVDA250620P00049000,2025-06-06 15:10:00,49,0.01,0.00,0.01,0.00,0.00%,22,7.232,325.00%
NVDA250620P00049500,2025-10-06 12:25:00,49.5,0.01,0.00,0.01,0.00,0.00%,1,1.301,318.75%
NVDA250620P00050000,6/16/2025 10:27 AM,50,0.02,0.00,0.01,0.00,0.00%,5,20.986,312.50%
NVDA250620P00050500,2025-06-06 15:22:00,50.5,0.01,0.00,0.01,0.00,0.00%,94,1.956,312.50%
NVDA250620P00051000,2025-06-06 15:23:00,51,0.01,0.00,0.01,0.00,0.00%,71,2.347,312.50%
NVDA250620P00051500,2025-06-06 15:43:00,51.5,0.01,0.00,0.01,0.00,0.00%,475,2.459,306.25%
NVDA250620P00052000,2025-06-06 15:43:00,52,0.01,0.00,0.01,0.00,0.00%,89,3.801,300.00%
NVDA250620P00052500,2025-06-06 15:43:00,52.5,0.01,0.00,0.01,0.00,0.00%,744,2.968,300.00%
NVDA250620P00053000,2025-06-06 15:38:00,53,0.01,0.00,0.01,0.00,0.00%,2.823,5.417,300.00%
NVDA250620P00053500,2025-06-06 15:33:00,53.5,0.01,0.00,0.01,0.00,0.00%,2.246,3.258,300.00%
NVDA250620P00054000,2025-06-06 15:32:00,54,0.01,0.00,0.01,0.00,0.00%,3.123,5.831,293.75%
NVDA250620P00054500,6/16/2025 12:53 PM,54.5,0.01,0.00,0.01,0.00,0.00%,1,7.019,287.50%
NVDA250620P00055000,6/13/2025 10:00 AM,55,0.01,0.00,0.01,0.00,0.00%,2,10.77,287.50%
NVDA250620P00055500,6/13/2025 3:45 PM,55.5,0.01,0.00,0.01,0.00,0.00%,10,2.967,287.50%
NVDA250620P00056000,6/16/2025 9:30 AM,56,0.01,0.00,0.01,0.00,0.00%,1,7.292,287.50%
NVDA250620P00056500,2025-06-06 15:43:00,56.5,0.01,0.00,0.01,0.00,0.00%,1.459,1.385,281.25%
NVDA250620P00057000,2025-06-06 14:35:00,57,0.01,0.00,0.01,0.00,0.00%,633,8.732,275.00%
NVDA250620P00057500,2025-06-06 15:43:00,57.5,0.01,0.00,0.01,0.00,0.00%,77,2.928,275.00%
NVDA250620P00058000,6/13/2025 10:11 AM,58,0.01,0.00,0.01,0.00,0.00%,100,3.67,275.00%
NVDA250620P00058500,2025-06-06 14:30:00,58.5,0.01,0.00,0.01,0.00,0.00%,67,2.785,268.75%
NVDA250620P00059000,2025-09-06 11:00:00,59,0.01,0.00,0.01,0.00,0.00%,170,2.73,268.75%
NVDA250620P00059500,2025-09-06 11:00:00,59.5,0.01,0.00,0.01,0.00,0.00%,240,2.164,262.50%
NVDA250620P00060000,6/16/2025 11:30 AM,60,0.01,0.00,0.01,0.00,0.00%,1,33.352,262.50%
NVDA250620P00060500,2025-04-06 14:29:00,60.5,0.01,0.00,0.01,0.00,0.00%,50,2.299,262.50%
NVDA250620P00061000,2025-09-06 13:56:00,61,0.01,0.00,0.01,0.00,0.00%,384,3.841,262.50%
NVDA250620P00061500,2025-09-06 13:53:00,61.5,0.01,0.00,0.01,0.00,0.00%,97,3.265,256.25%
NVDA250620P00062000,2025-09-06 13:32:00,62,0.01,0.00,0.01,0.00,0.00%,39,2.149,250.00%
NVDA250620P00062500,2025-09-06 09:48:00,62.5,0.02,0.00,0.01,0.00,0.00%,1,8.066,250.00%
NVDA250620P00063000,2025-09-06 11:32:00,63,0.01,0.00,0.01,0.00,0.00%,23,6.922,250.00%
NVDA250620P00063500,2025-09-06 13:32:00,63.5,0.01,0.00,0.01,0.00,0.00%,35,5.744,250.00%
NVDA250620P00064000,2025-09-06 13:32:00,64,0.01,0.00,0.01,0.00,0.00%,17,2.947,243.75%
NVDA250620P00064500,6/16/2025 12:53 PM,64.5,0.01,0.00,0.01,0.00,0.00%,1,876,243.75%
NVDA250620P00065000,6/16/2025 9:42 AM,65,0.01,0.00,0.01,0.00,0.00%,1,34.09,237.50%
NVDA250620P00065500,6/16/2025 3:28 PM,65.5,0.01,0.00,0.01,0.00,0.00%,1,2.514,237.50%
NVDA250620P00066000,2025-11-06 15:38:00,66,0.01,0.00,0.01,0.00,0.00%,16.538,19.397,237.50%
NVDA250620P00066500,2025-11-06 15:52:00,66.5,0.01,0.00,0.01,0.00,0.00%,1.812,3.762,237.50%
NVDA250620P00067000,2025-11-06 15:13:00,67,0.01,0.00,0.01,0.00,0.00%,2.452,6.761,231.25%
NVDA250620P00067500,6/16/2025 11:58 AM,67.5,0.01,0.00,0.01,0.00,0.00%,5,4.815,231.25%
NVDA250620P00068000,6/13/2025 10:17 AM,68,0.01,0.00,0.01,0.00,0.00%,2,7.962,225.00%
NVDA250620P00068500,2025-11-06 15:13:00,68.5,0.01,0.00,0.01,0.00,0.00%,2.266,4.291,225.00%
NVDA250620P00069000,2025-12-06 10:49:00,69,0.01,0.00,0.01,0.00,0.00%,1,8.24,225.00%
NVDA250620P00069500,2025-11-06 15:12:00,69.5,0.01,0.00,0.01,0.00,0.00%,1.501,3.78,218.75%
NVDA250620P00070000,6/17/2025 12:21 PM,70,0.01,0.00,0.01,0.00,0.00%,3,68.569,218.75%
NVDA250620P00070500,6/13/2025 12:30 PM,70.5,0.01,0.00,0.01,0.00,0.00%,1.694,9.152,218.75%
NVDA250620P00071000,6/13/2025 3:45 PM,71,0.01,0.00,0.01,0.00,0.00%,4.673,8.696,212.50%
NVDA250620P00072000,6/13/2025 3:46 PM,72,0.02,0.00,0.01,0.00,0.00%,9.336,12.352,212.50%
NVDA250620P00073000,6/13/2025 3:51 PM,73,0.01,0.00,0.01,0.00,0.00%,5.308,11.548,206.25%
NVDA250620P00074000,6/13/2025 3:54 PM,74,0.01,0.00,0.01,0.00,0.00%,3.639,10.392,200.00%
NVDA250620P00075000,6/16/2025 2:07 PM,75,0.01,0.00,0.01,0.00,0.00%,1.491,25.855,196.88%
NVDA250620P00076000,6/16/2025 1:53 PM,76,0.01,0.00,0.01,0.00,0.00%,1,7.888,193.75%
NVDA250620P00077000,6/13/2025 10:39 AM,77,0.02,0.00,0.01,0.00,0.00%,1.01,12.383,193.75%
NVDA250620P00078000,6/16/2025 11:30 AM,78,0.01,0.00,0.01,0.00,0.00%,1,15.972,187.50%
NVDA250620P00079000,6/16/2025 10:33 AM,79,0.01,0.00,0.01,0.00,0.00%,1,9.399,184.38%
NVDA250620P00080000,6/16/2025 3:23 PM,80,0.01,0.00,0.01,0.00,0.00%,1.26,103.694,181.25%
NVDA250620P00081000,6/16/2025 3:26 PM,81,0.01,0.00,0.01,0.00,0.00%,6,12.578,175.00%
NVDA250620P00082000,6/16/2025 3:26 PM,82,0.01,0.00,0.01,0.00,0.00%,416,8.185,175.00%
NVDA250620P00083000,6/16/2025 3:20 PM,83,0.01,0.00,0.01,0.00,0.00%,460,14.143,168.75%
NVDA250620P00084000,6/16/2025 3:21 PM,84,0.01,0.00,0.01,0.00,0.00%,477,17.199,168.75%
NVDA250620P00085000,6/17/2025 11:01 AM,85,0.01,0.00,0.01,0.00,0.00%,15,43.007,162.50%
NVDA250620P00086000,6/16/2025 2:53 PM,86,0.01,0.00,0.01,0.00,0.00%,1.221,10.185,159.38%
NVDA250620P00088000,6/16/2025 2:55 PM,88,0.01,0.00,0.01,0.00,0.00%,1.125,16.617,153.13%
NVDA250620P00090000,6/17/2025 10:23 AM,90,0.01,0.00,0.01,0.00,0.00%,1,147.664,146.88%
NVDA250620P00092000,6/17/2025 11:37 AM,92,0.01,0.00,0.01,0.00,0.00%,6,14.372,140.63%
NVDA250620P00093000,6/17/2025 10:45 AM,93,0.01,0.00,0.01,0.00,0.00%,1,10.784,137.50%
NVDA250620P00094000,6/17/2025 10:25 AM,94,0.01,0.00,0.01,0.00,0.00%,917,16.652,134.38%
NVDA250620P00095000,6/17/2025 10:51 AM,95,0.01,0.00,0.01,0.00,0.00%,919,57.733,131.25%
NVDA250620P00096000,6/17/2025 12:51 PM,96,0.01,0.00,0.01,0.00,0.00%,306,17.781,128.13%
NVDA250620P00097000,6/17/2025 10:59 AM,97,0.01,0.00,0.01,-0.01,-50.00%,365,17.044,125.00%
NVDA250620P00098000,6/17/2025 12:45 PM,98,0.01,0.00,0.01,0.00,0.00%,3,13.095,121.88%
NVDA250620P00099000,6/17/2025 9:41 AM,99,0.01,0.00,0.01,0.00,0.00%,920,31.831,118.75%
NVDA250620P00100000,6/17/2025 12:43 PM,100,0.01,0.00,0.01,0.00,0.00%,2.081,102.57,115.63%
NVDA250620P00101000,6/17/2025 1:16 PM,101,0.01,0.00,0.01,-0.01,-50.00%,1.573,10.126,112.50%
NVDA250620P00102000,6/17/2025 1:16 PM,102,0.02,0.01,0.02,0.00,0.00%,185,16.028,121.88%
NVDA250620P00103000,6/17/2025 10:08 AM,103,0.01,0.01,0.02,0.00,0.00%,7,14.838,118.75%
NVDA250620P00104000,6/16/2025 2:03 PM,104,0.02,0.01,0.02,0.00,0.00%,618,8.908,115.63%
NVDA250620P00105000,6/17/2025 1:15 PM,105,0.01,0.01,0.02,0.00,0.00%,24,44.865,112.50%
NVDA250620P00106000,6/17/2025 12:47 PM,106,0.01,0.01,0.02,0.00,0.00%,51,9.837,109.38%
NVDA250620P00107000,6/17/2025 12:40 PM,107,0.02,0.01,0.02,0.01,0.00%,37,15.573,106.25%
NVDA250620P00108000,6/16/2025 3:54 PM,108,0.01,0.01,0.02,0.00,0.00%,1.38,18.885,103.13%
NVDA250620P00109000,6/16/2025 3:54 PM,109,0.02,0.01,0.02,0.00,0.00%,999,8.22,100.00%
NVDA250620P00110000,6/17/2025 1:06 PM,110,0.01,0.01,0.02,-0.01,-50.00%,291,104.243,97.66%
NVDA250620P00111000,6/17/2025 11:23 AM,111,0.02,0.01,0.02,0.00,0.00%,32,14.495,94.53%
NVDA250620P00112000,6/17/2025 1:00 PM,112,0.02,0.01,0.02,0.00,0.00%,69,20.74,92.19%
NVDA250620P00113000,6/17/2025 1:09 PM,113,0.02,0.02,0.03,0.00,0.00%,109,13.383,93.75%
NVDA250620P00114000,6/17/2025 12:51 PM,114,0.02,0.02,0.03,-0.01,-33.33%,392,9.855,90.63%
NVDA250620P00115000,6/17/2025 1:08 PM,115,0.02,0.02,0.03,-0.01,-33.33%,624,78.117,87.50%
NVDA250620P00116000,6/17/2025 1:02 PM,116,0.02,0.02,0.03,-0.02,-50.00%,28,8.389,85.16%
NVDA250620P00117000,6/17/2025 12:27 PM,117,0.02,0.03,0.04,-0.01,-33.33%,1.385,21.892,85.16%
NVDA250620P00118000,6/17/2025 1:01 PM,118,0.03,0.03,0.04,-0.01,-25.00%,1.236,12.667,82.03%
NVDA250620P00119000,6/17/2025 12:26 PM,119,0.03,0.03,0.04,-0.01,-25.00%,1.664,12.528,78.91%
NVDA250620P00120000,6/17/2025 1:13 PM,120,0.03,0.03,0.04,-0.01,-25.00%,3.827,63.972,76.17%
NVDA250620P00121000,6/17/2025 1:02 PM,121,0.04,0.04,0.05,-0.01,-20.00%,594,13.442,75.78%
NVDA250620P00122000,6/17/2025 12:49 PM,122,0.05,0.04,0.05,0.00,0.00%,76,14.633,72.66%
NVDA250620P00123000,6/17/2025 1:11 PM,123,0.05,0.05,0.06,-0.01,-14.29%,266,10.117,71.48%
NVDA250620P00124000,6/17/2025 12:21 PM,124,0.05,0.05,0.06,-0.01,-16.67%,45,13.616,68.36%
NVDA250620P00125000,6/17/2025 1:07 PM,125,0.06,0.06,0.07,-0.01,-12.50%,1.375,63.878,66.80%
NVDA250620P00126000,6/17/2025 12:45 PM,126,0.06,0.06,0.07,-0.01,-14.29%,122,10.945,63.67%
NVDA250620P00127000,6/17/2025 1:07 PM,127,0.07,0.07,0.08,-0.01,-12.50%,314,8.78,61.72%
NVDA250620P00128000,6/17/2025 1:01 PM,128,0.08,0.07,0.08,-0.02,-20.00%,116,12.938,58.59%
NVDA250620P00129000,6/17/2025 1:12 PM,129,0.08,0.08,0.09,-0.02,-20.00%,287,9.891,56.45%
NVDA250620P00130000,6/17/2025 1:14 PM,130,0.09,0.09,0.10,-0.02,-18.18%,2.453,86.944,54.30%
NVDA250620P00131000,6/17/2025 1:15 PM,131,0.11,0.10,0.11,-0.01,-9.09%,384,12.768,51.95%
NVDA250620P00132000,6/17/2025 1:14 PM,132,0.12,0.11,0.12,-0.01,-7.69%,506,12.836,49.81%
NVDA250620P00133000,6/17/2025 1:04 PM,133,0.13,0.12,0.13,-0.02,-13.33%,2.042,13.12,47.07%
NVDA250620P00134000,6/17/2025 1:14 PM,134,0.13,0.13,0.14,-0.05,-27.78%,2.098,16.263,44.34%
NVDA250620P00135000,6/17/2025 1:12 PM,135,0.16,0.15,0.16,-0.04,-21.05%,6.716,58.129,41.99%
NVDA250620P00136000,6/17/2025 1:03 PM,136,0.18,0.17,0.18,-0.04,-18.18%,1.017,12.571,39.36%
NVDA250620P00137000,6/17/2025 1:12 PM,137,0.20,0.20,0.21,-0.06,-20.69%,3.452,25.761,37.01%
NVDA250620P00138000,6/17/2025 1:12 PM,138,0.25,0.24,0.25,-0.07,-21.87%,5.793,29.389,34.72%
NVDA250620P00139000,6/17/2025 1:15 PM,139,0.31,0.31,0.32,-0.08,-20.00%,4.333,14.747,33.01%
NVDA250620P00140000,6/17/2025 1:15 PM,140,0.40,0.40,0.41,-0.10,-19.61%,14.612,59.438,31.25%
NVDA250620P00141000,6/17/2025 1:14 PM,141,0.53,0.52,0.53,-0.12,-18.46%,6.059,11.18,29.44%
NVDA250620P00142000,6/17/2025 1:15 PM,142,0.71,0.71,0.72,-0.15,-17.44%,16.614,17.387,28.17%
NVDA250620P00143000,6/17/2025 1:15 PM,143,0.95,0.95,0.96,-0.22,-18.80%,25.185,17.533,26.71%
NVDA250620P00144000,6/17/2025 1:15 PM,144,1.26,1.26,1.27,-0.21,-14.29%,35.864,18.67,25.10%
NVDA250620P00145000,6/17/2025 1:15 PM,145,1.67,1.66,1.68,-0.26,-13.47%,34.496,27.005,23.51%
NVDA250620P00146000,6/17/2025 1:14 PM,146,2.19,2.18,2.20,-0.27,-10.98%,4.128,5.644,21.83%
NVDA250620P00147000,6/17/2025 1:16 PM,147,2.86,2.85,2.87,-0.36,-11.18%,1.315,3.71,20.53%
NVDA250620P00148000,6/17/2025 1:12 PM,148,3.60,3.50,3.60,-0.45,-11.11%,1.308,3.26,17.09%
NVDA250620P00149000,6/17/2025 1:15 PM,149,4.40,4.40,4.50,-0.38,-7.95%,323,1.752,13.28%
NVDA250620P00150000,6/17/2025 1:12 PM,150,5.24,5.20,5.30,-0.53,-9.19%,1.394,26.021,0.00%
NVDA250620P00151000,6/17/2025 12:58 PM,151,6.66,6.25,6.30,0.21,3.26%,134,1.385,0.00%
NVDA250620P00152000,6/17/2025 1:10 PM,152,7.25,7.15,7.25,-0.40,-5.23%,193,1.399,0.00%
NVDA250620P00152500,6/17/2025 12:17 PM,152.5,7.70,7.70,7.75,-0.20,-2.53%,8,211,0.00%
NVDA250620P00153000,6/17/2025 11:42 AM,153,8.55,8.10,8.20,0.05,0.59%,50,1.117,0.00%
NVDA250620P00154000,6/17/2025 11:35 AM,154,9.70,9.10,9.20,0.17,1.78%,12,368,0.00%
NVDA250620P00155000,6/17/2025 1:12 PM,155,10.13,10.15,10.25,-0.47,-4.43%,37,999,0.00%
NVDA250620P00156000,6/17/2025 1:05 PM,156,11.60,11.10,11.20,1.20,11.54%,14,154,0.00%
NVDA250620P00157000,6/16/2025 1:13 PM,157,11.55,12.15,12.20,0.00,0.00%,3,172,0.00%
NVDA250620P00157500,6/17/2025 12:06 PM,157.5,12.55,12.60,12.70,-0.21,-1.65%,4,12,0.00%
NVDA250620P00158000,6/17/2025 9:39 AM,158,13.05,13.10,13.20,0.40,3.16%,1,9,0.00%
NVDA250620P00159000,6/17/2025 9:44 AM,159,14.90,14.10,14.15,-1.40,-8.59%,1,7,0.00%
NVDA250620P00160000,6/17/2025 12:38 PM,160,15.09,15.10,15.15,-0.11,-0.72%,8,21,0.00%
NVDA250620P00161000,6/13/2025 2:32 PM,161,19.65,16.15,16.20,0.00,0.00%,2,0,0.00%
NVDA250620P00162000,2025-10-06 15:02:00,162,18.25,17.15,17.20,0.00,0.00%,14,4,0.00%
NVDA250620P00162500,6/17/2025 12:38 PM,162.5,17.58,17.60,17.65,-1.88,-9.66%,4,0,0.00%
NVDA250620P00163000,6/16/2025 11:59 AM,163,17.44,18.15,18.25,0.00,0.00%,4,2,0.00%
NVDA250620P00164000,6/17/2025 12:10 PM,164,19.03,19.10,19.20,-0.42,-2.16%,2,4,0.00%
NVDA250620P00165000,6/17/2025 12:06 PM,165,20.15,20.10,20.20,-0.05,-0.25%,1,5,0.00%
NVDA250620P00166000,5/14/2025 1:52 PM,166,31.79,23.75,24.40,0.00,0.00%,10,0,151.61%
NVDA250620P00167000,6/13/2025 2:38 PM,167,26.00,22.20,22.30,0.00,0.00%,110,1,0.00%
NVDA250620P00167500,2025-10-06 11:55:00,167.5,24.80,22.60,22.70,0.00,0.00%,-,-,0.00%
NVDA250620P00168000,6/16/2025 3:21 PM,168,23.15,23.15,23.20,0.00,0.00%,20,0,0.00%
NVDA250620P00169000,6/16/2025 3:21 PM,169,24.20,24.00,24.40,0.10,0.41%,1,0,0.00%
NVDA250620P00170000,6/16/2025 3:21 PM,170,25.05,25.05,25.20,0.00,0.00%,111,31,0.00%
NVDA250620P00171000,6/16/2025 3:21 PM,171,26.10,26.00,26.40,0.00,0.00%,2,0,0.00%
NVDA250620P00172000,6/16/2025 3:08 PM,172,26.95,27.00,27.40,0.00,0.00%,3,6,0.00%
NVDA250620P00173000,2025-12-06 15:21:00,173,28.35,28.00,28.40,0.00,0.00%,19,2,0.00%
NVDA250620P00174000,2025-12-06 15:30:00,174,29.28,28.90,29.40,0.00,0.00%,75,0,0.00%
NVDA250620P00175000,6/13/2025 2:55 PM,175,33.26,29.90,30.35,0.00,0.00%,5,9,0.00%
NVDA250620P00176000,2/27/2025 12:50 PM,176,50.20,66.05,66.70,0.00,0.00%,287,0,754.05%
NVDA250620P00177000,2025-12-06 15:26:00,177,32.29,31.90,32.40,0.00,0.00%,2,2,0.00%
NVDA250620P00178000,3/17/2025 2:53 PM,178,57.25,76.10,76.60,0.00,0.00%,1,0,897.39%
NVDA250620P00179000,5/29/2025 9:33 AM,179,36.90,33.90,34.40,0.00,0.00%,2,0,0.00%
NVDA250620P00180000,6/13/2025 2:54 PM,180,38.52,34.90,35.35,0.00,0.00%,3,3,0.00%
NVDA250620P00181000,2/26/2025 3:05 PM,181,53.00,71.05,71.70,0.00,0.00%,32,0,775.24%
NVDA250620P00182000,5/29/2025 9:31 AM,182,40.00,36.90,37.50,0.00,0.00%,1,1,78.13%
NVDA250620P00183000,2/26/2025 3:06 PM,183,54.75,73.05,73.70,0.00,0.00%,2,0,783.45%
NVDA250620P00184000,2025-05-03 09:43:00,184,67.40,86.50,90.80,0.00,0.00%,1,0,"1,030.18%"
NVDA250620P00185000,2025-12-06 15:48:00,185,40.27,39.85,40.35,0.00,0.00%,1,2,0.00%
NVDA250620P00186000,2025-12-06 15:48:00,186,41.29,40.90,41.40,0.00,0.00%,1,0,0.00%
NVDA250620P00187000,2025-07-04 14:06:00,187,88.95,70.05,70.75,0.00,0.00%,3,0,683.52%
NVDA250620P00188000,2/25/2025 9:36 AM,188,59.35,78.05,78.70,0.00,0.00%,8,0,803.20%
NVDA250620P00189000,5/20/2025 3:30 PM,189,55.00,43.90,44.40,0.00,0.00%,2,0,0.00%
NVDA250620P00190000,2025-12-06 15:48:00,190,45.28,44.95,45.45,0.00,0.00%,2,3,0.00%
NVDA250620P00191000,2025-12-06 15:48:00,191,46.30,45.90,46.40,0.00,0.00%,2,0,0.00%
NVDA250620P00192000,2/25/2025 10:28 AM,192,67.00,82.05,82.70,0.00,0.00%,3,0,818.36%
NVDA250620P00193000,5/20/2025 2:36 PM,193,59.15,47.90,48.40,0.00,0.00%,2,0,0.00%
NVDA250620P00194000,2025-12-05 15:50:00,194,71.25,50.90,51.45,0.00,0.00%,30,0,215.23%
NVDA250620P00195000,2025-12-06 15:48:00,195,50.24,50.05,50.45,0.00,0.00%,1,2,0.00%
NVDA250620P00200000,6/16/2025 9:30 AM,200,55.00,54.90,55.35,0.00,0.00%,1,0,0.00%
NVDA250620P00205000,2/27/2025 3:26 PM,205,82.90,95.05,95.70,0.00,0.00%,680,0,864.14%
NVDA250620P00210000,5/19/2025 9:54 AM,210,75.75,64.85,65.35,0.00,0.00%,5,0,0.00%
NVDA250620P00212000,2025-10-06 11:47:00,212,69.55,66.90,67.50,0.00,0.00%,1,0,125.00%
NVDA250620P00213000,2025-10-06 15:15:00,213,68.90,67.90,68.40,0.00,0.00%,1,0,0.00%
NVDA250620P00214000,5/27/2025 3:03 PM,214,78.79,68.90,69.40,0.00,0.00%,57,0,0.00%
NVDA250620P00215000,2025-10-06 11:35:00,215,73.25,69.90,70.35,0.00,0.00%,3,0,0.00%
NVDA250620P00216000,5/27/2025 3:02 PM,216,80.66,70.90,71.40,0.00,0.00%,48,0,0.00%
NVDA250620P00217000,5/27/2025 3:02 PM,217,81.64,71.90,72.50,0.00,0.00%,48,0,131.25%
NVDA250620P00218000,2/27/2025 3:26 PM,218,94.85,108.05,108.70,0.00,0.00%,630,0,905.37%
NVDA250620P00219000,2/27/2025 3:26 PM,219,97.05,109.05,109.70,0.00,0.00%,110,0,908.37%
NVDA250620P00220000,5/15/2025 10:10 AM,220,86.43,77.80,78.35,0.00,0.00%,20,0,308.30%
NVDA250620P00221000,12/19/2024 12:01 PM,221,88.40,82.90,83.70,0.00,0.00%,28,175,418.60%
NVDA250620P00222000,2025-12-05 15:50:00,222,99.25,78.90,79.45,0.00,0.00%,1,0,281.25%
NVDA250620P00223000,12/19/2024 3:53 PM,223,92.80,84.80,85.80,0.00,0.00%,9,0,423.73%
NVDA250620P00224000,5/20/2025 3:25 PM,224,90.20,78.90,79.50,0.00,0.00%,2,0,140.63%
NVDA250620P00225000,2025-04-02 10:18:00,225,105.13,0.00,0.00,0.00,0.00%,10,0,0.00%
NVDA250620P00226000,2025-02-06 15:55:00,226,88.75,80.90,81.40,0.00,0.00%,5,0,0.00%
NVDA250620P00227000,2025-10-06 15:15:00,227,82.90,81.90,82.50,0.00,0.00%,1,0,143.75%
NVDA250620P00228000,5/20/2025 2:36 PM,228,94.15,82.90,83.40,0.00,0.00%,2,0,0.00%
NVDA250620P00230000,5/20/2025 2:37 PM,230,96.15,84.90,85.35,0.00,0.00%,2,0,0.00%
NVDA250620P00235000,5/20/2025 2:35 PM,235,101.20,89.90,90.35,0.00,0.00%,2,0,0.00%
NVDA250620P00240000,4/28/2025 9:49 AM,240,130.85,104.35,105.05,0.00,0.00%,1,0,516.46%
NVDA250620P00245000,2025-04-04 15:27:00,245,150.05,131.10,131.75,0.00,0.00%,20,0,914.23%
NVDA250620P00250000,11/25/2024 1:28 PM,250,112.67,112.50,113.40,0.00,0.00%,15,0,501.22%
NVDA250620P00255000,5/20/2025 3:30 PM,255,121.00,109.90,110.35,0.00,0.00%,2,0,0.00%
NVDA250620P00260000,5/20/2025 3:19 PM,260,126.20,114.95,115.45,0.00,0.00%,2,0,0.00%
NVDA250620P00265000,6/20/2024 12:01 PM,265,128.00,138.25,152.60,0.00,0.00%,1,0,860.94%
NVDA250620P00270000,5/20/2025 3:14 PM,270,136.25,124.95,125.45,0.00,0.00%,2,0,0.00%
NVDA250620P00275000,5/20/2025 2:55 PM,275,141.25,129.90,130.35,0.00,0.00%,2,0,0.00%
NVDA250620P00280000,2025-06-06 15:01:00,280,137.90,134.95,135.45,0.00,0.00%,1,0,0.00%
NVDA250620P00285000,5/30/2024 3:54 PM,285,1.55,0.99,1.66,0.00,0.00%,1,58,0.00%
NVDA250620P00290000,12/27/2024 12:07 PM,290,154.25,165.35,166.40,0.00,0.00%,1,0,833.81%
NVDA250620P00295000,5/29/2024 11:05 AM,295,1.62,1.25,1.79,0.00,0.00%,1,180,0.00%
NVDA250620P00300000,5/29/2025 2:58 PM,300,160.80,154.85,155.35,0.00,0.00%,1,0,0.00%
NVDA250620P00305000,5/20/2024 10:34 AM,305,2.60,1.20,1.93,0.00,0.00%,1,114,0.00%
NVDA250620P00310000,5/23/2024 2:42 PM,310,1.70,1.27,2.00,0.00,0.00%,2,53,0.00%
NVDA250620P00315000,5/24/2024 10:14 AM,315,1.90,1.35,2.08,0.00,0.00%,1,28,0.00%
NVDA250620P00320000,2024-06-06 09:54:00,320,1.95,1.43,2.16,0.00,0.00%,1,371,0.00%
NVDA250620P00325000,2024-05-06 15:44:00,325,1.90,1.49,2.23,0.00,0.00%,1,1.133,0.00%
NVDA250620P00330000,2024-06-06 10:37:00,330,1.95,1.57,2.31,0.00,0.00%,1,371,0.00%
NVDA250620P00335000,5/16/2024 10:20 AM,335,3.80,1.65,2.41,0.00,0.00%,76,187,0.00%
NVDA250620P00340000,2024-06-06 10:02:00,340,2.30,1.72,2.49,0.00,0.00%,2,183,0.00%
NVDA250620P00345000,2024-07-06 09:31:00,345,2.45,1.83,2.53,0.01,0.41%,1,168,0.00%
NVDA250620P00350000,2024-07-06 12:19:00,350,2.37,1.97,2.46,0.02,0.85%,2,1.355,0.00%
NVDA250620P00355000,2024-06-06 09:30:00,355,2.50,2.00,2.53,0.00,0.00%,1,180,0.00%
NVDA250620P00360000,2024-07-06 11:37:00,360,2.60,2.11,2.91,-0.15,-5.45%,1,4.366,0.00%
NVDA250620P00365000,2024-04-06 15:23:00,365,2.97,2.21,2.77,0.00,0.00%,5,174,0.00%
NVDA250620P00370000,2024-05-06 13:48:00,370,2.63,2.30,2.88,0.00,0.00%,1,244,0.00%
NVDA250620P00375000,2024-06-06 11:19:00,375,2.95,2.39,3.20,0.00,0.00%,1,1.251,0.00%
NVDA250620P00380000,2024-06-06 10:40:00,380,2.80,2.51,3.35,0.00,0.00%,1,261,0.00%
NVDA250620P00385000,2024-06-06 14:34:00,385,3.12,2.62,3.45,0.00,0.00%,10,237,0.00%
NVDA250620P00390000,2024-06-06 10:20:00,390,3.10,2.73,3.55,0.00,0.00%,70,836,0.00%
NVDA250620P00395000,2024-05-06 13:06:00,395,3.37,2.88,3.75,0.00,0.00%,1,185,0.00%
NVDA250620P00400000,2024-07-06 13:50:00,400,3.52,3.10,3.85,-0.08,-2.22%,15,2.284,0.00%
NVDA250620P00405000,2024-07-06 13:50:00,405,3.68,3.15,3.90,-0.87,-19.12%,10,188,0.00%
NVDA250620P00410000,5/31/2024 10:34 AM,410,4.88,3.55,4.05,0.00,0.00%,1,750,0.00%
NVDA250620P00415000,5/22/2024 2:39 PM,415,7.04,3.55,4.30,0.00,0.00%,2,128,0.00%
NVDA250620P00420000,2024-05-06 15:42:00,420,4.10,3.80,4.50,0.00,0.00%,2,231,0.00%
NVDA250620P00425000,5/30/2024 3:41 PM,425,5.05,3.80,4.70,0.00,0.00%,1,244,0.00%
NVDA250620P00430000,2024-07-06 12:48:00,430,4.70,3.90,4.85,0.10,2.17%,1,367,0.00%
NVDA250620P00435000,2024-07-06 13:48:00,435,4.60,4.05,5.05,-0.55,-10.68%,10,358,0.00%
NVDA250620P00440000,2024-07-06 13:48:00,440,4.75,4.40,5.05,-0.50,-9.52%,10,275,0.00%
NVDA250620P00445000,2024-05-06 10:38:00,445,5.00,4.50,5.40,0.00,0.00%,1,108,0.00%
NVDA250620P00450000,2024-07-06 12:22:00,450,5.30,4.65,5.50,0.00,0.00%,5,901,0.00%
NVDA250620P00455000,2024-06-06 09:46:00,455,5.28,5.05,5.80,0.00,0.00%,3,84,0.00%
NVDA250620P00460000,2024-07-06 11:47:00,460,5.90,5.20,5.95,0.17,2.97%,2,950,0.00%
NVDA250620P00465000,2024-05-06 12:53:00,465,5.60,5.40,6.10,0.00,0.00%,2,150,0.00%
NVDA250620P00470000,2024-07-06 11:46:00,470,6.30,5.45,6.30,-0.40,-5.97%,2,639,0.00%
NVDA250620P00475000,5/31/2024 11:58 AM,475,7.95,5.90,6.60,0.00,0.00%,1,218,0.00%
NVDA250620P00480000,2024-03-06 15:46:00,480,7.15,6.10,6.80,0.00,0.00%,1,275,0.00%
NVDA250620P00485000,2024-04-06 14:26:00,485,7.42,6.30,7.00,0.00,0.00%,1,143,0.00%
NVDA250620P00490000,2024-06-06 15:50:00,490,7.00,6.55,7.25,0.00,0.00%,3,254,0.00%
NVDA250620P00495000,2024-07-06 12:30:00,495,7.20,6.80,7.40,-2.36,-24.69%,3,120,0.00%
NVDA250620P00500000,2024-07-06 12:20:00,500,7.60,7.20,7.70,0.10,1.33%,9,1.783,0.00%
NVDA250620P00505000,2024-07-06 10:46:00,505,8.14,7.35,8.10,0.34,4.36%,2,200,0.00%
NVDA250620P00510000,2024-07-06 14:03:00,510,8.00,7.60,8.25,-0.10,-1.23%,4,242,0.00%
NVDA250620P00515000,2024-07-06 13:05:00,515,8.15,7.80,8.60,-7.55,-48.09%,1,143,0.00%
NVDA250620P00520000,2024-07-06 13:21:00,520,8.50,8.15,8.80,-1.11,-11.55%,5,385,0.00%
NVDA250620P00525000,2024-07-06 13:05:00,525,8.70,8.45,9.10,-0.30,-3.33%,2,212,0.00%
NVDA250620P00530000,2024-07-06 13:05:00,530,9.00,8.75,9.45,-0.20,-2.17%,3,523,0.00%
NVDA250620P00535000,2024-06-06 15:50:00,535,9.60,9.00,9.65,0.00,0.00%,2,87,0.00%
NVDA250620P00540000,2024-07-06 15:20:00,540,10.00,9.35,10.05,0.00,0.00%,1,63,0.00%
NVDA250620P00545000,2024-06-06 15:37:00,545,10.36,9.65,10.40,0.00,0.00%,2,284,0.00%
NVDA250620P00550000,2024-07-06 13:07:00,550,10.35,9.85,10.80,-0.45,-4.17%,1,973,0.00%
NVDA250620P00555000,2024-06-06 14:39:00,555,11.20,10.35,11.00,0.00,0.00%,2,159,0.00%
NVDA250620P00560000,2024-07-06 09:40:00,560,12.00,10.80,11.40,0.60,5.26%,1,617,0.00%
NVDA250620P00565000,2024-07-06 11:48:00,565,12.30,11.10,11.75,-0.40,-3.15%,10,78,0.00%
NVDA250620P00570000,2024-07-06 12:57:00,570,11.85,11.55,12.15,-0.75,-5.95%,1,450,0.00%
NVDA250620P00575000,2024-07-06 12:58:00,575,12.25,11.85,12.55,0.05,0.41%,3,275,0.00%
NVDA250620P00580000,2024-07-06 13:24:00,580,12.59,12.20,13.20,-0.60,-4.55%,1,307,0.00%
NVDA250620P00585000,5/28/2024 9:45 AM,585,15.07,12.60,13.40,0.00,0.00%,1,374,0.00%
NVDA250620P00590000,5/28/2024 3:40 PM,590,15.00,13.05,13.85,0.00,0.00%,3,324,0.00%
NVDA250620P00595000,2024-05-06 10:00:00,595,14.60,13.60,14.30,0.00,0.00%,1,158,0.00%
NVDA250620P00600000,2024-07-06 15:55:00,600,14.50,13.90,14.80,-0.35,-2.36%,24,1.767,0.00%
NVDA250620P00605000,2024-06-06 10:22:00,605,15.45,14.40,15.15,0.00,0.00%,2,92,0.00%
NVDA250620P00610000,2024-05-06 12:46:00,610,15.45,14.95,15.75,0.00,0.00%,1,236,0.00%
NVDA250620P00615000,5/24/2024 1:08 PM,615,21.50,15.35,16.30,0.00,0.00%,1,150,0.00%
NVDA250620P00620000,2024-07-06 14:03:00,620,16.59,15.70,16.80,-0.48,-2.81%,4,246,0.00%
NVDA250620P00625000,2024-03-06 13:35:00,625,19.45,16.20,17.35,0.00,0.00%,1,921,0.00%
NVDA250620P00630000,2024-05-06 13:32:00,630,17.10,16.80,17.85,0.00,0.00%,5,244,0.00%
NVDA250620P00635000,5/28/2024 3:27 PM,635,20.15,17.35,18.40,0.00,0.00%,4,489,0.00%
NVDA250620P00640000,2024-07-06 15:48:00,640,18.43,18.10,18.80,0.47,2.62%,52,181,0.00%
NVDA250620P00645000,2024-05-06 15:39:00,645,18.70,18.50,19.40,0.00,0.00%,4,77,0.00%
NVDA250620P00650000,2024-07-06 15:59:00,650,19.50,19.30,20.15,-1.56,-7.41%,5,1.604,0.00%
NVDA250620P00655000,2024-05-06 11:20:00,655,20.40,19.85,20.65,0.00,0.00%,28,141,0.00%
NVDA250620P00660000,2024-07-06 12:23:00,660,21.55,20.45,21.25,0.54,2.57%,7,729,0.00%
NVDA250620P00665000,2024-05-06 15:40:00,665,21.09,20.90,21.85,0.00,0.00%,30,129,0.00%
NVDA250620P00670000,2024-06-06 09:46:00,670,21.50,21.55,22.55,0.00,0.00%,50,189,0.00%
NVDA250620P00675000,2024-07-06 09:48:00,675,24.70,22.25,23.15,2.30,10.27%,3,53,0.00%
NVDA250620P00680000,2024-07-06 13:21:00,680,23.38,23.05,23.85,-0.42,-1.76%,3,445,0.00%
NVDA250620P00685000,2024-05-06 10:58:00,685,24.80,23.65,24.55,0.00,0.00%,2,71,0.00%
NVDA250620P00690000,2024-05-06 13:22:00,690,24.56,24.15,25.25,0.00,0.00%,3,220,0.00%
NVDA250620P00695000,2024-07-06 15:47:00,695,25.10,25.10,26.00,-2.50,-9.06%,1,180,0.00%
NVDA250620P00700000,2024-07-06 12:40:00,700,26.70,25.80,26.70,-0.65,-2.38%,6,1.928,0.00%
NVDA250620P00705000,2024-05-06 09:33:00,705,28.85,26.65,27.50,0.00,0.00%,30,85,0.00%
NVDA250620P00710000,2024-07-06 11:09:00,710,30.05,27.35,28.25,0.50,1.69%,8,211,0.00%
NVDA250620P00720000,2024-07-06 14:55:00,720,29.71,28.90,29.85,-0.73,-2.40%,34,638,0.00%
NVDA250620P00730000,2024-07-06 10:12:00,730,33.50,30.50,31.50,1.60,5.02%,1,189,0.00%
NVDA250620P00740000,2024-07-06 13:28:00,740,32.90,32.10,33.20,-1.60,-4.64%,7,231,0.00%
NVDA250620P00750000,2024-07-06 11:37:00,750,36.99,33.85,35.00,0.54,1.48%,9,1.057,0.00%
NVDA250620P00760000,2024-07-06 15:51:00,760,36.44,35.90,36.85,-2.16,-5.60%,6,528,0.00%
NVDA250620P00770000,2024-07-06 10:16:00,770,41.34,37.55,38.80,1.79,4.53%,1,336,0.00%
NVDA250620P00780000,2024-06-06 15:16:00,780,41.73,39.80,40.85,0.00,0.00%,3,411,0.00%
NVDA250620P00790000,2024-07-06 11:37:00,790,45.23,41.70,42.90,0.87,1.96%,2,228,0.00%
NVDA250620P00800000,2024-07-06 15:51:00,800,44.49,43.80,44.95,-1.65,-3.58%,43,1.651,0.00%
NVDA250620P00810000,2024-06-06 11:00:00,810,47.06,46.10,47.20,0.00,0.00%,1,310,0.00%
NVDA250620P00820000,2024-07-06 12:11:00,820,51.00,48.40,49.80,1.80,3.66%,11,257,0.00%
NVDA250620P00830000,2024-07-06 10:43:00,830,54.90,50.75,52.15,3.15,6.09%,1,242,0.00%
NVDA250620P00840000,2024-07-06 10:19:00,840,57.53,53.25,54.20,1.68,3.01%,4,375,0.00%
NVDA250620P00850000,2024-07-06 15:51:00,850,56.33,55.65,57.15,-1.07,-1.86%,67,1.005,0.00%
NVDA250620P00860000,2024-06-06 09:53:00,860,59.60,58.25,59.75,0.00,0.00%,10,237,0.00%
NVDA250620P00880000,2024-07-06 13:26:00,880,64.14,63.65,65.15,-0.94,-1.44%,17,276,0.00%
NVDA250620P00900000,2024-07-06 15:51:00,900,69.93,69.05,70.75,-1.17,-1.65%,13,945,0.00%
NVDA250620P00920000,2024-07-06 09:53:00,920,81.00,75.80,76.60,2.90,3.71%,1,191,0.00%
NVDA250620P00930000,2024-06-06 09:49:00,930,78.90,78.45,79.95,0.00,0.00%,3,42,0.00%
NVDA250620P00940000,2024-07-06 11:48:00,940,86.98,81.70,83.20,9.64,12.46%,2,121,0.00%
NVDA250620P00950000,2024-07-06 10:45:00,950,91.00,85.00,86.50,2.55,2.88%,4,591,0.00%
NVDA250620P00960000,2024-07-06 13:28:00,960,89.90,88.35,89.80,6.78,8.16%,3,65,0.00%
NVDA250620P00970000,2024-07-06 15:22:00,970,93.90,91.80,93.50,3.65,4.04%,5,127,0.00%
NVDA250620P00980000,2024-07-06 12:10:00,980,99.99,95.30,96.95,10.00,11.11%,8,64,0.00%
NVDA250620P00990000,2024-07-06 09:30:00,990,104.25,98.90,100.70,-0.13,-0.12%,1,147,0.00%
NVDA250620P01000000,2024-07-06 15:08:00,1000,104.75,102.65,104.35,-1.56,-1.47%,108,629,0.00%
NVDA250620P01010000,2024-06-06 13:16:00,1010,112.50,106.35,107.95,0.00,0.00%,13,86,0.00%
NVDA250620P01020000,2024-07-06 10:37:00,1020,116.70,109.90,111.65,12.75,12.27%,2,140,0.00%
NVDA250620P01030000,2024-07-06 09:58:00,1030,121.88,114.10,115.75,6.78,5.89%,1,234,0.00%
NVDA250620P01040000,2024-06-06 15:07:00,1040,122.64,118.10,119.85,0.00,0.00%,3,213,0.00%
NVDA250620P01050000,2024-07-06 14:23:00,1050,126.00,122.25,123.85,-5.10,-3.89%,5,252,0.00%
NVDA250620P01060000,2024-06-06 13:43:00,1060,132.00,126.35,128.05,0.00,0.00%,4,66,0.00%
NVDA250620P01070000,2024-06-06 12:53:00,1070,138.80,130.55,132.20,0.00,0.00%,1,115,0.00%
NVDA250620P01080000,2024-07-06 13:35:00,1080,135.16,134.95,136.70,6.83,5.32%,14,174,0.00%
NVDA250620P01090000,2024-07-06 11:54:00,1090,146.65,139.25,141.15,4.75,3.35%,20,183,0.00%
NVDA250620P01100000,2024-07-06 13:59:00,1100,145.00,143.85,145.60,-3.50,-2.36%,2,416,0.00%
NVDA250620P01110000,2024-07-06 09:34:00,1110,156.88,148.30,150.20,7.88,5.29%,10,411,0.00%
NVDA250620P01120000,2024-07-06 09:35:00,1120,164.65,153.00,154.85,10.10,6.54%,5,235,0.00%
NVDA250620P01130000,2024-07-06 11:23:00,1130,166.70,157.35,159.50,3.95,2.43%,2,96,0.00%
NVDA250620P01140000,2024-07-06 14:16:00,1140,167.50,162.45,164.40,2.50,1.52%,6,277,0.00%
NVDA250620P01150000,2024-07-06 15:51:00,1150,168.48,167.40,169.45,-3.02,-1.76%,4,129,0.00%
NVDA250620P01160000,2024-06-06 12:53:00,1160,182.35,172.05,174.10,0.00,0.00%,2,94,0.00%
NVDA250620P01170000,2024-07-06 10:26:00,1170,188.00,177.20,179.15,10.65,6.01%,2,39,0.00%
NVDA250620P01180000,2024-07-06 11:54:00,1180,190.97,182.15,184.20,4.37,2.34%,21,81,0.00%
NVDA250620P01190000,2024-07-06 11:48:00,1190,197.40,187.50,189.75,0.45,0.23%,3,48,0.00%
NVDA250620P01200000,2024-07-06 15:51:00,1200,193.98,192.85,195.05,-1.52,-0.78%,19,322,0.00%
NVDA250620P01210000,2024-07-06 09:58:00,1210,209.34,198.15,200.25,1.59,0.77%,1,30,0.00%
NVDA250620P01220000,2024-07-06 13:26:00,1220,204.07,203.50,205.55,-10.38,-4.84%,2,76,0.00%
NVDA250620P01230000,2024-06-06 12:18:00,1230,216.61,208.70,211.00,0.00,0.00%,4,49,0.00%
NVDA250620P01240000,2024-07-06 09:34:00,1240,227.00,214.10,216.80,9.30,4.27%,1,31,0.00%
NVDA250620P01250000,2024-07-06 09:38:00,1250,231.50,219.95,222.25,5.50,2.43%,1,183,0.00%
NVDA250620P01260000,2024-05-06 13:29:00,1260,226.80,225.55,228.00,0.00,0.00%,5,20,0.00%
NVDA250620P01270000,2024-05-06 14:09:00,1270,230.45,231.20,233.80,0.00,0.00%,12,20,0.00%
NVDA250620P01280000,2024-05-06 13:37:00,1280,236.40,237.10,239.70,0.00,0.00%,2,22,0.00%
NVDA250620P01290000,2024-06-06 10:42:00,1290,243.80,243.00,245.70,0.00,0.00%,12,43,0.00%
NVDA250620P01300000,2024-05-06 15:25:00,1300,245.70,248.95,251.85,0.00,0.00%,19,57,0.00%
NVDA250620P01320000,2024-06-06 15:21:00,1320,269.10,261.05,263.80,0.00,0.00%,1,9,0.00%
NVDA250620P01340000,2024-07-06 11:48:00,1340,286.00,273.40,276.25,15.20,5.61%,2,25,0.00%
NVDA250620P01360000,2024-07-03 11:40:00,1360,477.90,500.40,509.95,0.00,0.00%,1,1,0.00%
NVDA250620P01380000,5/30/2024 9:56 AM,1380,331.34,298.50,302.20,0.00,0.00%,5,9,0.00%
NVDA250620P01390000,2024-07-06 15:54:00,1390,309.25,305.05,310.70,-34.52,-10.04%,2,2,0.00%
NVDA250620P01400000,2024-07-06 11:48:00,1400,324.99,311.55,316.50,6.20,1.94%,3,16,0.00%
NVDA250620P01410000,2024-03-06 09:58:00,1410,360.60,318.25,324.05,0.00,0.00%,2,8,0.00%
NVDA250620P01420000,2/14/2024 10:48 AM,1420,684.80,564.30,576.20,0.00,0.00%,2,0,0.00%
NVDA250620P01440000,3/22/2024 11:38 AM,1440,541.45,670.00,690.00,0.00,0.00%,2,2,0.00%
NVDA250620P01450000,3/22/2024 11:38 AM,1450,550.25,680.00,698.00,0.00,0.00%,4,12,0.00%
NVDA250620P01460000,2024-04-06 11:57:00,1460,391.23,348.05,359.85,0.00,0.00%,2,17,0.00%
NVDA250620P01470000,2024-08-05 11:15:00,1470,584.63,355.50,369.90,0.00,0.00%,2,1,0.00%
NVDA250620P01480000,2024-05-06 15:32:00,1480,365.00,364.90,373.80,0.00,0.00%,1,22,0.00%
NVDA250620P01490000,3/22/2024 11:38 AM,1490,584.55,718.00,738.00,0.00,0.00%,2,5,0.00%
NVDA250620P01500000,5/28/2024 3:03 PM,1500,427.65,375.85,388.40,0.00,0.00%,3,20,0.00%
NVDA250620P01510000,3/13/2024 12:32 PM,1510,645.22,634.35,647.90,0.00,0.00%,12,9,0.00%
NVDA250620P01530000,2024-07-03 12:44:00,1530,632.05,652.75,667.90,0.00,0.00%,-,30,0.00%
NVDA250620P01540000,2024-07-03 10:25:00,1540,641.85,662.60,677.90,0.00,0.00%,-,0,0.00%
NVDA250620P01550000,5/30/2024 10:12 AM,1550,462.00,414.20,427.80,0.00,0.00%,1,2,0.00%
NVDA250620P01560000,2024-05-06 14:36:00,1560,423.50,421.50,432.45,0.00,0.00%,4,3,0.00%
NVDA250620P01570000,5/31/2024 11:58 AM,1570,517.05,428.25,442.35,0.00,0.00%,2,0,0.00%
NVDA250620P01580000,5/31/2024 11:57 AM,1580,525.25,436.10,448.15,0.00,0.00%,2,0,0.00%
NVDA250620P01590000,2024-08-05 11:14:00,1590,694.00,444.10,455.70,0.00,0.00%,2,1,0.00%
NVDA250620P01600000,2024-03-06 12:01:00,1600,503.90,455.10,463.30,0.00,0.00%,1,1,0.00%
NVDA250620P01610000,4/23/2024 12:41 PM,1610,791.20,0.00,0.00,0.00,0.00%,2,0,0.00%
NVDA250620P01630000,2024-08-03 09:52:00,1630,699.85,746.10,761.95,0.00,0.00%,2,1,0.00%
NVDA250620P01640000,3/14/2024 9:30 AM,1640,760.10,755.25,770.00,0.00,0.00%,1,1,0.00%
NVDA250620P01650000,3/25/2024 3:05 PM,1650,712.62,844.00,862.00,0.00,0.00%,2,0,0.00%
NVDA250620P01660000,4/23/2024 12:44 PM,1660,840.32,0.00,0.00,0.00,0.00%,-,0,0.00%
NVDA250620P01670000,5/14/2024 1:38 PM,1670,764.30,508.10,524.00,0.00,0.00%,-,5,0.00%
NVDA250620P01680000,2024-07-03 13:45:00,1680,769.45,794.10,809.90,0.00,0.00%,-,24,0.00%
NVDA250620P01690000,5/24/2024 2:35 PM,1690,645.35,524.20,535.00,0.00,0.00%,1,0,0.00%
NVDA250620P01700000,2024-04-06 15:08:00,1700,574.15,531.80,543.60,0.00,0.00%,1,5,0.00%
NVDA250620P01710000,4/23/2024 12:41 PM,1710,891.23,0.00,0.00,0.00,0.00%,-,0,0.00%
NVDA250620P01720000,2024-07-03 12:35:00,1720,809.10,832.90,847.70,0.00,0.00%,-,13,0.00%
NVDA250620P01730000,3/18/2024 2:16 PM,1730,854.83,880.00,898.00,0.00,0.00%,-,0,0.00%
NVDA250620P01760000,5/24/2024 1:30 PM,1760,715.10,585.10,598.00,0.00,0.00%,2,0,0.00%
NVDA250620P01780000,2024-07-03 12:35:00,1780,867.15,890.00,910.00,0.00,0.00%,-,0,0.00%
NVDA250620P01790000,2024-07-03 13:41:00,1790,874.80,900.00,920.00,0.00,0.00%,-,0,0.00%
NVDA250620P01800000,2024-07-06 13:00:00,1800,619.00,616.05,629.90,-59.00,-8.70%,1,3,0.00%
NVDA250620P01850000,2024-01-04 15:12:00,1850,947.10,988.00,"1,006.00",0.00,0.00%,2,0,0.00%
NVDA250620P01880000,3/27/2024 1:13 PM,1880,979.32,992.00,"1,012.00",0.00,0.00%,2,0,0.00%
NVDA250620P01900000,5/23/2024 11:11 AM,1900,857.01,703.45,718.60,0.00,0.00%,-,1,0.00%
NVDA250620P01940000,5/24/2024 12:54 PM,1940,890.00,741.25,754.50,0.00,0.00%,1,1,0.00%
NVDA250620P02000000,5/29/2024 10:16 AM,2000,869.00,795.00,808.65,0.00,0.00%,-,6,0.00%
NVDA250620P02100000,5/29/2024 2:02 PM,2100,952.18,890.20,904.95,0.00,0.00%,2,0,0.00%
NVDA250620P02120000,2024-07-06 13:15:00,2120,910.35,908.65,925.65,-17.78,-1.92%,6,2,0.00%
NVDA250620P02140000,5/29/2024 3:57 PM,2140,994.57,927.85,945.15,0.00,0.00%,-,0,0.00%
NVDA250620P02180000,2024-05-06 10:30:00,2180,984.56,966.60,983.75,0.00,0.00%,2,1,0.00%
NVDA250620P02200000,5/29/2024 2:02 PM,2200,"1,050.65",984.00,"1,002.00",0.00,0.00%,-,0,0.00%
NVDA250620P02220000,5/30/2024 3:32 PM,2220,"1,099.41","1,004.00","1,021.90",0.00,0.00%,150,1,0.00%
NVDA250620P02240000,5/29/2024 3:57 PM,2240,"1,094.12","1,024.05","1,042.00",0.00,0.00%,-,0,0.00%
NVDA250620P02250000,2024-06-06 14:52:00,2250,"1,048.63","1,034.05","1,051.05","1,048.63",-,-,0,0.00%
NVDA250620P02280000,2024-05-06 10:30:00,2280,"1,083.90","1,064.00","1,082.00",0.00,0.00%,2,1,0.00%
NVDA250620P02300000,2024-06-06 14:50:00,2300,"1,096.04","1,082.00","1,102.00","1,096.04",-,-,0,0.00%
NVDA250620P02350000,2024-06-06 14:52:00,2350,"1,147.83","1,132.00","1,150.00","1,147.83",-,-,0,0.00%
NVDA250620P02400000,2024-06-06 14:50:00,2400,"1,195.81","1,182.00","1,202.00","1,195.81",-,-,0,0.00%
