Calls,"Jun 17, 2025 8:20pm",Unnamed: 2,Unnamed: 3,Unnamed: 4,Unnamed: 5,Unnamed: 6,Unnamed: 7,Unnamed: 8,Unnamed: 9,Unnamed: 10
In The Money,,,,,,,,,,
Contract Name,Last Trade Date (EDT),Strike,Last Price,Bid,Ask,Change,% Change,Volume,Open Interest,Implied Volatility
NVDA251219C00000500,6/16/2025 10:01 AM,0.5,144.03,142.80,144.10,0.00,0.00%,1,6.151,460.94%
NVDA251219C00001000,5/14/2025 10:22 AM,1,130.91,139.95,141.95,0.00,0.00%,2,121,0.00%
NVDA251219C00001500,2025-09-06 12:34:00,1.5,141.14,142.25,144.20,0.00,0.00%,1,654,359.38%
NVDA251219C00002000,3/27/2025 10:13 AM,2,110.76,107.60,109.90,0.00,0.00%,14,219,0.00%
NVDA251219C00002500,1/24/2025 11:48 AM,2.5,142.99,127.00,133.55,0.00,0.00%,100,108,0.00%
NVDA251219C00003000,2025-06-05 14:02:00,3,110.30,135.35,138.85,0.00,0.00%,3,8,0.00%
NVDA251219C00003500,5/29/2025 9:40 AM,3.5,139.31,139.55,142.95,0.00,0.00%,1,4,273.24%
NVDA251219C00004000,2025-08-05 14:28:00,4,114.45,136.35,139.65,0.00,0.00%,1,6,0.00%
NVDA251219C00004500,2/26/2025 11:33 AM,4.5,127.12,103.70,105.95,0.00,0.00%,2,2,0.00%
NVDA251219C00005000,4/23/2025 12:02 PM,5,98.50,125.60,127.30,0.00,0.00%,2,182,0.00%
NVDA251219C00005500,3/21/2025 12:33 PM,5.5,112.71,92.90,93.65,0.00,0.00%,1,1,0.00%
NVDA251219C00006000,4/21/2025 1:22 PM,6,89.84,124.70,127.80,0.00,0.00%,1,13,0.00%
NVDA251219C00006500,2025-03-06 11:34:00,6.5,135.67,136.85,140.30,0.00,0.00%,1,75,248.24%
NVDA251219C00007000,4/16/2025 9:42 AM,7,100.77,0.00,0.00,0.00,0.00%,2,12,0.00%
NVDA251219C00007500,6/13/2025 11:25 AM,7.5,135.40,136.70,138.55,0.00,0.00%,1,227,237.89%
NVDA251219C00008000,3/28/2025 3:03 PM,8,103.12,0.00,0.00,0.00,0.00%,1,0,0.00%
NVDA251219C00008500,2025-03-06 09:59:00,8.5,132.00,135.40,137.35,0.00,0.00%,2,165,207.91%
NVDA251219C00009000,4/25/2025 12:58 PM,9,102.00,120.85,124.70,0.00,0.00%,1,17,0.00%
NVDA251219C00009500,11/26/2024 12:14 PM,9.5,128.00,125.80,130.55,0.00,0.00%,3,13,0.00%
NVDA251219C00010000,2025-12-06 14:05:00,10,135.40,133.45,136.55,0.00,0.00%,50,63,203.13%
NVDA251219C00010500,6/17/2024 12:04 AM,10.5,40.27,-,-,0.00,0.00%,-,-,0.00%
NVDA251219C00011000,3/28/2025 3:20 PM,11,99.67,0.00,0.00,0.00,0.00%,1,0,0.00%
NVDA251219C00011500,2024-08-11 10:26:00,11.5,137.27,123.70,128.40,0.00,0.00%,1,2,0.00%
NVDA251219C00012000,2025-11-02 15:56:00,12,121.50,107.30,110.45,0.00,0.00%,1,721,0.00%
NVDA251219C00012500,1/27/2025 12:51 PM,12.5,107.82,108.00,114.25,0.00,0.00%,280,51,0.00%
NVDA251219C00013000,9/30/2024 11:21 AM,13,108.52,125.30,130.40,0.00,0.00%,1,0,0.00%
NVDA251219C00013500,5/29/2025 10:48 AM,13.5,128.00,130.40,132.45,0.00,0.00%,5,834,173.63%
NVDA251219C00014000,2025-08-05 11:46:00,14,104.80,127.35,129.20,0.00,0.00%,4,287,0.00%
NVDA251219C00014500,4/25/2025 12:30 PM,14.5,95.55,116.30,118.45,0.00,0.00%,50,215,0.00%
NVDA251219C00015000,2025-02-06 12:11:00,15,123.05,129.15,130.90,0.00,0.00%,50,854,170.70%
NVDA251219C00015500,3/26/2025 3:53 PM,15.5,99.22,94.50,96.90,0.00,0.00%,30,579,0.00%
NVDA251219C00016000,5/14/2025 1:36 PM,16,118.90,125.35,127.30,0.00,0.00%,40,1.667,0.00%
NVDA251219C00016500,2025-08-04 11:54:00,16.5,85.90,99.50,101.65,0.00,0.00%,84,201,0.00%
NVDA251219C00017000,4/21/2025 12:17 PM,17,79.90,120.45,121.40,0.00,0.00%,1,259,0.00%
NVDA251219C00017500,5/28/2025 10:58 AM,17.5,117.97,126.15,128.50,0.00,0.00%,1,310,147.85%
NVDA251219C00018000,2025-07-03 15:37:00,18,95.00,0.00,0.00,0.00,0.00%,1,1.096,0.00%
NVDA251219C00018500,5/15/2025 11:13 AM,18.5,115.98,122.90,124.85,0.00,0.00%,10,5.048,0.00%
NVDA251219C00019000,2025-11-06 15:15:00,19,123.95,125.45,127.15,0.00,0.00%,16,1.092,162.89%
NVDA251219C00019500,5/28/2025 2:30 PM,19.5,117.83,124.50,126.60,0.00,0.00%,5,1.06,150.88%
NVDA251219C00020000,2025-11-06 11:31:00,20,124.63,123.80,126.00,0.00,0.00%,20,4.424,142.09%
NVDA251219C00020500,5/29/2025 1:23 PM,20.5,120.13,123.70,125.65,0.00,0.00%,8,668,151.95%
NVDA251219C00021000,6/13/2025 10:47 AM,21,121.58,123.10,125.20,0.00,0.00%,10,789,149.12%
NVDA251219C00021500,6/13/2025 3:57 PM,21.5,120.92,122.70,124.70,0.00,0.00%,4,2.11,149.02%
NVDA251219C00022000,2025-05-06 11:15:00,22,121.15,122.10,124.20,0.00,0.00%,1,1.876,145.41%
NVDA251219C00022500,5/23/2025 2:26 PM,22.5,110.40,122.05,123.75,0.00,0.00%,10,432,151.95%
NVDA251219C00023000,5/14/2025 10:30 AM,23,110.27,118.50,120.55,0.00,0.00%,10,1.554,0.00%
NVDA251219C00023500,2/27/2025 2:28 PM,23.5,103.55,86.90,88.20,0.00,0.00%,15,915,0.00%
NVDA251219C00024000,2025-08-05 15:34:00,24,95.30,117.60,119.45,0.00,0.00%,10,2.613,0.00%
NVDA251219C00024500,5/15/2025 11:06 AM,24.5,110.00,117.05,119.00,0.00,0.00%,20,1.205,0.00%
NVDA251219C00025000,2025-04-06 09:41:00,25,117.71,119.20,121.15,0.00,0.00%,10,5.55,136.18%
NVDA251219C00025500,2025-12-06 13:00:00,25.5,119.25,118.40,120.75,0.00,0.00%,1,1.387,131.15%
NVDA251219C00026000,6/13/2025 10:54 AM,26,116.91,118.55,120.35,0.00,0.00%,10,1.608,141.31%
NVDA251219C00026500,5/29/2025 10:06 AM,26.5,114.55,117.70,119.80,0.00,0.00%,2,1.578,133.98%
NVDA251219C00027000,2025-01-05 10:58:00,27,87.55,107.75,109.95,0.00,0.00%,7,1.99,0.00%
NVDA251219C00027500,6/13/2025 11:03 AM,27.5,115.80,116.45,118.75,0.00,0.00%,750,2.591,126.27%
NVDA251219C00028000,6/16/2025 11:28 AM,28,118.54,116.80,117.70,0.00,0.00%,1,4.958,129.59%
NVDA251219C00028500,4/21/2025 10:16 AM,28.5,68.91,105.95,106.70,0.00,0.00%,1,1.585,0.00%
NVDA251219C00029000,6/17/2025 10:28 AM,29,116.14,115.00,117.10,0.19,0.16%,10,1.805,120.61%
NVDA251219C00029500,2025-11-04 10:33:00,29.5,80.75,101.35,102.05,0.00,0.00%,32,1.439,0.00%
NVDA251219C00030000,6/16/2025 1:05 PM,30,116.55,114.80,115.65,0.00,0.00%,2,9.89,123.49%
NVDA251219C00030500,6/17/2025 1:46 PM,30.5,114.85,113.95,115.35,1.21,1.06%,10,2.153,120.02%
NVDA251219C00031000,2025-11-06 14:32:00,31,112.35,113.25,114.75,0.00,0.00%,3,3.526,114.01%
NVDA251219C00031500,2025-02-05 11:23:00,31.5,84.07,103.35,105.55,0.00,0.00%,1,638,0.00%
NVDA251219C00032000,6/16/2025 11:12 AM,32,114.50,112.40,113.90,0.00,0.00%,10,894,116.36%
NVDA251219C00032500,6/13/2025 10:05 AM,32.5,111.25,111.70,113.80,0.00,0.00%,30,2.316,117.97%
NVDA251219C00033000,2025-10-06 09:59:00,33,110.15,111.45,113.25,0.00,0.00%,6,1.048,119.39%
NVDA251219C00033500,2025-10-06 14:53:00,33.5,110.74,111.30,112.55,0.00,0.00%,9,1.831,120.02%
NVDA251219C00034000,2025-11-06 12:35:00,34,110.36,110.60,112.50,0.00,0.00%,2,1.175,121.68%
NVDA251219C00034500,2025-06-06 11:10:00,34.5,109.00,110.40,111.50,0.00,0.00%,1,820,118.24%
NVDA251219C00035000,2025-11-06 15:59:00,35,108.90,109.80,111.05,0.00,0.00%,21,2.565,116.50%
NVDA251219C00035500,5/27/2025 3:21 PM,35.5,100.85,109.55,110.55,0.00,0.00%,10,2.412,118.16%
NVDA251219C00036000,2025-03-04 11:06:00,36,68.25,79.25,80.50,0.00,0.00%,2,1.833,0.00%
NVDA251219C00036500,2025-07-02 11:23:00,36.5,94.55,72.10,73.00,0.00,0.00%,200,2.793,0.00%
NVDA251219C00037000,5/21/2025 2:18 PM,37,97.35,108.00,109.00,0.00,0.00%,2,3.038,113.72%
NVDA251219C00037500,6/16/2025 11:05 AM,37.5,109.00,107.65,108.40,0.00,0.00%,2,2.475,113.18%
NVDA251219C00038000,2025-06-06 09:30:00,38,105.78,106.85,108.15,0.00,0.00%,10,2.599,111.60%
NVDA251219C00038500,5/29/2025 2:13 PM,38.5,101.84,106.25,108.00,0.00,0.00%,5,1.892,113.06%
NVDA251219C00039000,6/13/2025 9:39 AM,39,105.27,105.80,107.20,0.00,0.00%,10,7.557,109.52%
NVDA251219C00039500,2025-12-06 12:36:00,39.5,105.81,105.65,106.80,0.00,0.00%,10,5.761,112.84%
NVDA251219C00040000,6/16/2025 3:36 PM,40,105.68,104.55,106.45,0.00,0.00%,10,6.393,107.52%
NVDA251219C00041000,2025-03-06 11:39:00,41,101.60,103.95,105.50,0.00,0.00%,2,4.522,109.77%
NVDA251219C00041500,2/14/2025 2:24 PM,41.5,98.64,78.95,79.50,0.00,0.00%,1,1.127,0.00%
NVDA251219C00042000,2025-12-06 13:54:00,42,103.76,103.30,104.45,0.00,0.00%,1,5.225,110.35%
NVDA251219C00042500,2025-10-06 13:46:00,42.5,101.00,102.40,104.10,0.00,0.00%,20,1.57,107.25%
NVDA251219C00043000,2025-02-06 14:26:00,43,96.38,102.15,103.00,0.00,0.00%,3,7.857,103.17%
NVDA251219C00043500,5/29/2025 3:50 PM,43.5,97.00,101.75,102.75,0.00,0.00%,5,4.065,105.32%
NVDA251219C00044000,6/16/2025 12:14 PM,44,103.27,101.40,102.40,0.00,0.00%,10,4.426,106.86%
NVDA251219C00044500,2025-07-04 11:05:00,44.5,55.45,73.50,74.50,0.00,0.00%,4,1.781,0.00%
NVDA251219C00045000,6/17/2025 12:55 PM,45,100.77,99.55,101.35,2.77,2.83%,10,5.956,97.27%
NVDA251219C00045500,2025-12-06 10:39:00,45.5,100.35,99.65,100.75,0.00,0.00%,10,3.448,100.83%
NVDA251219C00046000,6/17/2025 12:56 PM,46,99.80,98.45,100.55,-0.10,-0.10%,100,2.635,96.46%
NVDA251219C00046500,5/28/2025 2:47 PM,46.5,92.00,98.90,99.90,0.00,0.00%,1,1.872,102.22%
NVDA251219C00047000,2025-06-06 11:12:00,47,96.50,97.65,99.45,0.00,0.00%,1,2.871,95.65%
NVDA251219C00047500,5/28/2025 3:33 PM,47.5,90.15,97.85,99.25,0.00,0.00%,3,1.906,102.66%
NVDA251219C00048000,5/29/2025 9:30 AM,48,94.20,96.80,98.80,0.00,0.00%,1,7.274,98.05%
NVDA251219C00048500,5/28/2025 3:25 PM,48.5,89.91,96.35,97.95,0.00,0.00%,1,1.575,94.82%
NVDA251219C00049000,6/13/2025 10:04 AM,49,95.20,96.15,97.55,0.00,0.00%,5,2.085,97.12%
NVDA251219C00049500,2025-10-06 09:55:00,49.5,94.66,95.55,96.75,0.00,0.00%,42,3.185,93.21%
NVDA251219C00050000,2025-09-06 15:38:00,50,94.00,95.05,96.25,0.00,0.00%,68,8.436,92.38%
NVDA251219C00050500,5/29/2025 9:43 AM,50.5,94.17,94.50,95.80,0.00,0.00%,19,1.438,91.60%
NVDA251219C00051000,6/16/2025 1:08 PM,51,96.00,94.00,95.35,0.00,0.00%,3,5.688,91.21%
NVDA251219C00051500,2025-05-06 14:13:00,51.5,90.46,93.25,95.15,0.00,0.00%,1,1.734,90.80%
NVDA251219C00052000,4/16/2025 3:10 PM,52,52.38,84.55,85.80,0.00,0.00%,4,5.502,0.00%
NVDA251219C00052500,5/27/2025 9:46 AM,52.5,83.10,92.60,93.85,0.00,0.00%,2,1.084,89.62%
NVDA251219C00053000,4/23/2025 9:30 AM,53,55.27,0.00,0.00,0.00,0.00%,1,3.723,0.00%
NVDA251219C00053500,2025-10-06 14:55:00,53.5,92.28,92.10,93.05,0.00,0.00%,1,4.996,92.92%
NVDA251219C00054000,2025-02-06 09:46:00,54,84.35,91.00,93.05,0.00,0.00%,1,2.086,91.48%
NVDA251219C00054500,2025-06-06 14:35:00,54.5,90.00,91.00,92.05,0.00,0.00%,3,490,90.70%
NVDA251219C00055000,6/17/2025 12:55 PM,55,91.17,89.95,92.00,-1.35,-1.46%,10,4.685,89.31%
NVDA251219C00055500,2025-09-06 09:44:00,55.5,89.63,89.80,91.45,0.00,0.00%,10,570,90.43%
NVDA251219C00056000,2025-09-06 09:44:00,56,89.15,89.55,90.50,0.00,0.00%,10,790,88.43%
NVDA251219C00056500,2025-09-06 10:17:00,56.5,89.54,88.45,90.25,0.00,0.00%,2,2.582,85.42%
NVDA251219C00057000,2025-06-06 12:40:00,57,87.00,88.05,89.60,0.00,0.00%,4,10.063,84.38%
NVDA251219C00057500,2025-04-06 10:04:00,57.5,85.00,87.50,89.70,0.00,0.00%,2,2.527,87.13%
NVDA251219C00058000,2025-10-06 15:33:00,58,87.90,87.10,88.70,0.00,0.00%,1,1.951,83.94%
NVDA251219C00058500,2025-11-06 10:21:00,58.5,87.77,87.20,88.40,0.00,0.00%,2,2.968,88.01%
NVDA251219C00059000,4/23/2025 10:10 AM,59,48.20,73.60,75.50,0.00,0.00%,3,2.171,0.00%
NVDA251219C00059500,6/16/2025 11:42 AM,59.5,87.83,86.30,87.35,0.00,0.00%,2,620,86.82%
NVDA251219C00060000,2025-12-06 11:17:00,60,86.50,85.75,86.65,0.00,0.00%,6,7.26,84.72%
NVDA251219C00060500,2025-02-05 09:38:00,60.5,57.50,75.70,77.75,0.00,0.00%,2,1.056,0.00%
NVDA251219C00061000,6/16/2025 11:42 AM,61,86.40,84.70,85.90,0.00,0.00%,2,2.439,84.40%
NVDA251219C00061500,2025-01-05 10:59:00,61.5,55.20,75.00,76.65,0.00,0.00%,1,1.144,0.00%
NVDA251219C00062000,2025-05-05 09:36:00,62,54.80,0.00,0.00,0.00,0.00%,1,0,0.00%
NVDA251219C00062500,5/27/2025 2:50 PM,62.5,75.13,83.30,84.50,0.00,0.00%,13,1.647,83.37%
NVDA251219C00063000,2025-03-06 15:20:00,63,80.53,83.10,84.20,0.00,0.00%,1,908,85.18%
NVDA251219C00063500,4/23/2025 11:32 AM,63.5,43.85,69.40,71.35,0.00,0.00%,2,824,0.00%
NVDA251219C00064000,6/17/2025 9:30 AM,64,82.48,82.15,83.25,8.79,11.93%,1,2.915,84.28%
NVDA251219C00064500,2025-02-06 10:40:00,64.5,74.65,81.30,82.55,0.00,0.00%,10,1.135,80.88%
NVDA251219C00065000,6/16/2025 10:34 AM,65,81.83,81.30,82.25,0.30,0.37%,1,3.362,83.58%
NVDA251219C00065500,2025-10-06 09:31:00,65.5,79.70,80.00,81.60,0.00,0.00%,10,400,78.30%
NVDA251219C00066000,2025-10-06 09:31:00,66,79.24,80.00,81.40,0.00,0.00%,10,1.113,81.52%
NVDA251219C00066500,6/16/2025 12:03 PM,66.5,81.30,79.75,80.60,0.00,0.00%,1,451,80.62%
NVDA251219C00067000,2025-05-05 09:54:00,67,50.49,76.35,76.85,0.00,0.00%,1,0,0.00%
NVDA251219C00067500,5/27/2025 12:01 PM,67.5,70.45,78.75,80.00,0.00,0.00%,1,524,81.08%
NVDA251219C00068000,6/16/2025 12:03 PM,68,79.85,78.25,79.30,0.00,0.00%,21,9.724,79.53%
NVDA251219C00068500,5/29/2025 11:16 AM,68.5,74.90,77.50,79.00,0.00,0.00%,2,424,78.64%
NVDA251219C00069000,5/30/2025 9:38 AM,69,71.52,76.65,78.30,0.00,0.00%,1,1.24,75.50%
NVDA251219C00069500,4/23/2025 1:37 PM,69.5,39.70,64.45,65.55,0.00,0.00%,13,2.134,0.00%
NVDA251219C00070000,6/13/2025 1:11 PM,70,77.20,76.15,77.60,1.76,2.33%,5,7.397,77.78%
NVDA251219C00070500,2025-09-06 12:39:00,70.5,74.59,75.05,77.35,0.00,0.00%,3,1.097,75.64%
NVDA251219C00071000,2025-02-06 10:33:00,71,76.37,74.70,76.40,7.84,11.44%,1,1.541,73.68%
NVDA251219C00072000,2025-12-06 11:06:00,72,75.40,74.60,75.60,0.00,0.00%,1,1.257,77.05%
NVDA251219C00073000,2025-10-06 15:30:00,73,73.90,72.90,75.05,0.00,0.00%,1,4.21,74.78%
NVDA251219C00074000,6/16/2025 12:21 PM,74,74.45,72.55,73.55,0.00,0.00%,17,1.302,74.13%
NVDA251219C00075000,6/13/2025 12:20 PM,75,70.75,71.15,72.95,0.00,0.00%,5,3.654,72.90%
NVDA251219C00076000,2025-06-06 12:13:00,76,69.64,70.90,71.60,0.00,0.00%,2,1.867,73.18%
NVDA251219C00077000,6/16/2025 10:59 AM,77,70.50,69.90,70.60,0.00,0.00%,1,2.109,71.96%
NVDA251219C00078000,5/29/2025 1:46 PM,78,64.05,68.30,70.20,0.00,0.00%,463,1.954,70.75%
NVDA251219C00079000,2025-12-06 10:58:00,79,68.84,67.10,68.65,0.00,0.00%,1,1.705,66.82%
NVDA251219C00080000,6/16/2025 12:42 PM,80,67.05,66.65,68.75,-1.54,-2.25%,1,4.138,71.45%
NVDA251219C00081000,2025-06-06 11:31:00,81,64.25,65.65,66.85,0.00,0.00%,1,992,67.22%
NVDA251219C00082000,2025-05-06 10:42:00,82,63.40,65.20,66.00,0.00,0.00%,9,2.981,68.41%
NVDA251219C00083000,6/16/2025 12:41 PM,83,65.82,64.30,65.10,0.00,0.00%,2,2.943,67.88%
NVDA251219C00084000,6/16/2025 11:01 AM,84,64.24,62.70,64.65,0.00,0.00%,2,10.457,66.57%
NVDA251219C00085000,6/17/2025 1:39 PM,85,63.10,62.70,63.05,-0.70,-1.10%,2,14.514,66.64%
NVDA251219C00086000,6/13/2025 10:16 AM,86,59.80,61.00,62.40,0.00,0.00%,1,5.582,64.44%
NVDA251219C00088000,6/17/2025 11:39 AM,88,60.00,59.85,60.60,-1.18,-1.93%,2,1.395,65.23%
NVDA251219C00090000,6/17/2025 1:16 PM,90,58.70,57.65,58.60,-0.14,-0.24%,1,17.534,62.43%
NVDA251219C00092000,6/16/2025 11:33 AM,92,57.60,56.30,57.05,0.00,0.00%,34,1.369,63.12%
NVDA251219C00093000,6/16/2025 2:07 PM,93,56.39,55.40,56.20,0.00,0.00%,51,1.169,62.62%
NVDA251219C00094000,6/16/2025 12:10 PM,94,56.11,54.55,55.20,0.00,0.00%,50,2.645,61.88%
NVDA251219C00095000,6/17/2025 9:42 AM,95,54.50,53.50,54.25,-0.50,-0.91%,6,8.339,60.77%
NVDA251219C00096000,6/13/2025 9:41 AM,96,51.80,52.75,53.60,0.00,0.00%,5,1.404,61.09%
NVDA251219C00097000,6/16/2025 1:58 PM,97,52.86,51.90,52.60,0.00,0.00%,1,764,60.33%
NVDA251219C00098000,6/16/2025 11:10 AM,98,52.64,51.10,51.85,0.00,0.00%,1,1.787,60.24%
NVDA251219C00099000,6/13/2025 12:23 PM,99,49.43,50.20,50.85,0.00,0.00%,1,685,59.36%
NVDA251219C00100000,6/17/2025 12:32 PM,100,50.10,49.65,49.85,0.34,0.68%,20,16.408,59.24%
NVDA251219C00101000,6/16/2025 1:58 PM,101,49.42,48.50,49.05,0.00,0.00%,1,1.508,58.24%
NVDA251219C00102000,6/16/2025 1:54 PM,102,48.78,47.80,48.30,0.00,0.00%,10,1.377,58.30%
NVDA251219C00103000,6/16/2025 10:46 AM,103,47.15,47.00,47.30,0.00,0.00%,2,1.753,57.61%
NVDA251219C00104000,6/16/2025 1:50 PM,104,47.18,46.30,46.70,0.00,0.00%,3,1.011,57.91%
NVDA251219C00105000,6/16/2025 3:54 PM,105,45.70,45.50,45.75,0.00,0.00%,9,4.737,57.29%
NVDA251219C00106000,6/16/2025 3:54 PM,106,44.71,44.60,44.90,-0.04,-0.09%,40,1.219,56.67%
NVDA251219C00107000,6/17/2025 9:30 AM,107,43.95,43.65,44.05,2.00,4.77%,1,1.007,55.95%
NVDA251219C00108000,6/17/2025 1:24 PM,108,43.65,43.00,43.25,-0.13,-0.30%,500,2.699,55.87%
NVDA251219C00109000,6/16/2025 2:36 PM,109,43.00,42.20,42.50,0.00,0.00%,2,2.553,55.59%
NVDA251219C00110000,6/17/2025 10:23 AM,110,41.50,41.50,41.65,-0.40,-0.95%,7,22.926,55.29%
NVDA251219C00111000,6/16/2025 3:59 PM,111,40.90,40.70,40.85,0.00,0.00%,11,554,54.88%
NVDA251219C00112000,6/17/2025 1:24 PM,112,40.50,39.95,40.10,0.41,1.02%,1,5.018,54.63%
NVDA251219C00113000,6/16/2025 9:33 AM,113,39.55,39.20,39.35,0.70,1.80%,2,1.06,54.36%
NVDA251219C00114000,6/17/2025 12:29 PM,114,39.01,38.55,38.70,2.31,6.29%,30,787,54.41%
NVDA251219C00115000,6/17/2025 1:47 PM,115,37.85,37.60,37.75,-0.27,-0.71%,7,7.84,53.44%
NVDA251219C00116000,6/17/2025 12:21 PM,116,37.35,36.95,37.10,-0.03,-0.08%,4,1.603,53.46%
NVDA251219C00117000,6/16/2025 2:11 PM,117,36.75,36.15,36.30,0.00,0.00%,3,3.403,52.95%
NVDA251219C00118000,6/17/2025 12:07 PM,118,36.05,35.40,35.55,-0.45,-1.23%,1,1.91,52.61%
NVDA251219C00119000,6/17/2025 10:57 AM,119,34.67,34.75,34.90,2.01,6.15%,2,2.54,52.55%
NVDA251219C00120000,6/17/2025 1:06 PM,120,34.10,34.15,34.30,-0.05,-0.15%,18,22.081,52.63%
NVDA251219C00121000,6/17/2025 10:14 AM,121,33.70,33.40,33.60,-0.20,-0.59%,5,4.309,52.30%
NVDA251219C00122000,6/16/2025 3:32 PM,122,32.70,32.80,32.95,0.00,0.00%,1,897,52.25%
NVDA251219C00123000,6/16/2025 1:54 PM,123,31.70,32.00,32.15,-0.95,-2.91%,3,1.154,51.66%
NVDA251219C00124000,6/17/2025 12:25 PM,124,31.65,31.45,31.60,-0.75,-2.31%,1,1.022,51.79%
NVDA251219C00125000,6/17/2025 1:19 PM,125,30.95,30.65,30.80,0.25,0.81%,87,11.669,51.18%
NVDA251219C00126000,6/17/2025 11:29 AM,126,29.95,30.05,30.20,-0.45,-1.48%,4,3.733,51.12%
NVDA251219C00127000,6/17/2025 1:46 PM,127,29.40,29.45,29.55,-1.05,-3.45%,1,1.583,50.97%
NVDA251219C00128000,6/16/2025 2:49 PM,128,29.07,28.70,28.85,0.00,0.00%,194,1.084,50.53%
NVDA251219C00129000,6/17/2025 11:43 AM,129,28.12,28.00,28.15,-0.08,-0.28%,26,1.743,50.13%
NVDA251219C00130000,6/17/2025 1:30 PM,130,27.71,27.45,27.60,0.36,1.32%,56,19.351,50.13%
NVDA251219C00132000,6/17/2025 10:23 AM,132,26.25,26.15,26.30,0.00,0.00%,9,2.754,49.73%
NVDA251219C00134000,6/17/2025 11:56 AM,134,25.16,25.05,25.20,-0.31,-1.22%,4,3.845,49.59%
NVDA251219C00135000,6/17/2025 1:36 PM,135,24.80,24.45,24.60,0.40,1.64%,120,14.701,49.35%
NVDA251219C00136000,6/17/2025 12:13 PM,136,24.20,23.85,24.00,0.12,0.50%,25,6.303,49.10%
NVDA251219C00138000,6/17/2025 10:27 AM,138,23.16,22.70,22.85,0.26,1.14%,27,7.634,48.66%
NVDA251219C00140000,6/17/2025 1:46 PM,140,21.70,21.65,21.80,0.02,0.09%,77,18.43,48.41%
NVDA251219C00142000,6/17/2025 1:06 PM,142,20.65,20.50,20.65,-0.01,-0.05%,279,3.786,47.83%
NVDA251219C00144000,6/17/2025 1:21 PM,144,19.85,19.60,19.75,0.35,1.79%,53,2.612,47.80%
NVDA251219C00145000,6/17/2025 1:33 PM,145,19.34,19.20,19.30,0.39,2.06%,134,15.191,47.75%
NVDA251219C00146000,6/17/2025 1:37 PM,146,18.95,18.60,18.75,0.37,1.99%,40,6.367,47.44%
NVDA251219C00148000,6/17/2025 1:42 PM,148,17.88,17.65,17.75,0.26,1.48%,9,2.944,47.02%
NVDA251219C00150000,6/17/2025 1:42 PM,150,17.01,16.80,16.90,0.36,2.16%,243,36.016,46.88%
NVDA251219C00152000,6/17/2025 1:28 PM,152,16.22,15.95,16.05,0.37,2.33%,16,5.237,46.67%
NVDA251219C00154000,6/17/2025 12:43 PM,154,15.30,15.05,15.15,0.01,0.07%,4,1.906,46.27%
NVDA251219C00155000,6/17/2025 1:34 PM,155,14.90,14.75,14.85,0.02,0.13%,662,13.887,46.41%
NVDA251219C00156000,6/17/2025 12:11 PM,156,14.40,14.30,14.40,0.10,0.70%,19,2.547,46.16%
NVDA251219C00158000,6/17/2025 11:48 AM,158,13.70,13.55,13.65,0.17,1.26%,5,1.946,45.98%
NVDA251219C00160000,6/17/2025 1:18 PM,160,13.10,12.80,12.90,0.40,3.15%,135,26.843,45.73%
NVDA251219C00162000,6/17/2025 12:39 PM,162,12.30,12.10,12.20,-0.05,-0.40%,9,2.505,45.53%
NVDA251219C00164000,6/17/2025 12:44 PM,164,11.60,11.40,11.50,0.15,1.31%,5,2.848,45.26%
NVDA251219C00165000,6/17/2025 12:56 PM,165,11.40,11.15,11.20,0.36,3.26%,67,19.839,45.22%
NVDA251219C00166000,6/17/2025 11:49 AM,166,10.80,10.85,10.95,-0.15,-1.37%,9,1.153,45.30%
NVDA251219C00167000,6/17/2025 12:09 PM,167,10.70,10.55,10.60,0.00,0.00%,106,788,45.11%
NVDA251219C00168000,6/17/2025 12:24 PM,168,10.40,10.25,10.30,-0.10,-0.95%,7,7.898,45.02%
NVDA251219C00169000,6/17/2025 12:44 PM,169,10.05,9.90,10.00,0.05,0.50%,15,813,44.92%
NVDA251219C00170000,6/17/2025 1:11 PM,170,9.82,9.70,9.80,0.22,2.29%,191,11.343,45.06%
NVDA251219C00171000,6/17/2025 11:44 AM,171,9.50,9.35,9.45,-0.09,-0.94%,9,1.115,44.80%
NVDA251219C00172000,6/17/2025 12:45 PM,172,9.25,9.10,9.20,-0.12,-1.28%,5,1.122,44.78%
NVDA251219C00173000,6/17/2025 11:48 AM,173,9.00,8.90,9.00,0.25,2.86%,6,1.415,44.88%
NVDA251219C00174000,6/17/2025 12:51 PM,174,8.70,8.60,8.70,-0.16,-1.81%,14,1.086,44.70%
NVDA251219C00175000,6/17/2025 1:44 PM,175,8.45,8.40,8.50,0.11,1.32%,52,14.026,44.77%
NVDA251219C00176000,6/17/2025 1:42 PM,176,8.25,8.15,8.20,0.01,0.12%,7,710,44.56%
NVDA251219C00177000,6/17/2025 1:45 PM,177,8.00,7.90,8.00,0.03,0.38%,13,847,44.60%
NVDA251219C00178000,6/17/2025 12:52 PM,178,7.75,7.70,7.75,0.01,0.13%,20,1.771,44.49%
NVDA251219C00179000,6/17/2025 12:50 PM,179,7.51,7.40,7.50,0.01,0.13%,13,1.948,44.36%
NVDA251219C00180000,6/17/2025 1:40 PM,180,7.35,7.30,7.35,0.15,2.08%,190,8.968,44.50%
NVDA251219C00181000,6/17/2025 1:45 PM,181,7.10,7.05,7.15,0.01,0.14%,27,1.204,44.48%
NVDA251219C00182000,6/17/2025 1:40 PM,182,6.95,6.80,6.90,0.05,0.72%,34,1.184,44.31%
NVDA251219C00183000,6/17/2025 12:51 PM,183,6.71,6.65,6.70,-0.24,-3.45%,24,865,44.26%
NVDA251219C00184000,6/17/2025 1:01 PM,184,6.55,6.45,6.55,0.04,0.61%,21,1.221,44.35%
NVDA251219C00185000,6/17/2025 12:54 PM,185,6.30,6.20,6.30,0.06,0.96%,6,8.808,44.14%
NVDA251219C00186000,6/17/2025 1:41 PM,186,6.20,6.10,6.15,0.10,1.64%,9,642,44.20%
NVDA251219C00187000,6/17/2025 1:41 PM,187,6.00,5.90,6.00,0.08,1.35%,7,608,44.24%
NVDA251219C00188000,6/17/2025 12:44 PM,188,5.80,5.75,5.80,0.05,0.87%,10,967,44.13%
NVDA251219C00189000,6/17/2025 1:46 PM,189,5.60,5.60,5.65,0.10,1.82%,593,1.243,44.15%
NVDA251219C00190000,6/17/2025 1:41 PM,190,5.50,5.45,5.50,0.11,2.04%,61,11.354,44.17%
NVDA251219C00191000,6/17/2025 1:40 PM,191,5.35,5.25,5.30,-0.15,-2.73%,7,452,44.01%
NVDA251219C00192000,6/17/2025 1:03 PM,192,5.15,5.15,5.20,-0.19,-3.56%,6,1.475,44.15%
NVDA251219C00193000,6/17/2025 1:49 PM,193,5.00,4.95,5.00,-0.20,-3.85%,6,1.142,43.97%
NVDA251219C00194000,6/17/2025 1:40 PM,194,4.90,4.80,4.85,0.00,0.00%,4,1.718,43.93%
NVDA251219C00195000,6/17/2025 1:48 PM,195,4.70,4.70,4.75,-0.05,-1.05%,86,7.098,44.04%
NVDA251219C00200000,6/17/2025 1:20 PM,200,4.13,4.05,4.15,0.13,3.25%,193,27.609,44.13%
NVDA251219C00205000,6/17/2025 12:59 PM,205,3.53,3.55,3.60,-0.07,-1.94%,6,4.798,44.12%
NVDA251219C00210000,6/17/2025 12:58 PM,210,3.12,3.05,3.15,-0.03,-0.95%,47,3.746,44.23%
NVDA251219C00212000,6/16/2025 11:08 AM,212,2.94,2.90,2.94,-0.11,-3.61%,1,691,44.07%
NVDA251219C00213000,6/16/2025 11:08 AM,213,2.97,2.83,2.86,0.00,0.00%,3,531,44.09%
NVDA251219C00214000,6/16/2025 9:46 AM,214,2.58,2.75,2.79,0.00,0.00%,130,887,44.14%
NVDA251219C00215000,6/16/2025 3:54 PM,215,2.63,2.67,2.71,0.00,0.00%,172,2.876,44.13%
NVDA251219C00216000,6/16/2025 11:09 AM,216,2.75,2.61,2.64,0.00,0.00%,51,643,44.17%
NVDA251219C00217000,6/17/2025 11:06 AM,217,2.55,2.55,2.58,-0.13,-4.85%,50,358,44.23%
NVDA251219C00218000,6/16/2025 11:08 AM,218,2.44,2.46,2.51,-0.16,-6.15%,1,89,44.24%
NVDA251219C00219000,6/16/2025 12:58 PM,219,2.55,2.39,2.43,0.00,0.00%,8,182,44.20%
NVDA251219C00220000,6/16/2025 2:52 PM,220,2.36,2.34,2.38,-0.01,-0.42%,2,24.286,44.29%
NVDA251219C00221000,6/17/2025 9:30 AM,221,2.29,2.27,2.32,-0.11,-4.58%,5,158,44.32%
NVDA251219C00222000,6/16/2025 1:37 PM,222,2.27,2.22,2.25,0.00,0.00%,19,249,44.30%
NVDA251219C00223000,6/16/2025 1:08 PM,223,2.28,2.16,2.20,0.00,0.00%,2,675,44.37%
NVDA251219C00224000,6/17/2025 9:53 AM,224,2.08,2.10,2.14,-0.14,-6.31%,1,571,44.39%
NVDA251219C00225000,6/17/2025 11:21 AM,225,2.06,2.04,2.09,-0.11,-5.07%,26,935,44.44%
NVDA251219C00226000,6/17/2025 9:53 AM,226,1.97,1.99,2.03,-0.14,-6.64%,1,650,44.43%
NVDA251219C00227000,6/16/2025 1:21 PM,227,2.05,1.94,1.98,0.00,0.00%,19,855,44.47%
NVDA251219C00228000,6/16/2025 2:11 PM,228,1.94,1.91,1.94,0.00,0.00%,7,2.171,44.56%
NVDA251219C00230000,6/16/2025 2:09 PM,230,1.85,1.80,1.84,0.00,0.00%,9,1.93,44.61%
NVDA251219C00235000,6/16/2025 2:11 PM,235,1.61,1.60,1.62,-0.01,-0.62%,1,664,44.76%
NVDA251219C00240000,6/16/2025 12:59 PM,240,1.43,1.40,1.43,-0.06,-4.03%,1,1.768,44.93%
NVDA251219C00245000,6/16/2025 9:55 AM,245,1.18,1.25,1.28,0.00,0.00%,3,1.064,45.22%
NVDA251219C00250000,6/16/2025 2:27 PM,250,1.14,1.10,1.13,0.00,0.00%,61,2.53,45.36%
NVDA251219C00255000,6/17/2025 11:31 AM,255,0.98,0.98,1.01,-0.01,-1.01%,8,2.173,45.61%
NVDA251219C00260000,6/16/2025 11:09 AM,260,0.92,0.88,0.91,0.00,0.00%,1,2.369,45.90%
NVDA251219C00265000,6/16/2025 11:05 AM,265,0.80,0.79,0.81,0.00,0.00%,1,816,46.07%
NVDA251219C00270000,2025-11-06 11:31:00,270,0.73,0.71,0.73,0.00,0.00%,1,1.575,46.34%
NVDA251219C00275000,6/16/2025 2:06 PM,275,0.65,0.63,0.66,0.00,0.00%,26,1.134,46.61%
NVDA251219C00280000,6/16/2025 1:45 PM,280,0.59,0.57,0.60,0.01,1.72%,1,11.334,46.90%
NVDA251219C00285000,5/24/2024 9:56 AM,285,782.77,943.05,960.05,0.00,0.00%,12,160,0.00%
NVDA251219C00290000,6/17/2025 9:44 AM,290,0.47,0.47,0.49,0.00,0.00%,1,2.068,47.34%
NVDA251219C00295000,2024-03-06 11:36:00,295,870.70,934.00,950.70,0.00,0.00%,1,143,0.00%
NVDA251219C00300000,6/17/2025 1:38 PM,300,0.40,0.38,0.40,0.01,2.56%,16,7.143,47.73%
NVDA251219C00305000,2024-06-06 10:12:00,305,935.00,925.10,942.10,0.00,0.00%,1,212,0.00%
NVDA251219C00310000,5/29/2024 2:12 PM,310,866.95,920.65,937.65,0.00,0.00%,2,539,0.00%
NVDA251219C00315000,2024-05-06 14:10:00,315,931.05,916.25,933.20,0.00,0.00%,20,77,0.00%
NVDA251219C00320000,2024-07-06 15:31:00,320,920.16,911.90,928.75,51.36,5.91%,1,95,0.00%
NVDA251219C00325000,2024-03-05 10:18:00,325,591.00,796.00,814.00,0.00,0.00%,2,178,0.00%
NVDA251219C00330000,5/23/2024 2:50 PM,330,737.00,903.05,919.85,0.00,0.00%,2,101,0.00%
NVDA251219C00335000,3/27/2024 10:08 AM,335,602.00,571.10,581.35,0.00,0.00%,1,120,0.00%
NVDA251219C00340000,2024-06-06 12:44:00,340,882.50,894.25,910.95,0.00,0.00%,10,156,0.00%
NVDA251219C00345000,2024-07-05 11:40:00,345,599.60,893.20,901.70,0.00,0.00%,2,60,0.00%
NVDA251219C00350000,2024-07-06 15:37:00,350,893.71,885.35,901.45,128.71,16.82%,1,289,0.00%
NVDA251219C00355000,3/18/2024 9:35 AM,355,604.69,524.20,535.75,0.00,0.00%,1,294,0.00%
NVDA251219C00360000,5/29/2024 11:02 AM,360,818.47,876.55,892.95,0.00,0.00%,1,384,0.00%
NVDA251219C00365000,2024-08-04 10:50:00,365,558.80,579.10,582.15,0.00,0.00%,1,511,0.00%
NVDA251219C00370000,2024-03-06 15:58:00,370,817.44,867.75,884.10,0.00,0.00%,1,379,0.00%
NVDA251219C00375000,2024-08-05 09:48:00,375,575.90,864.00,879.80,0.00,0.00%,1,351,0.00%
NVDA251219C00380000,2024-03-06 15:58:00,380,808.66,859.00,875.40,0.00,0.00%,1,331,0.00%
NVDA251219C00385000,2024-08-04 14:00:00,385,535.48,563.95,566.95,0.00,0.00%,1,242,0.00%
NVDA251219C00390000,2024-05-06 10:02:00,390,842.00,850.85,866.80,0.00,0.00%,1,870,0.00%
NVDA251219C00395000,2024-07-06 15:37:00,395,851.00,845.85,862.35,-10.00,-1.16%,4,654,0.00%
NVDA251219C00400000,2024-07-06 14:26:00,400,841.88,842.15,857.90,-3.02,-0.36%,3,699,0.00%
NVDA251219C00410000,2024-07-06 13:28:00,410,842.00,833.00,849.20,84.00,11.08%,1,621,0.00%
NVDA251219C00415000,2024-07-06 13:57:00,415,842.10,829.10,844.55,10.25,1.23%,1,137,0.00%
NVDA251219C00420000,2024-04-06 11:56:00,420,770.77,824.15,840.10,0.00,0.00%,1,561,0.00%
NVDA251219C00425000,2024-05-06 10:06:00,425,812.62,820.20,836.25,0.00,0.00%,2,318,0.00%
NVDA251219C00430000,2024-06-06 12:08:00,430,822.16,816.15,830.65,0.00,0.00%,2,934,0.00%
NVDA251219C00435000,2024-07-06 09:57:00,435,808.00,811.90,825.65,408.15,102.08%,1,575,0.00%
NVDA251219C00440000,2024-06-06 12:09:00,440,812.07,807.00,822.75,0.00,0.00%,2,536,0.00%
NVDA251219C00445000,5/23/2024 9:33 AM,445,634.00,802.70,818.60,0.00,0.00%,4,336,0.00%
NVDA251219C00450000,2024-07-06 13:36:00,450,810.85,799.00,814.10,9.43,1.18%,28,906,0.00%
NVDA251219C00455000,2024-05-06 11:26:00,455,790.42,795.05,810.20,0.00,0.00%,3,437,0.00%
NVDA251219C00460000,2024-05-06 10:22:00,460,783.28,790.80,805.90,0.00,0.00%,10,421,0.00%
NVDA251219C00465000,5/31/2024 10:38 AM,465,678.15,785.80,801.20,0.00,0.00%,1,242,0.00%
NVDA251219C00470000,5/31/2024 10:37 AM,470,673.00,782.05,797.35,0.00,0.00%,1,336,0.00%
NVDA251219C00475000,2024-06-06 15:37:00,475,780.31,777.80,792.40,0.00,0.00%,44,316,0.00%
NVDA251219C00480000,2024-03-06 15:24:00,480,718.00,773.60,788.85,0.00,0.00%,1,714,0.00%
NVDA251219C00485000,2024-05-06 13:25:00,485,774.50,769.30,784.20,0.00,0.00%,1,209,0.00%
NVDA251219C00490000,2024-07-06 09:38:00,490,756.99,764.60,779.20,8.04,1.07%,1,302,0.00%
NVDA251219C00495000,5/31/2024 10:27 AM,495,658.85,761.30,776.30,0.00,0.00%,20,331,0.00%
NVDA251219C00500000,2024-07-06 14:14:00,500,754.45,756.85,771.50,-4.99,-0.66%,8,789,0.00%
NVDA251219C00505000,5/29/2024 9:30 AM,505,679.79,752.10,767.35,0.00,0.00%,7,193,0.00%
NVDA251219C00510000,5/31/2024 11:42 AM,510,642.79,748.50,763.45,0.00,0.00%,2,646,0.00%
NVDA251219C00515000,2024-04-06 09:56:00,515,690.13,744.75,759.65,0.00,0.00%,7,189,0.00%
NVDA251219C00520000,2024-06-06 15:46:00,520,740.83,739.75,755.60,0.00,0.00%,8,549,0.00%
NVDA251219C00525000,5/29/2024 3:37 PM,525,690.13,735.40,751.45,0.00,0.00%,2,167,0.00%
NVDA251219C00530000,2024-06-06 09:57:00,530,730.79,732.05,747.30,0.00,0.00%,7,392,0.00%
NVDA251219C00535000,2024-07-06 15:58:00,535,735.20,727.95,743.20,-14.60,-1.95%,2,567,0.00%
NVDA251219C00540000,2024-04-06 09:56:00,540,669.33,723.85,738.65,0.00,0.00%,7,222,0.00%
NVDA251219C00545000,5/29/2024 11:47 AM,545,658.33,719.80,734.60,0.00,0.00%,2,51,0.00%
NVDA251219C00550000,2024-07-06 14:00:00,550,725.00,715.70,730.50,57.00,8.53%,30,449,0.00%
NVDA251219C00555000,5/29/2024 11:47 AM,555,650.33,712.30,726.45,0.00,0.00%,1,57,0.00%
NVDA251219C00560000,5/23/2024 10:52 AM,560,558.65,707.65,722.35,0.00,0.00%,1,83,0.00%
NVDA251219C00565000,3/13/2024 1:52 PM,565,439.78,412.25,415.35,0.00,0.00%,4,258,0.00%
NVDA251219C00570000,2024-07-06 12:30:00,570,707.00,700.00,714.60,58.00,8.94%,15,1.029,0.00%
NVDA251219C00575000,5/14/2024 3:12 PM,575,433.42,695.65,709.60,0.00,0.00%,1,287,0.00%
NVDA251219C00580000,5/23/2024 1:03 PM,580,551.00,691.65,705.40,0.00,0.00%,3,207,0.00%
NVDA251219C00585000,2024-03-06 11:32:00,585,623.47,687.70,701.65,0.00,0.00%,1,290,0.00%
NVDA251219C00590000,2024-05-06 12:53:00,590,685.20,683.15,697.55,0.00,0.00%,1,222,0.00%
NVDA251219C00595000,5/31/2024 10:08 AM,595,600.10,679.35,693.70,0.00,0.00%,1,67,0.00%
NVDA251219C00600000,2024-06-06 13:48:00,600,673.20,675.90,690.05,0.00,0.00%,2,850,0.00%
NVDA251219C00605000,5/15/2024 1:51 PM,605,437.72,672.30,686.40,0.00,0.00%,11,103,0.00%
NVDA251219C00610000,2024-06-06 15:41:00,610,670.98,668.05,681.40,0.00,0.00%,1,249,0.00%
NVDA251219C00615000,2024-05-06 09:30:00,615,646.95,663.60,677.50,0.00,0.00%,1,113,0.00%
NVDA251219C00620000,5/16/2024 3:08 PM,620,433.00,660.30,674.85,0.00,0.00%,1,84,0.00%
NVDA251219C00625000,5/29/2024 1:39 PM,625,603.15,656.45,670.25,0.00,0.00%,1,185,0.00%
NVDA251219C00630000,2024-05-06 11:35:00,630,649.94,652.65,665.95,0.00,0.00%,2,71,0.00%
NVDA251219C00635000,5/28/2024 3:11 PM,635,588.20,648.80,663.35,0.00,0.00%,5,81,0.00%
NVDA251219C00640000,5/23/2024 1:16 PM,640,509.99,645.00,658.55,0.00,0.00%,2,287,0.00%
NVDA251219C00645000,5/31/2024 1:05 PM,645,532.80,641.20,655.75,0.00,0.00%,1,127,0.00%
NVDA251219C00650000,2024-05-06 14:59:00,650,654.00,637.05,651.00,0.00,0.00%,21,542,0.00%
NVDA251219C00655000,5/28/2024 1:45 PM,655,584.01,633.65,647.50,0.00,0.00%,1,41,0.00%
NVDA251219C00660000,5/31/2024 9:40 AM,660,561.39,629.90,644.80,0.00,0.00%,7,115,0.00%
NVDA251219C00665000,5/20/2024 3:05 PM,665,401.82,626.15,639.80,0.00,0.00%,1,51,0.00%
NVDA251219C00670000,2024-07-06 12:50:00,670,625.87,624.00,637.75,-11.48,-1.80%,1,59,0.00%
NVDA251219C00675000,2024-03-06 11:49:00,675,560.68,619.00,633.55,0.00,0.00%,1,54,0.00%
NVDA251219C00680000,2024-06-06 15:41:00,680,619.68,616.50,628.55,0.00,0.00%,1,990,0.00%
NVDA251219C00685000,5/23/2024 12:15 PM,685,469.29,611.50,624.70,0.00,0.00%,1,42,0.00%
NVDA251219C00690000,4/29/2024 10:38 AM,690,327.60,550.00,570.00,0.00,0.00%,1,133,0.00%
NVDA251219C00695000,5/23/2024 11:09 AM,695,459.52,604.05,618.60,0.00,0.00%,134,216,0.00%
NVDA251219C00700000,2024-07-06 15:18:00,700,603.90,606.00,613.60,0.22,0.04%,9,749,0.00%
NVDA251219C00705000,2024-07-06 09:34:00,705,584.92,598.50,610.20,134.02,29.72%,7,98,0.00%
NVDA251219C00710000,5/23/2024 9:47 AM,710,444.75,593.65,606.75,0.00,0.00%,1,149,0.00%
NVDA251219C00720000,5/23/2024 9:59 AM,720,429.69,587.75,599.35,0.00,0.00%,1,137,0.00%
NVDA251219C00730000,5/31/2024 11:41 AM,730,481.14,580.35,592.70,0.00,0.00%,1,312,0.00%
NVDA251219C00740000,5/28/2024 11:53 AM,740,501.34,574.20,584.90,0.00,0.00%,1,142,0.00%
NVDA251219C00750000,2024-07-06 15:39:00,750,571.07,567.35,578.10,3.07,0.54%,2,353,0.00%
NVDA251219C00760000,2024-05-06 15:58:00,760,580.00,560.15,571.25,0.00,0.00%,1,220,0.00%
NVDA251219C00770000,2024-07-06 15:39:00,770,558.73,553.45,564.70,47.08,9.20%,1,199,0.00%
NVDA251219C00780000,2024-07-06 14:01:00,780,550.40,546.75,557.70,1.25,0.23%,28,147,0.00%
NVDA251219C00790000,2024-06-06 14:58:00,790,539.40,539.90,551.20,0.00,0.00%,45,176,0.00%
NVDA251219C00800000,2024-07-06 15:39:00,800,538.43,533.50,544.55,2.98,0.56%,1,438,0.00%
NVDA251219C00810000,2024-07-06 15:39:00,810,533.37,526.95,537.70,65.37,13.97%,3,97,0.00%
NVDA251219C00820000,2024-06-06 12:52:00,820,510.00,520.20,530.75,0.00,0.00%,1,311,0.00%
NVDA251219C00830000,2024-03-06 15:15:00,830,459.51,513.95,524.80,0.00,0.00%,6,331,0.00%
NVDA251219C00840000,2024-05-06 09:55:00,840,498.00,507.35,518.30,0.00,0.00%,1,70,0.00%
NVDA251219C00850000,2024-07-06 13:00:00,850,512.30,500.90,512.40,5.27,1.04%,1,1.504,0.00%
NVDA251219C00860000,2024-05-06 15:24:00,860,510.00,494.95,505.60,0.00,0.00%,4,558,0.00%
NVDA251219C00880000,2024-06-06 15:59:00,880,493.05,482.30,493.85,0.00,0.00%,1,121,0.00%
NVDA251219C00900000,2024-07-06 15:54:00,900,471.00,469.55,478.65,1.00,0.21%,14,661,0.00%
NVDA251219C00920000,2024-07-06 15:19:00,920,459.50,458.45,467.90,14.72,3.31%,4,110,0.00%
NVDA251219C00930000,5/24/2024 3:32 PM,930,335.30,452.75,464.40,0.00,0.00%,3,102,0.00%
NVDA251219C00940000,2024-07-06 13:13:00,940,459.46,446.65,456.35,10.52,2.34%,16,185,0.00%
NVDA251219C00950000,2024-07-06 14:29:00,950,443.68,441.00,452.25,7.68,1.76%,2,1.45,0.00%
NVDA251219C00960000,2024-04-06 14:35:00,960,400.39,435.55,446.60,0.00,0.00%,4,149,0.00%
NVDA251219C00970000,2024-05-06 13:15:00,970,436.25,429.95,441.50,0.00,0.00%,1,79,0.00%
NVDA251219C00980000,2024-07-06 11:15:00,980,417.00,424.50,434.60,-16.08,-3.71%,1,87,0.00%
NVDA251219C00990000,2024-07-06 11:27:00,990,413.32,419.00,428.35,-8.68,-2.06%,3,59,0.00%
NVDA251219C01000000,2024-07-06 15:59:00,1000,421.00,416.50,420.50,-2.08,-0.49%,9,1.013,0.00%
NVDA251219C01010000,2024-06-06 09:34:00,1010,444.67,408.90,418.85,0.00,0.00%,2,157,0.00%
NVDA251219C01020000,2024-06-06 10:12:00,1020,414.90,406.60,410.55,0.00,0.00%,5,71,0.00%
NVDA251219C01030000,2024-07-06 13:59:00,1030,406.05,401.50,405.05,-27.85,-6.42%,1,182,0.00%
NVDA251219C01040000,2024-07-06 14:59:00,1040,397.58,396.50,400.25,-30.97,-7.23%,1,98,0.00%
NVDA251219C01050000,2024-07-06 10:21:00,1050,382.16,391.60,394.75,-15.39,-3.87%,2,128,0.00%
NVDA251219C01060000,2024-06-06 15:54:00,1060,392.74,386.30,390.15,0.00,0.00%,22,72,0.00%
NVDA251219C01070000,5/29/2024 3:55 PM,1070,337.27,381.35,385.20,0.00,0.00%,1,37,0.00%
NVDA251219C01080000,2024-07-06 10:37:00,1080,369.44,376.45,380.30,43.49,13.34%,1,78,0.00%
NVDA251219C01090000,2024-07-06 10:37:00,1090,364.79,371.60,375.55,46.24,14.52%,1,152,0.00%
NVDA251219C01100000,2024-07-06 14:30:00,1100,365.00,367.15,371.55,-13.35,-3.53%,9,519,0.00%
NVDA251219C01110000,2024-07-06 10:37:00,1110,355.35,362.15,366.00,0.90,0.25%,3,10,0.00%
NVDA251219C01120000,2024-06-06 10:40:00,1120,367.00,357.45,361.30,0.00,0.00%,5,396,0.00%
NVDA251219C01130000,2024-06-06 09:30:00,1130,366.95,352.90,356.70,0.00,0.00%,1,72,0.00%
NVDA251219C01140000,2024-05-06 12:26:00,1140,342.19,348.30,352.15,0.00,0.00%,20,46,0.00%
NVDA251219C01150000,2024-06-06 09:56:00,1150,338.40,344.10,348.20,0.00,0.00%,1,260,0.00%
NVDA251219C01160000,2024-07-06 11:08:00,1160,329.22,339.25,343.20,-5.63,-1.68%,3,107,0.00%
NVDA251219C01170000,2024-07-06 10:24:00,1170,326.90,334.95,338.85,-3.50,-1.06%,1,36,0.00%
NVDA251219C01180000,2024-05-06 15:50:00,1180,340.60,330.60,334.60,0.00,0.00%,2,80,0.00%
NVDA251219C01190000,2024-06-06 12:24:00,1190,324.10,326.45,330.20,0.00,0.00%,2,88,0.00%
NVDA251219C01200000,2024-07-06 15:57:00,1200,325.36,322.35,325.70,2.96,0.92%,14,3.414,0.00%
NVDA251219C01210000,2024-07-06 13:26:00,1210,323.40,317.95,321.80,1.85,0.58%,4,277,0.00%
NVDA251219C01220000,2024-07-06 10:23:00,1220,304.12,313.85,317.75,-14.46,-4.54%,1,58,0.00%
NVDA251219C01230000,2024-07-06 10:23:00,1230,300.62,309.65,313.55,-3.49,-1.15%,1,64,0.00%
NVDA251219C01240000,2024-06-06 15:58:00,1240,310.76,305.65,309.60,0.00,0.00%,13,29,0.00%
NVDA251219C01250000,2024-06-06 12:52:00,1250,293.50,302.05,306.35,0.00,0.00%,21,269,0.00%
NVDA251219C01260000,2024-06-06 13:00:00,1260,289.67,297.95,301.80,0.00,0.00%,7,36,0.00%
NVDA251219C01270000,2024-06-06 11:57:00,1270,294.24,293.90,298.00,0.00,0.00%,1,13,0.00%
NVDA251219C01280000,2024-06-06 12:00:00,1280,290.35,290.20,294.10,0.00,0.00%,1,35,0.00%
NVDA251219C01290000,5/31/2024 10:13 AM,1290,230.50,286.45,290.35,0.00,0.00%,1,30,0.00%
NVDA251219C01300000,2024-07-06 15:20:00,1300,282.04,283.00,286.30,-1.96,-0.69%,21,157,0.00%
NVDA251219C01320000,2024-07-06 12:05:00,1320,269.29,275.45,279.90,-14.81,-5.21%,1,89,0.00%
NVDA251219C01340000,2024-07-06 15:30:00,1340,269.75,268.35,272.15,-2.75,-1.01%,6,55,0.00%
NVDA251219C01360000,2024-06-06 11:15:00,1360,264.88,261.45,265.40,0.00,0.00%,1,180,0.00%
NVDA251219C01380000,2024-07-06 15:30:00,1380,256.05,254.60,258.40,-3.95,-1.52%,5,47,0.00%
NVDA251219C01400000,2024-07-06 15:31:00,1400,250.32,248.50,251.80,1.82,0.73%,4,297,0.00%
NVDA251219C01420000,5/30/2024 11:59 AM,1420,205.30,241.80,245.50,0.00,0.00%,2,24,0.00%
NVDA251219C01440000,2024-07-06 10:24:00,1440,228.69,235.65,239.65,-2.62,-1.13%,2,35,0.00%
NVDA251219C01460000,2024-07-06 09:41:00,1460,222.98,229.55,233.60,-12.64,-5.36%,7,70,0.00%
NVDA251219C01480000,2024-07-06 15:34:00,1480,226.04,223.75,227.75,0.88,0.39%,1,72,0.00%
NVDA251219C01500000,2024-07-06 15:55:00,1500,218.75,218.35,221.75,1.18,0.54%,19,244,0.00%
NVDA251219C01520000,2024-06-06 12:00:00,1520,214.35,213.05,216.55,0.00,0.00%,7,25,0.00%
NVDA251219C01540000,2024-06-06 10:28:00,1540,212.41,207.85,210.80,0.00,0.00%,4,108,0.00%
NVDA251219C01560000,2024-06-06 15:44:00,1560,203.00,202.60,205.70,0.00,0.00%,1,54,0.00%
NVDA251219C01580000,2024-05-06 13:12:00,1580,198.10,197.50,200.60,0.00,0.00%,4,12,0.00%
NVDA251219C01600000,2024-07-06 15:12:00,1600,194.26,192.70,195.60,3.36,1.76%,3,110,0.00%
NVDA251219C01620000,2024-07-06 14:18:00,1620,185.30,187.65,191.00,-2.70,-1.44%,5,25,0.00%
NVDA251219C01640000,5/31/2024 10:24 AM,1640,135.35,183.05,186.10,0.00,0.00%,1,168,0.00%
NVDA251219C01650000,2024-07-06 15:16:00,1650,180.99,180.80,183.45,-6.73,-3.59%,5,29,0.00%
NVDA251219C01660000,2024-07-06 15:16:00,1660,178.69,178.45,181.35,37.39,26.46%,1,5,0.00%
NVDA251219C01670000,2024-07-06 15:16:00,1670,176.49,176.15,179.10,-6.71,-3.66%,1,16,0.00%
NVDA251219C01680000,2024-07-06 15:16:00,1680,174.27,173.90,176.90,-0.55,-0.31%,1,27,0.00%
NVDA251219C01690000,5/29/2024 3:59 PM,1690,147.62,171.75,174.75,0.00,0.00%,3,19,0.00%
NVDA251219C01700000,2024-07-06 15:31:00,1700,170.82,169.75,172.70,1.63,0.96%,10,191,0.00%
NVDA251219C01710000,2024-07-06 15:31:00,1710,168.73,167.50,170.45,31.17,22.66%,1,55,0.00%
NVDA251219C01720000,2024-07-06 15:31:00,1720,166.66,165.35,168.70,0.71,0.43%,1,64,0.00%
NVDA251219C01730000,2024-07-06 15:31:00,1730,164.67,163.30,166.45,10.97,7.14%,1,71,0.00%
NVDA251219C01740000,5/28/2024 12:13 PM,1740,130.00,161.30,164.45,0.00,0.00%,4,68,0.00%
NVDA251219C01750000,2024-07-06 15:12:00,1750,161.05,159.40,162.35,1.92,1.21%,1,588,0.00%
NVDA251219C01760000,2024-07-06 10:29:00,1760,153.20,157.35,160.35,42.00,37.77%,1,47,0.00%
NVDA251219C01770000,2024-06-06 11:42:00,1770,156.72,155.30,158.55,0.00,0.00%,7,50,0.00%
NVDA251219C01780000,2024-07-06 12:39:00,1780,154.70,153.45,156.50,5.50,3.69%,4,74,0.00%
NVDA251219C01790000,2024-05-06 12:19:00,1790,148.90,151.50,154.60,0.00,0.00%,4,78,0.00%
NVDA251219C01800000,2024-07-06 12:18:00,1800,151.00,149.80,152.50,-0.40,-0.26%,3,131,0.00%
NVDA251219C01810000,2024-06-06 15:04:00,1810,149.40,147.85,151.10,0.00,0.00%,1,57,0.00%
NVDA251219C01820000,2024-05-06 13:18:00,1820,149.30,145.95,149.10,0.00,0.00%,1,45,0.00%
NVDA251219C01830000,2024-05-06 10:57:00,1830,140.80,144.15,147.45,0.00,0.00%,2,19,0.00%
NVDA251219C01840000,2024-03-06 12:09:00,1840,116.60,142.40,145.70,0.00,0.00%,1,13,942.97%
NVDA251219C01850000,2024-07-06 10:54:00,1850,138.74,140.80,143.25,-5.05,-3.51%,1,69,785.55%
NVDA251219C01860000,5/31/2024 3:59 PM,1860,101.00,138.95,142.20,0.00,0.00%,1,28,741.11%
NVDA251219C01870000,5/28/2024 10:30 AM,1870,101.75,137.20,140.35,0.00,0.00%,2,18,703.30%
NVDA251219C01880000,2024-05-06 13:26:00,1880,135.55,135.50,138.80,0.00,0.00%,2,23,677.44%
NVDA251219C01890000,2024-07-06 15:59:00,1890,135.66,133.90,137.05,36.51,36.82%,2,10,655.59%
NVDA251219C01900000,2024-06-06 09:33:00,1900,150.00,132.40,135.30,0.00,0.00%,1,40,637.57%
NVDA251219C01910000,5/28/2024 10:37 AM,1910,97.07,130.65,133.90,0.00,0.00%,4,25,622.24%
NVDA251219C01920000,2024-05-06 09:39:00,1920,121.25,129.05,132.20,0.00,0.00%,15,115,607.90%
NVDA251219C01930000,2024-06-06 14:05:00,1930,125.78,127.50,130.65,0.00,0.00%,2,99,595.70%
NVDA251219C01940000,2024-06-06 14:27:00,1940,125.77,125.95,129.20,0.00,0.00%,4,208,584.86%
NVDA251219C01950000,2024-06-06 09:44:00,1950,142.45,124.55,127.15,0.00,0.00%,1,28,573.32%
NVDA251219C02000000,2024-07-06 15:40:00,2000,119.00,117.25,120.15,0.20,0.17%,2,127,533.42%
NVDA251219C02050000,2024-07-06 10:53:00,2050,109.12,110.70,112.75,-0.41,-0.37%,1,101,502.37%
NVDA251219C02100000,2024-06-06 15:15:00,2100,105.59,104.35,106.60,0.00,0.00%,5,131,478.76%
NVDA251219C02120000,2024-06-06 09:46:00,2120,114.21,101.75,104.20,0.00,0.00%,3,45,470.11%
NVDA251219C02130000,2024-05-06 15:44:00,2130,105.37,100.60,102.70,0.00,0.00%,22,42,465.66%
NVDA251219C02140000,2024-06-06 14:16:00,2140,99.85,99.40,101.40,0.00,0.00%,3,66,461.57%
NVDA251219C02150000,2024-07-06 11:35:00,2150,96.47,98.40,100.45,-2.47,-2.50%,2,16,458.48%
NVDA251219C02160000,2024-05-06 15:57:00,2160,103.01,97.10,99.45,0.00,0.00%,81,40,454.86%
NVDA251219C02200000,2024-07-06 11:54:00,2200,91.30,92.85,94.85,-4.20,-4.40%,1,8,441.52%
NVDA251219C02210000,2024-03-06 15:14:00,2210,73.70,91.65,93.95,0.00,0.00%,1,3,438.48%
NVDA251219C02220000,2024-05-06 15:32:00,2220,93.85,90.60,92.75,93.85,-,-,2,435.25%
NVDA251219C02230000,2024-05-06 15:24:00,2230,94.23,89.50,91.50,0.00,0.00%,2,4,431.92%
NVDA251219C02240000,2024-06-06 09:30:00,2240,98.75,88.55,90.50,0.00,0.00%,6,51,429.22%
NVDA251219C02250000,2024-05-06 15:32:00,2250,91.07,87.70,89.55,0.00,0.00%,60,31,426.78%
NVDA251219C02260000,2024-05-06 15:44:00,2260,90.77,86.55,88.85,0.00,0.00%,22,43,424.29%
NVDA251219C02270000,2024-05-06 15:43:00,2270,89.73,85.55,87.50,0.00,0.00%,42,65,421.11%
NVDA251219C02280000,2024-07-06 11:35:00,2280,83.27,84.60,86.75,-4.66,-5.30%,2,86,418.88%
NVDA251219C02300000,2024-06-06 12:17:00,2300,82.30,82.85,84.85,82.30,-,-,9,414.15%
NVDA251219C02350000,2024-07-06 11:36:00,2350,77.52,78.35,79.90,77.52,-,2,0,402.20%
NVDA251219C02400000,2024-06-06 14:59:00,2400,75.30,74.10,76.15,75.30,-,-,50,392.61%
NVDA251219C02500000,2024-07-06 15:34:00,2500,67.37,66.50,68.00,67.37,-,17,-,374.44%
Puts,,,,,,,,,,
In The Money,,,,,,,,,,
Contract Name,Last Trade Date (EDT),Strike,Last Price,Bid,Ask,Change,% Change,Volume,Open Interest,Implied Volatility
NVDA251219P00000500,2025-12-06 15:40:00,0.5,0.01,0.00,0.01,0.00,0.00%,10,3.732,268.75%
NVDA251219P00001000,4/24/2025 3:50 PM,1,0.01,0.00,0.02,0.00,0.00%,1,1.65,243.75%
NVDA251219P00001500,11/18/2024 9:59 AM,1.5,0.01,0.00,0.02,0.00,0.00%,10,30,221.88%
NVDA251219P00002000,3/17/2025 10:18 AM,2,0.02,0.00,0.02,0.00,0.00%,50,0,206.25%
NVDA251219P00002500,5/28/2025 11:11 AM,2.5,0.01,0.00,0.01,0.00,0.00%,20,357,181.25%
NVDA251219P00003000,2025-11-06 10:46:00,3,0.02,0.00,0.01,0.00,0.00%,1,1.298,175.00%
NVDA251219P00003500,2024-12-12 15:29:00,3.5,0.01,0.00,0.02,0.00,0.00%,12,32,175.00%
NVDA251219P00004000,2025-04-02 13:41:00,4,0.01,0.00,0.02,0.00,0.00%,13,6.334,168.75%
NVDA251219P00004500,2025-06-02 09:56:00,4.5,0.01,0.01,0.02,0.00,0.00%,100,5.682,168.75%
NVDA251219P00005000,4/23/2025 9:30 AM,5,0.02,0.00,0.00,0.00,0.00%,5,3.329,50.00%
NVDA251219P00005500,2025-09-04 12:27:00,5.5,0.02,0.00,0.04,0.00,0.00%,10,48,162.50%
NVDA251219P00006000,5/14/2025 12:25 PM,6,0.01,0.00,0.03,0.00,0.00%,1,5.665,153.13%
NVDA251219P00006500,7/31/2024 1:47 PM,6.5,0.04,0.00,0.59,0.00,0.00%,10,10,214.45%
NVDA251219P00007000,2025-09-04 12:04:00,7,0.04,0.00,0.04,0.00,0.00%,77,103,150.00%
NVDA251219P00007500,2025-07-05 12:16:00,7.5,0.01,0.00,0.04,0.00,0.00%,20,3.378,145.31%
NVDA251219P00008000,2025-11-04 11:44:00,8,0.05,0.00,0.02,0.00,0.00%,26,157,134.38%
NVDA251219P00008500,2025-11-04 14:57:00,8.5,0.05,0.00,0.02,0.00,0.00%,94,54,131.25%
NVDA251219P00009000,5/20/2025 1:37 PM,9,0.01,0.00,0.02,0.00,0.00%,1,319,128.13%
NVDA251219P00009500,2025-11-04 15:58:00,9.5,0.05,0.00,0.02,0.00,0.00%,4,331,125.00%
NVDA251219P00010000,2025-10-06 13:45:00,10,0.02,0.00,0.02,0.00,0.00%,30,4.495,121.88%
NVDA251219P00010500,2025-10-06 09:30:00,10.5,0.01,0.00,0.02,0.00,0.00%,9,353,120.31%
NVDA251219P00011000,5/29/2025 3:56 PM,11,0.02,0.00,0.02,0.00,0.00%,1,669,118.75%
NVDA251219P00011500,2025-10-06 09:30:00,11.5,0.01,0.00,0.02,0.00,0.00%,1,422,115.63%
NVDA251219P00012000,2025-10-06 09:30:00,12,0.01,0.00,0.02,0.00,0.00%,1,1.545,114.06%
NVDA251219P00012500,4/17/2025 1:45 PM,12.5,0.06,0.00,0.04,0.00,0.00%,26,110,119.53%
NVDA251219P00013000,2025-10-06 12:00:00,13,0.01,0.00,0.02,0.00,0.00%,10,1.204,110.94%
NVDA251219P00013500,2025-10-06 09:30:00,13.5,0.01,0.00,0.02,0.00,0.00%,5,7.545,109.38%
NVDA251219P00014000,2025-03-06 12:05:00,14,0.03,0.00,0.02,0.00,0.00%,10,4.15,106.25%
NVDA251219P00014500,5/28/2025 11:08 AM,14.5,0.03,0.00,0.02,0.00,0.00%,4.109,7.231,104.69%
NVDA251219P00015000,2025-11-06 15:05:00,15,0.03,0.00,0.02,0.00,0.00%,5,6.321,103.13%
NVDA251219P00015500,4/29/2025 9:30 AM,15.5,0.04,0.00,0.00,0.00,0.00%,5,1.398,50.00%
NVDA251219P00016000,4/24/2025 1:33 PM,16,0.05,0.02,0.05,0.00,0.00%,70,7.53,113.28%
NVDA251219P00016500,4/30/2025 9:30 AM,16.5,0.05,0.00,0.00,0.00,0.00%,5,6.086,50.00%
NVDA251219P00017000,5/15/2025 11:59 AM,17,0.03,0.00,0.05,0.00,0.00%,483,2.966,106.25%
NVDA251219P00017500,6/16/2025 2:20 PM,17.5,0.02,0.01,0.03,0.00,0.00%,25,1.93,102.34%
NVDA251219P00018000,2025-11-06 11:09:00,18,0.02,0.00,0.03,0.00,0.00%,10,3.934,98.44%
NVDA251219P00018500,5/20/2025 11:52 AM,18.5,0.03,0.01,0.03,0.00,0.00%,50,3.162,99.61%
NVDA251219P00019000,2025-09-06 11:41:00,19,0.02,0.00,0.03,0.00,0.00%,80,19.713,96.09%
NVDA251219P00019500,6/16/2025 1:37 PM,19.5,0.01,0.01,0.03,0.00,0.00%,2,5.746,96.88%
NVDA251219P00020000,2025-10-06 15:15:00,20,0.01,0.01,0.03,0.00,0.00%,230,17.103,96.09%
NVDA251219P00020500,5/29/2025 3:58 PM,20.5,0.03,0.01,0.03,0.00,0.00%,6,2.117,94.53%
NVDA251219P00021000,2025-09-05 09:46:00,21,0.05,0.02,0.04,0.00,0.00%,1,2.124,97.27%
NVDA251219P00021500,2025-11-06 09:30:00,21.5,0.02,0.01,0.03,0.00,0.00%,1,1.793,92.19%
NVDA251219P00022000,6/16/2025 2:21 PM,22,0.02,0.02,0.03,0.00,0.00%,25,2.216,92.97%
NVDA251219P00022500,6/16/2025 9:42 AM,22.5,0.02,0.01,0.03,0.00,0.00%,1,2.977,90.63%
NVDA251219P00023000,6/17/2025 9:43 AM,23,0.02,0.01,0.03,-0.01,-33.33%,1,2.794,89.06%
NVDA251219P00023500,2025-12-05 09:36:00,23.5,0.06,0.02,0.04,0.00,0.00%,10,1.566,91.41%
NVDA251219P00024000,2025-02-06 11:27:00,24,0.04,0.01,0.04,0.00,0.00%,10,2.837,89.06%
NVDA251219P00024500,2025-02-04 09:57:00,24.5,0.13,0.08,0.10,0.00,0.00%,66,1.809,100.78%
NVDA251219P00025000,6/16/2025 10:38 AM,25,0.03,0.02,0.04,0.01,50.00%,3,24.073,88.28%
NVDA251219P00025500,2025-09-04 11:07:00,25.5,0.44,0.08,0.10,0.00,0.00%,5,3.618,98.44%
NVDA251219P00026000,2025-11-06 09:30:00,26,0.03,0.03,0.04,0.00,0.00%,66,6.218,87.89%
NVDA251219P00026500,2025-07-04 09:37:00,26.5,0.42,0.08,0.11,0.00,0.00%,100,1.328,96.88%
NVDA251219P00027000,2025-06-05 14:37:00,27,0.10,0.02,0.07,0.00,0.00%,22,841,88.28%
NVDA251219P00027500,2025-02-06 14:22:00,27.5,0.05,0.02,0.05,0.00,0.00%,23,2.23,85.16%
NVDA251219P00028000,2025-04-06 11:00:00,28,0.05,0.02,0.05,0.00,0.00%,1,22.567,83.98%
NVDA251219P00028500,2025-03-06 13:36:00,28.5,0.07,0.03,0.05,0.00,0.00%,3,1.472,84.38%
NVDA251219P00029000,2025-12-05 10:12:00,29,0.10,0.03,0.06,0.00,0.00%,10,2.164,84.38%
NVDA251219P00029500,2025-05-05 13:01:00,29.5,0.15,0.05,0.08,0.00,0.00%,1,982,87.11%
NVDA251219P00030000,6/17/2025 9:30 AM,30,0.04,0.04,0.06,-0.01,-20.00%,100,5.918,83.59%
NVDA251219P00030500,2025-10-06 14:15:00,30.5,0.05,0.03,0.06,0.00,0.00%,24,2.744,82.03%
NVDA251219P00031000,4/16/2025 2:01 PM,31,0.32,0.08,0.11,0.00,0.00%,2.001,9.004,88.09%
NVDA251219P00031500,5/13/2025 12:02 PM,31.5,0.10,0.05,0.08,0.00,0.00%,5,2.178,83.40%
NVDA251219P00032000,5/16/2025 10:10 AM,32,0.11,0.04,0.06,0.00,0.00%,1,4.787,80.27%
NVDA251219P00032500,2025-11-06 09:29:00,32.5,0.04,0.04,0.06,0.00,0.00%,10,12.259,79.30%
NVDA251219P00033000,5/27/2025 12:18 PM,33,0.11,0.04,0.07,0.00,0.00%,2,22.281,79.49%
NVDA251219P00033500,5/28/2025 3:47 PM,33.5,0.10,0.05,0.07,0.00,0.00%,6,1.152,79.30%
NVDA251219P00034000,5/14/2025 12:29 PM,34,0.13,0.06,0.09,0.00,0.00%,40,10.985,80.66%
NVDA251219P00034500,5/22/2025 11:08 AM,34.5,0.13,0.05,0.08,0.00,0.00%,1,1.459,78.52%
NVDA251219P00035000,6/16/2025 11:01 AM,35,0.07,0.05,0.07,0.00,0.00%,10,13.084,77.15%
NVDA251219P00035500,5/29/2025 12:46 PM,35.5,0.10,0.05,0.08,0.00,0.00%,1,10.42,76.95%
NVDA251219P00036000,2025-04-06 13:16:00,36,0.10,0.06,0.08,0.00,0.00%,370,4.446,76.95%
NVDA251219P00036500,4/23/2025 9:37 AM,36.5,0.42,0.16,0.18,0.00,0.00%,1,11.044,84.96%
NVDA251219P00037000,5/15/2025 9:45 AM,37,0.15,0.08,0.10,0.00,0.00%,1,5.738,77.73%
NVDA251219P00037500,5/23/2025 2:03 PM,37.5,0.18,0.06,0.09,0.00,0.00%,20,4.644,75.39%
NVDA251219P00038000,5/29/2025 10:26 AM,38,0.13,0.07,0.09,0.00,0.00%,1,5.073,75.20%
NVDA251219P00038500,6/16/2025 10:40 AM,38.5,0.08,0.07,0.10,0.00,0.00%,1,1.253,75.00%
NVDA251219P00039000,5/16/2025 3:47 PM,39,0.20,0.08,0.10,0.00,0.00%,10,816,74.80%
NVDA251219P00039500,2025-12-06 10:29:00,39.5,0.10,0.08,0.10,0.00,0.00%,1,585,74.02%
NVDA251219P00040000,6/17/2025 1:06 PM,40,0.10,0.09,0.10,0.00,0.00%,10,17.5,73.83%
NVDA251219P00041000,2025-11-06 09:30:00,41,0.11,0.09,0.11,0.00,0.00%,4,3.496,72.85%
NVDA251219P00041500,5/27/2025 2:10 PM,41.5,0.19,0.09,0.11,0.00,0.00%,12,1.416,72.27%
NVDA251219P00042000,5/28/2025 1:40 PM,42,0.17,0.10,0.11,0.00,0.00%,1,2.573,72.07%
NVDA251219P00042500,5/28/2025 10:39 AM,42.5,0.20,0.10,0.12,0.00,0.00%,10,9.572,71.68%
NVDA251219P00043000,5/14/2025 11:19 AM,43,0.23,0.13,0.15,0.00,0.00%,1,18.322,73.24%
NVDA251219P00043500,2025-06-06 15:38:00,43.5,0.16,0.11,0.13,0.00,0.00%,1,879,71.19%
NVDA251219P00044000,5/23/2025 1:26 PM,44,0.28,0.11,0.13,0.00,0.00%,1,1.47,70.51%
NVDA251219P00044500,5/30/2025 1:04 PM,44.5,0.23,0.12,0.14,0.00,0.00%,14,1.611,70.61%
NVDA251219P00045000,6/16/2025 1:53 PM,45,0.13,0.12,0.13,0.00,0.00%,9,10.79,69.63%
NVDA251219P00045500,2025-11-04 15:27:00,45.5,1.10,0.27,0.29,0.00,0.00%,2,945,77.05%
NVDA251219P00046000,2025-11-06 14:39:00,46,0.15,0.13,0.15,0.00,0.00%,1,5.001,69.34%
NVDA251219P00046500,6/16/2025 1:58 PM,46.5,0.15,0.15,0.16,0.00,0.00%,2,5.401,69.73%
NVDA251219P00047000,6/16/2025 1:41 PM,47,0.16,0.15,0.17,0.00,0.00%,1,5.514,69.34%
NVDA251219P00047500,2025-10-06 12:10:00,47.5,0.18,0.16,0.18,0.00,0.00%,1,14.598,69.34%
NVDA251219P00048000,5/29/2025 1:41 PM,48,0.25,0.16,0.17,0.00,0.00%,2,10.181,68.36%
NVDA251219P00048500,4/25/2025 2:54 PM,48.5,0.67,0.37,0.40,0.00,0.00%,127,1.1,76.71%
NVDA251219P00049000,5/14/2025 1:20 PM,49,0.35,0.21,0.24,0.00,0.00%,1,1.573,70.12%
NVDA251219P00049500,6/13/2025 11:14 AM,49.5,0.21,0.18,0.20,0.00,0.00%,5,1.995,67.87%
NVDA251219P00050000,6/17/2025 12:38 PM,50,0.20,0.19,0.21,0.00,0.00%,1,26.856,67.77%
NVDA251219P00050500,6/16/2025 1:58 PM,50.5,0.20,0.19,0.21,0.00,0.00%,1,1.68,67.19%
NVDA251219P00051000,2025-02-06 14:04:00,51,0.28,0.20,0.21,0.00,0.00%,11,2.551,66.80%
NVDA251219P00051500,2025-10-06 12:09:00,51.5,0.23,0.20,0.22,0.00,0.00%,1,7.855,66.41%
NVDA251219P00052000,6/17/2025 10:26 AM,52,0.22,0.21,0.23,0.00,0.00%,2,1.458,66.31%
NVDA251219P00052500,2025-10-06 12:11:00,52.5,0.24,0.22,0.24,0.00,0.00%,1,2.03,66.11%
NVDA251219P00053000,2025-10-06 12:11:00,53,0.25,0.23,0.24,0.00,0.00%,1,1.836,65.72%
NVDA251219P00053500,2025-10-06 12:10:00,53.5,0.26,0.24,0.25,0.00,0.00%,1,3.174,65.53%
NVDA251219P00054000,2025-10-06 12:12:00,54,0.26,0.24,0.26,0.00,0.00%,1,6.787,65.19%
NVDA251219P00054500,2025-10-06 12:12:00,54.5,0.28,0.25,0.27,0.00,0.00%,1,2.231,64.99%
NVDA251219P00055000,6/16/2025 2:31 PM,55,0.28,0.26,0.27,0.00,0.00%,30,12.207,64.60%
NVDA251219P00055500,6/17/2025 10:28 AM,55.5,0.27,0.27,0.28,-0.01,-3.57%,1,1.791,64.40%
NVDA251219P00056000,2025-10-06 14:15:00,56,0.29,0.28,0.29,0.00,0.00%,11,10.685,64.16%
NVDA251219P00056500,5/16/2025 3:37 PM,56.5,0.57,0.28,0.30,0.00,0.00%,8,1.14,63.77%
NVDA251219P00057000,2025-10-06 12:25:00,57,0.32,0.29,0.31,0.00,0.00%,60,2.089,63.57%
NVDA251219P00057500,5/23/2025 2:57 PM,57.5,0.63,0.30,0.33,0.00,0.00%,15,8.445,63.48%
NVDA251219P00058000,2025-02-06 09:36:00,58,0.44,0.31,0.33,0.00,0.00%,4,1.493,63.09%
NVDA251219P00058500,2025-04-06 15:47:00,58.5,0.40,0.32,0.34,0.00,0.00%,2.1,7.088,62.84%
NVDA251219P00059000,6/13/2025 10:28 AM,59,0.40,0.33,0.35,0.00,0.00%,1,1.092,62.60%
NVDA251219P00059500,5/29/2025 10:26 AM,59.5,0.46,0.34,0.36,0.00,0.00%,10,897,62.31%
NVDA251219P00060000,6/17/2025 10:07 AM,60,0.36,0.35,0.37,0.00,0.00%,10,22.286,62.06%
NVDA251219P00060500,2025-09-06 10:50:00,60.5,0.41,0.36,0.39,0.00,0.00%,3,460,61.91%
NVDA251219P00061000,2025-06-06 13:01:00,61,0.47,0.37,0.39,0.00,0.00%,2,1.237,61.52%
NVDA251219P00061500,5/27/2025 9:52 AM,61.5,0.70,0.39,0.40,0.00,0.00%,20,2.769,61.38%
NVDA251219P00062000,6/13/2025 3:59 PM,62,0.49,0.39,0.41,0.00,0.00%,60,3.13,60.99%
NVDA251219P00062500,2025-03-06 10:51:00,62.5,0.50,0.40,0.42,0.00,0.00%,2,3.071,60.69%
NVDA251219P00063000,2025-09-06 14:13:00,63,0.47,0.42,0.44,0.00,0.00%,4,909,60.64%
NVDA251219P00063500,2025-09-06 10:03:00,63.5,0.49,0.43,0.45,0.00,0.00%,50,9.128,60.35%
NVDA251219P00064000,2025-09-06 10:10:00,64,0.51,0.44,0.47,0.00,0.00%,10,12.408,60.18%
NVDA251219P00064500,2025-04-06 10:46:00,64.5,0.55,0.45,0.48,0.00,0.00%,5,662,59.86%
NVDA251219P00065000,6/17/2025 11:25 AM,65,0.48,0.47,0.49,0.01,2.13%,40,7.361,59.69%
NVDA251219P00065500,2025-02-06 11:43:00,65.5,0.65,0.48,0.50,0.00,0.00%,1,466,59.38%
NVDA251219P00066000,2025-09-06 10:03:00,66,0.57,0.50,0.52,0.00,0.00%,50,3.487,59.28%
NVDA251219P00066500,5/30/2025 12:09 PM,66.5,0.77,0.51,0.53,0.00,0.00%,4,243,58.98%
NVDA251219P00067000,2025-11-06 13:48:00,67,0.53,0.53,0.56,0.00,0.00%,2,3.319,58.94%
NVDA251219P00067500,2025-03-06 12:50:00,67.5,0.64,0.54,0.56,0.00,0.00%,1,513,58.55%
NVDA251219P00068000,2025-02-06 12:19:00,68,0.74,0.55,0.58,0.00,0.00%,100,1.767,58.30%
NVDA251219P00068500,5/30/2025 11:19 AM,68.5,0.83,0.57,0.59,0.00,0.00%,3,856,58.06%
NVDA251219P00069000,2025-10-06 14:31:00,69,0.60,0.58,0.61,0.00,0.00%,1,683,57.84%
NVDA251219P00069500,6/13/2025 9:30 AM,69.5,0.73,0.61,0.63,0.00,0.00%,43,1.219,57.76%
NVDA251219P00070000,6/17/2025 11:40 AM,70,0.62,0.62,0.63,0.00,0.00%,1.4,17.117,57.35%
NVDA251219P00070500,6/16/2025 2:36 PM,70.5,0.63,0.63,0.65,0.00,0.00%,4,3.165,57.10%
NVDA251219P00071000,2025-11-06 11:16:00,71,0.64,0.66,0.69,0.00,0.00%,2,1.852,57.18%
NVDA251219P00072000,6/16/2025 3:47 PM,72,0.69,0.70,0.72,0.00,0.00%,4,3.654,56.74%
NVDA251219P00073000,2025-12-06 11:32:00,73,0.73,0.73,0.75,0.00,0.00%,30,1.392,56.20%
NVDA251219P00074000,6/17/2025 1:01 PM,74,0.77,0.77,0.79,-0.07,-8.33%,15,960,55.79%
NVDA251219P00075000,6/17/2025 10:16 AM,75,0.79,0.81,0.84,-0.02,-2.47%,1,7.913,55.42%
NVDA251219P00076000,6/13/2025 10:20 AM,76,0.99,0.86,0.88,0.00,0.00%,1,743,55.03%
NVDA251219P00077000,6/16/2025 9:32 AM,77,0.95,0.90,0.93,0.00,0.00%,2,1.781,54.64%
NVDA251219P00078000,6/13/2025 11:13 AM,78,1.06,0.96,0.98,0.00,0.00%,4,2.405,54.35%
NVDA251219P00079000,6/16/2025 3:43 PM,79,1.00,1.00,1.03,0.00,0.00%,23,2.291,53.88%
NVDA251219P00080000,6/17/2025 11:34 AM,80,1.06,1.06,1.09,0.01,0.95%,5,21.253,53.59%
NVDA251219P00081000,6/17/2025 12:59 PM,81,1.13,1.13,1.16,-0.18,-13.74%,1,2.344,53.38%
NVDA251219P00082000,2025-11-06 14:05:00,82,1.16,1.17,1.20,0.00,0.00%,3,1.343,52.83%
NVDA251219P00083000,2025-12-06 10:47:00,83,1.22,1.25,1.28,0.00,0.00%,1,1.585,52.66%
NVDA251219P00084000,2025-12-06 15:53:00,84,1.35,1.30,1.34,0.00,0.00%,59,1.084,52.22%
NVDA251219P00085000,6/17/2025 11:54 AM,85,1.37,1.39,1.42,0.02,1.48%,18,13.512,52.05%
NVDA251219P00086000,6/16/2025 9:34 AM,86,1.49,1.45,1.48,0.00,0.00%,6,3.834,51.61%
NVDA251219P00088000,6/16/2025 12:33 PM,88,1.53,1.61,1.65,0.00,0.00%,15,7.763,51.07%
NVDA251219P00090000,6/17/2025 1:46 PM,90,1.79,1.78,1.81,0.04,2.29%,142,28.481,50.44%
NVDA251219P00092000,6/17/2025 1:21 PM,92,1.96,1.98,2.01,0.04,2.08%,14,4.319,50.06%
NVDA251219P00093000,6/17/2025 11:35 AM,93,2.05,2.08,2.11,0.04,1.99%,1,2.222,49.78%
NVDA251219P00094000,6/16/2025 2:47 PM,94,2.11,2.17,2.20,0.00,0.00%,10,3.656,49.41%
NVDA251219P00095000,6/17/2025 1:36 PM,95,2.26,2.31,2.34,0.02,0.89%,20,11.122,49.33%
NVDA251219P00096000,6/13/2025 3:15 PM,96,2.72,2.39,2.42,0.00,0.00%,20,2.892,48.87%
NVDA251219P00097000,6/13/2025 2:06 PM,97,2.73,2.54,2.58,0.00,0.00%,13,2.181,48.84%
NVDA251219P00098000,6/17/2025 1:24 PM,98,2.61,2.65,2.69,0.03,1.16%,45,2.539,48.51%
NVDA251219P00099000,6/17/2025 11:44 AM,99,2.75,2.78,2.82,0.11,4.17%,6,5.361,48.25%
NVDA251219P00100000,6/17/2025 1:21 PM,100,2.89,2.92,2.95,0.03,1.05%,44,34.925,47.99%
NVDA251219P00101000,6/16/2025 3:59 PM,101,3.00,3.05,3.10,0.00,0.00%,457,7.523,47.80%
NVDA251219P00102000,6/17/2025 12:02 PM,102,3.15,3.20,3.25,0.12,3.96%,4,3.426,47.58%
NVDA251219P00103000,6/16/2025 12:41 PM,103,3.20,3.35,3.45,0.00,0.00%,33,3.393,47.58%
NVDA251219P00104000,6/16/2025 3:27 PM,104,3.40,3.50,3.55,0.00,0.00%,54,3.125,47.07%
NVDA251219P00105000,6/17/2025 11:46 AM,105,3.60,3.65,3.70,0.00,0.00%,5,19.362,46.78%
NVDA251219P00106000,6/16/2025 12:13 PM,106,3.61,3.85,3.90,0.00,0.00%,13,2.39,46.69%
NVDA251219P00107000,6/16/2025 2:34 PM,107,3.88,4.00,4.05,0.00,0.00%,1,5.75,46.36%
NVDA251219P00108000,6/17/2025 10:28 AM,108,4.10,4.15,4.25,0.00,0.00%,52,5.398,46.22%
NVDA251219P00109000,6/17/2025 10:55 AM,109,4.30,4.35,4.40,0.06,1.42%,25,1.945,45.85%
NVDA251219P00110000,6/17/2025 1:44 PM,110,4.55,4.55,4.65,0.07,1.56%,270,40.865,45.86%
NVDA251219P00111000,6/16/2025 1:35 PM,111,4.55,4.80,4.85,0.00,0.00%,111,4.25,45.64%
NVDA251219P00112000,6/17/2025 9:49 AM,112,4.88,5.00,5.10,0.16,3.39%,5,6.96,45.58%
NVDA251219P00113000,6/16/2025 11:27 AM,113,4.96,5.20,5.30,0.00,0.00%,2,1.892,45.31%
NVDA251219P00114000,6/17/2025 10:43 AM,114,5.30,5.45,5.55,-0.25,-4.50%,6,2.296,45.20%
NVDA251219P00115000,6/17/2025 1:05 PM,115,5.62,5.60,5.70,0.06,1.08%,27,16.245,44.71%
NVDA251219P00116000,6/16/2025 12:53 PM,116,5.77,5.90,5.95,0.12,2.12%,30,4.807,44.56%
NVDA251219P00117000,6/17/2025 11:57 AM,117,6.00,6.10,6.20,-0.05,-0.83%,2,4.028,44.38%
NVDA251219P00118000,6/17/2025 11:33 AM,118,6.32,6.40,6.45,0.04,0.64%,1,2.401,44.18%
NVDA251219P00119000,6/17/2025 11:45 AM,119,6.55,6.65,6.75,0.25,3.97%,2,3.403,44.12%
NVDA251219P00120000,6/17/2025 12:53 PM,120,6.90,6.95,7.00,0.06,0.88%,80,34.425,43.86%
NVDA251219P00121000,6/17/2025 11:14 AM,121,7.10,7.20,7.30,0.13,1.87%,3,4.075,43.74%
NVDA251219P00122000,6/17/2025 1:11 PM,122,7.43,7.50,7.55,0.13,1.78%,16,3.157,43.45%
NVDA251219P00123000,6/17/2025 12:32 PM,123,7.65,7.80,7.85,0.10,1.32%,16,2.767,43.29%
NVDA251219P00124000,6/17/2025 11:28 AM,124,8.00,8.05,8.15,0.20,2.56%,292,2.997,43.10%
NVDA251219P00125000,6/17/2025 1:38 PM,125,8.30,8.45,8.50,0.00,0.00%,829,9.9,43.04%
NVDA251219P00126000,6/17/2025 12:41 PM,126,8.55,8.65,8.75,0.02,0.23%,163,3.664,42.66%
NVDA251219P00127000,6/17/2025 1:13 PM,127,8.98,9.00,9.10,0.21,2.39%,14,2.71,42.55%
NVDA251219P00128000,6/17/2025 11:59 AM,128,9.25,9.40,9.50,0.21,2.32%,3,2.052,42.55%
NVDA251219P00129000,6/17/2025 11:46 AM,129,9.60,9.75,9.90,0.33,3.56%,5,1.721,42.53%
NVDA251219P00130000,6/17/2025 1:43 PM,130,10.01,10.15,10.25,-0.03,-0.30%,132,26.396,42.34%
NVDA251219P00132000,6/17/2025 1:13 PM,132,10.68,10.75,10.90,0.06,0.56%,127,2.21,41.77%
NVDA251219P00134000,6/16/2025 12:38 PM,134,11.15,11.65,11.75,0.00,0.00%,49,2.922,41.64%
NVDA251219P00135000,6/17/2025 1:10 PM,135,11.89,12.00,12.10,0.05,0.42%,60,6.463,41.35%
NVDA251219P00136000,6/17/2025 1:13 PM,136,12.28,12.35,12.50,0.16,1.32%,54,6.236,41.16%
NVDA251219P00138000,6/17/2025 12:43 PM,138,13.10,13.20,13.35,0.02,0.15%,72,6.276,40.84%
NVDA251219P00140000,6/17/2025 1:24 PM,140,14.00,14.05,14.20,0.05,0.36%,1.57,17.749,40.44%
NVDA251219P00142000,6/17/2025 1:38 PM,142,14.90,14.95,15.10,0.08,0.54%,83,2.708,40.07%
NVDA251219P00144000,6/17/2025 9:46 AM,144,15.90,16.00,16.15,-0.01,-0.06%,19,1.062,39.98%
NVDA251219P00145000,6/17/2025 1:07 PM,145,16.50,16.50,16.60,0.10,0.61%,106,7.546,39.72%
NVDA251219P00146000,6/17/2025 1:49 PM,146,17.15,17.05,17.20,0.49,2.94%,26,1.112,39.80%
NVDA251219P00148000,6/17/2025 1:35 PM,148,17.90,18.15,18.25,0.03,0.17%,6,1.195,39.53%
NVDA251219P00150000,6/17/2025 1:02 PM,150,19.26,19.20,19.30,0.31,1.64%,47,6.215,39.16%
NVDA251219P00152000,6/17/2025 1:19 PM,152,20.10,20.30,20.45,0.30,1.52%,18,690,38.96%
NVDA251219P00154000,6/17/2025 9:33 AM,154,21.15,21.40,21.55,0.18,0.86%,4,1.058,38.54%
NVDA251219P00155000,6/17/2025 11:25 AM,155,21.85,22.00,22.10,-0.10,-0.46%,16,3.288,38.30%
NVDA251219P00156000,6/17/2025 1:19 PM,156,22.45,22.65,22.75,0.28,1.26%,2,274,38.28%
NVDA251219P00158000,6/16/2025 10:27 AM,158,23.75,23.85,23.95,0.00,0.00%,12,337,37.93%
NVDA251219P00160000,6/17/2025 11:53 AM,160,24.87,25.20,25.35,-0.07,-0.28%,17,6.134,37.99%
NVDA251219P00162000,2025-12-06 11:03:00,162,26.25,26.40,26.55,0.00,0.00%,2,150,37.46%
NVDA251219P00164000,2025-12-06 10:12:00,164,28.30,27.80,27.95,0.00,0.00%,3,100,37.35%
NVDA251219P00165000,6/16/2025 1:23 PM,165,27.57,28.45,28.60,0.00,0.00%,168,1.072,37.13%
NVDA251219P00166000,6/17/2025 11:45 AM,166,28.95,29.10,29.20,-0.07,-0.24%,1,300,36.77%
NVDA251219P00167000,6/17/2025 11:50 AM,167,29.65,29.70,29.85,0.55,1.89%,4,46,36.50%
NVDA251219P00168000,2025-12-06 15:45:00,168,30.59,30.50,30.80,0.00,0.00%,16,127,37.02%
NVDA251219P00169000,6/16/2025 10:27 AM,169,31.15,31.05,31.50,0.00,0.00%,4,72,36.85%
NVDA251219P00170000,6/17/2025 10:14 AM,170,31.60,31.85,32.00,-0.29,-0.91%,1,3.574,36.10%
NVDA251219P00171000,4/16/2025 12:14 PM,171,67.47,40.75,41.40,0.00,0.00%,124,73,57.60%
NVDA251219P00172000,2025-09-06 09:50:00,172,34.26,33.35,33.80,0.00,0.00%,3,162,36.76%
NVDA251219P00173000,6/16/2025 10:27 AM,173,34.10,34.10,34.55,0.00,0.00%,3,20,36.65%
NVDA251219P00174000,6/16/2025 3:58 PM,174,35.05,34.75,35.15,0.00,0.00%,2,28,36.07%
NVDA251219P00175000,6/17/2025 12:48 PM,175,35.38,35.60,36.05,0.18,0.51%,10,2.626,36.35%
NVDA251219P00176000,4/21/2025 1:53 PM,176,80.82,47.10,47.75,0.00,0.00%,138,66,64.20%
NVDA251219P00177000,2025-11-06 10:37:00,177,37.29,37.10,37.35,0.00,0.00%,6,120,35.36%
NVDA251219P00178000,2025-03-06 12:31:00,178,40.70,37.70,38.40,0.00,0.00%,1,79,36.05%
NVDA251219P00179000,12/27/2024 12:17 PM,179,52.55,59.75,60.40,0.00,0.00%,1,4,89.71%
NVDA251219P00180000,6/16/2025 2:37 PM,180,38.94,39.40,39.75,0.00,0.00%,1,1.178,35.04%
NVDA251219P00181000,2025-10-01 09:43:00,181,53.99,51.90,52.05,0.00,0.00%,18,15,66.14%
NVDA251219P00182000,2/27/2025 3:38 PM,182,62.70,72.40,73.80,0.00,0.00%,3,34,115.99%
NVDA251219P00183000,6/16/2025 11:20 AM,183,40.82,41.65,42.30,0.00,0.00%,5,5,35.03%
NVDA251219P00184000,2025-04-03 11:11:00,184,74.00,0.00,0.00,0.00,0.00%,5,0,0.00%
NVDA251219P00185000,6/17/2025 12:38 PM,185,43.25,43.60,43.95,-1.47,-3.29%,1,0,34.77%
NVDA251219P00186000,2024-12-12 12:46:00,186,56.25,56.20,57.65,0.00,0.00%,2,42,68.91%
NVDA251219P00187000,6/16/2025 11:21 AM,187,44.24,44.95,45.60,0.00,0.00%,1,5,34.41%
NVDA251219P00188000,3/31/2025 3:09 PM,188,80.60,0.00,0.00,0.00,0.00%,1,0,0.00%
NVDA251219P00189000,2025-03-04 15:53:00,189,86.62,74.20,75.25,0.00,0.00%,3,0,106.93%
NVDA251219P00190000,5/27/2025 3:54 PM,190,56.84,47.70,48.25,0.00,0.00%,1,2,34.38%
NVDA251219P00191000,6/13/2025 3:20 PM,191,50.90,48.35,49.00,0.00,0.00%,21,21,33.78%
NVDA251219P00192000,5/29/2025 2:14 PM,192,54.35,49.35,50.00,0.00,0.00%,6,4,34.19%
NVDA251219P00193000,6/17/2025 1:02 PM,193,50.50,50.40,50.55,-5.25,-9.42%,15,7,32.63%
NVDA251219P00194000,5/29/2025 9:31 AM,194,54.25,51.00,51.60,0.00,0.00%,1,0,33.25%
NVDA251219P00195000,5/13/2025 1:02 PM,195,65.46,54.25,54.80,0.00,0.00%,5,1,42.27%
NVDA251219P00200000,6/17/2025 12:41 PM,200,56.30,56.60,56.90,0.25,0.45%,6,856,31.95%
NVDA251219P00205000,5/29/2025 3:23 PM,205,66.50,60.85,61.65,0.00,0.00%,7,7,32.12%
NVDA251219P00210000,2025-12-06 15:25:00,210,65.80,65.30,66.25,0.00,0.00%,1,12,30.69%
NVDA251219P00212000,2/28/2025 9:30 AM,212,94.78,100.80,102.55,0.00,0.00%,2,0,128.27%
NVDA251219P00213000,3/18/2025 12:36 PM,213,95.35,110.80,111.70,0.00,0.00%,26,0,149.71%
NVDA251219P00214000,3/26/2025 9:46 AM,214,96.65,104.45,105.20,0.00,0.00%,1,0,131.98%
NVDA251219P00215000,2025-05-06 14:14:00,215,74.60,70.30,71.35,0.00,0.00%,1,3,33.05%
NVDA251219P00216000,2025-04-03 14:13:00,216,98.75,0.00,0.00,0.00,0.00%,4,0,0.00%
NVDA251219P00217000,2025-04-02 11:06:00,217,97.90,0.00,0.00,0.00,0.00%,10,0,0.00%
NVDA251219P00218000,2024-02-12 11:35:00,218,81.85,0.00,0.00,0.00,0.00%,-,9,0.00%
NVDA251219P00219000,2025-04-02 10:06:00,219,99.75,0.00,0.00,0.00,0.00%,2,24,0.00%
NVDA251219P00220000,2025-12-06 15:46:00,220,75.40,74.95,76.05,0.00,0.00%,35,62,31.57%
NVDA251219P00221000,11/18/2024 10:33 AM,221,85.05,87.00,89.95,0.00,0.00%,42,42,76.50%
NVDA251219P00222000,2025-06-06 13:43:00,222,79.61,76.85,77.90,0.00,0.00%,1,11,30.20%
NVDA251219P00223000,2025-04-02 10:13:00,223,103.50,0.00,0.00,0.00,0.00%,26,0,0.00%
NVDA251219P00224000,2025-04-02 10:13:00,224,104.45,0.00,0.00,0.00,0.00%,1,0,0.00%
NVDA251219P00225000,5/29/2025 12:03 PM,225,84.49,80.00,80.95,0.00,0.00%,47,0,31.67%
NVDA251219P00226000,6/16/2025 11:07 AM,226,80.30,80.95,82.00,0.00,0.00%,5,12,32.57%
NVDA251219P00227000,2025-06-02 10:20:00,227,100.80,110.15,117.00,0.00,0.00%,7,0,127.30%
NVDA251219P00228000,5/16/2025 12:55 PM,228,93.37,82.95,83.95,0.00,0.00%,2,0,32.42%
NVDA251219P00230000,5/22/2025 3:57 PM,230,96.97,84.95,85.80,0.00,0.00%,6,0,30.52%
NVDA251219P00235000,2/28/2025 10:10 AM,235,115.10,123.90,125.50,0.00,0.00%,10,0,138.14%
NVDA251219P00240000,2025-07-03 11:56:00,240,131.85,0.00,0.00,0.00,0.00%,10,0,0.00%
NVDA251219P00245000,2/26/2025 1:13 PM,245,114.00,134.50,136.20,0.00,0.00%,2,0,143.53%
NVDA251219P00250000,2/26/2025 1:13 PM,250,118.98,139.50,141.20,0.00,0.00%,2,0,145.35%
NVDA251219P00255000,2025-04-03 10:46:00,255,142.20,0.00,0.00,0.00,0.00%,1,0,0.00%
NVDA251219P00260000,4/29/2025 10:54 AM,260,151.05,120.35,121.30,0.00,0.00%,1,0,68.78%
NVDA251219P00265000,2024-06-11 13:43:00,265,119.85,122.35,123.05,0.00,0.00%,1,0,55.81%
NVDA251219P00270000,5/29/2025 1:23 PM,270,129.92,125.00,125.95,0.00,0.00%,1,0,41.85%
NVDA251219P00275000,2025-12-03 13:57:00,275,160.50,163.60,164.90,0.00,0.00%,2,0,151.03%
NVDA251219P00280000,4/16/2025 3:08 PM,280,178.80,144.25,145.30,0.00,0.00%,1,0,88.06%
NVDA251219P00285000,5/24/2024 12:07 PM,285,3.25,2.25,3.45,0.00,0.00%,16,74,0.00%
NVDA251219P00290000,4/28/2025 1:42 PM,290,183.40,152.10,157.00,0.00,0.00%,12,0,90.00%
NVDA251219P00295000,2024-06-06 14:16:00,295,3.20,2.50,3.50,0.00,0.00%,1,137,0.00%
NVDA251219P00300000,2025-11-06 11:31:00,300,155.70,154.95,155.75,0.00,0.00%,20,0,43.07%
NVDA251219P00305000,2024-07-06 15:33:00,305,3.50,2.74,3.65,0.00,0.00%,1,296,0.00%
NVDA251219P00310000,2024-06-06 10:02:00,310,3.75,3.00,4.05,0.00,0.00%,1,1.076,0.00%
NVDA251219P00315000,5/23/2024 9:30 AM,315,5.12,3.10,4.10,0.00,0.00%,4,256,0.00%
NVDA251219P00320000,2024-05-06 13:06:00,320,4.00,3.75,4.10,0.00,0.00%,1,628,0.00%
NVDA251219P00325000,2024-07-06 14:30:00,325,4.25,3.75,4.70,-0.40,-8.60%,5,1.225,0.00%
NVDA251219P00330000,2024-06-06 14:38:00,330,4.16,3.75,4.85,0.00,0.00%,7,2.267,0.00%
NVDA251219P00335000,2024-04-06 15:03:00,335,4.70,3.75,5.00,0.00,0.00%,5,148,0.00%
NVDA251219P00340000,5/28/2024 2:33 PM,340,4.62,3.90,5.25,0.00,0.00%,1,1.347,0.00%
NVDA251219P00345000,2024-03-06 13:11:00,345,5.30,4.10,5.40,0.00,0.00%,4,191,0.00%
NVDA251219P00350000,2024-03-06 15:55:00,350,5.40,4.35,5.55,0.00,0.00%,4,1.436,0.00%
NVDA251219P00355000,5/28/2024 3:45 PM,355,5.30,4.45,5.60,0.00,0.00%,5,877,0.00%
NVDA251219P00360000,5/28/2024 11:15 AM,360,5.50,4.70,5.60,0.00,0.00%,4,463,0.00%
NVDA251219P00365000,5/29/2024 9:55 AM,365,6.00,4.85,6.00,0.00,0.00%,1,1.132,0.00%
NVDA251219P00370000,2024-06-06 11:29:00,370,6.00,5.15,6.00,0.00,0.00%,1,568,0.00%
NVDA251219P00375000,2024-06-06 12:51:00,375,6.30,5.30,6.25,0.00,0.00%,3,482,0.00%
NVDA251219P00380000,2024-06-06 12:12:00,380,6.50,5.60,6.50,0.00,0.00%,1,578,0.00%
NVDA251219P00385000,2024-06-05 15:54:00,385,13.60,6.05,6.85,0.00,0.00%,1,123,0.00%
NVDA251219P00390000,2024-05-06 11:53:00,390,6.92,6.10,7.40,0.00,0.00%,2,86,0.00%
NVDA251219P00395000,2024-07-06 10:12:00,395,7.40,6.35,7.65,0.20,2.78%,1,63,0.00%
NVDA251219P00400000,2024-07-06 13:21:00,400,7.35,6.60,7.90,-0.13,-1.74%,4,2.091,0.00%
NVDA251219P00410000,2024-06-06 11:19:00,410,8.03,7.35,8.15,0.00,0.00%,4,391,0.00%
NVDA251219P00415000,2024-05-06 10:44:00,415,8.32,7.65,8.40,0.00,0.00%,1,150,0.00%
NVDA251219P00420000,2024-06-06 15:03:00,420,8.73,7.85,8.75,0.00,0.00%,10,282,0.00%
NVDA251219P00425000,5/15/2024 3:18 PM,425,15.90,7.85,9.40,0.00,0.00%,1,1.047,0.00%
NVDA251219P00430000,5/30/2024 2:21 PM,430,10.00,8.15,9.70,0.00,0.00%,500,2.002,0.00%
NVDA251219P00435000,2024-07-06 12:48:00,435,9.45,8.85,9.70,-2.55,-21.25%,1,78,0.00%
NVDA251219P00440000,2024-06-06 10:21:00,440,9.77,9.35,10.10,0.00,0.00%,1,135,0.00%
NVDA251219P00445000,2024-07-06 13:05:00,445,10.05,9.50,10.30,-0.30,-2.90%,2,169,0.00%
NVDA251219P00450000,2024-07-06 12:05:00,450,10.85,9.70,11.00,-0.15,-1.36%,6,1.069,0.00%
NVDA251219P00455000,5/16/2024 10:55 AM,455,19.95,10.15,11.15,0.00,0.00%,10,101,0.00%
NVDA251219P00460000,2024-07-06 12:03:00,460,11.80,10.70,11.40,0.63,5.64%,8,526,0.00%
NVDA251219P00465000,2024-07-06 12:24:00,465,11.75,11.05,11.80,-0.74,-5.92%,4,566,0.00%
NVDA251219P00470000,2024-07-06 13:15:00,470,11.85,11.45,12.20,-0.45,-3.66%,2,513,0.00%
NVDA251219P00475000,2024-07-06 12:17:00,475,12.75,11.50,13.00,-0.50,-3.77%,9,1.504,0.00%
NVDA251219P00480000,2024-07-06 12:59:00,480,12.97,11.95,13.25,-0.08,-0.61%,2,1.062,0.00%
NVDA251219P00485000,2024-07-06 12:31:00,485,13.30,12.50,13.55,-1.75,-11.63%,2,116,0.00%
NVDA251219P00490000,2024-07-06 13:19:00,490,13.60,12.90,13.95,-0.45,-3.20%,2,164,0.00%
NVDA251219P00495000,2024-06-06 15:39:00,495,14.50,13.35,14.45,0.00,0.00%,12,231,0.00%
NVDA251219P00500000,2024-07-06 15:48:00,500,14.37,13.70,14.95,-0.44,-2.97%,5,2.437,0.00%
NVDA251219P00505000,2024-04-06 09:35:00,505,17.06,14.25,15.25,0.00,0.00%,1,180,0.00%
NVDA251219P00510000,2024-07-06 12:21:00,510,15.90,14.75,15.85,-1.27,-7.40%,2,286,0.00%
NVDA251219P00515000,2024-07-06 12:56:00,515,16.05,15.35,16.20,0.20,1.26%,3,799,0.00%
NVDA251219P00520000,2024-07-06 12:29:00,520,16.75,15.70,16.80,0.38,2.32%,2,173,0.00%
NVDA251219P00525000,5/23/2024 1:57 PM,525,21.35,16.20,17.30,0.00,0.00%,2,239,0.00%
NVDA251219P00530000,5/29/2024 2:02 PM,530,18.90,16.75,17.85,0.00,0.00%,1,204,0.00%
NVDA251219P00535000,5/30/2024 2:56 PM,535,20.60,17.25,18.45,0.00,0.00%,1,326,0.00%
NVDA251219P00540000,2024-07-06 12:16:00,540,19.20,17.95,18.85,-0.65,-3.27%,4,688,0.00%
NVDA251219P00545000,5/31/2024 10:50 AM,545,24.25,18.35,19.45,0.00,0.00%,100,219,0.00%
NVDA251219P00550000,2024-06-06 09:57:00,550,20.08,18.70,20.25,0.00,0.00%,7,1.148,0.00%
NVDA251219P00555000,2024-07-06 12:20:00,555,20.95,19.50,20.70,-5.05,-19.42%,1,171,0.00%
NVDA251219P00560000,2024-06-06 09:57:00,560,21.60,19.75,21.60,0.00,0.00%,7,1.089,0.00%
NVDA251219P00565000,5/31/2024 10:50 AM,565,27.15,20.50,21.70,0.00,0.00%,2,166,0.00%
NVDA251219P00570000,5/23/2024 11:50 AM,570,28.25,21.10,22.35,0.00,0.00%,2,222,0.00%
NVDA251219P00575000,2024-06-06 10:08:00,575,23.11,21.65,23.45,0.00,0.00%,2,863,0.00%
NVDA251219P00580000,2024-07-06 12:10:00,580,24.50,22.40,23.65,-1.08,-4.22%,1,171,0.00%
NVDA251219P00585000,2024-06-06 10:23:00,585,24.50,22.95,24.75,0.00,0.00%,2,876,0.00%
NVDA251219P00590000,2024-05-06 15:24:00,590,24.35,23.75,25.45,0.00,0.00%,1,81,0.00%
NVDA251219P00595000,2024-06-06 09:30:00,595,24.40,24.90,26.10,0.00,0.00%,10,82,0.00%
NVDA251219P00600000,2024-07-06 12:09:00,600,27.45,25.40,26.45,0.65,2.43%,2,3.131,0.00%
NVDA251219P00605000,5/28/2024 12:13 PM,605,29.70,26.80,27.15,0.00,0.00%,7,66,0.00%
NVDA251219P00610000,2024-05-06 11:53:00,610,28.08,26.55,28.10,0.00,0.00%,1,144,0.00%
NVDA251219P00615000,5/28/2024 12:13 PM,615,31.40,27.30,28.65,0.00,0.00%,5,290,0.00%
NVDA251219P00620000,5/24/2024 2:02 PM,620,36.75,28.10,29.55,0.00,0.00%,2,327,0.00%
NVDA251219P00625000,5/21/2024 3:47 PM,625,51.75,29.35,30.20,0.00,0.00%,24,135,0.00%
NVDA251219P00630000,5/31/2024 9:43 AM,630,36.58,29.65,31.00,0.00,0.00%,1,80,0.00%
NVDA251219P00635000,2024-06-06 12:59:00,635,33.50,30.20,32.50,0.00,0.00%,8,918,0.00%
NVDA251219P00640000,2024-07-06 12:08:00,640,34.00,31.55,32.80,-2.91,-7.88%,2,1.242,0.00%
NVDA251219P00645000,2024-05-06 10:14:00,645,34.31,32.10,33.50,0.00,0.00%,2,33,0.00%
NVDA251219P00650000,2024-07-06 10:31:00,650,36.30,33.20,34.45,2.97,8.91%,5,927,0.00%
NVDA251219P00655000,5/28/2024 12:13 PM,655,38.85,33.80,35.30,0.00,0.00%,5,31,0.00%
NVDA251219P00660000,2024-05-06 11:55:00,660,36.41,34.70,36.20,0.00,0.00%,2,336,0.00%
NVDA251219P00665000,2024-05-06 13:14:00,665,36.75,35.60,37.05,0.00,0.00%,2,12,0.00%
NVDA251219P00670000,2024-07-06 15:36:00,670,37.93,36.55,38.55,0.33,0.88%,6,532,0.00%
NVDA251219P00675000,5/30/2024 3:18 PM,675,44.70,37.45,38.95,0.00,0.00%,10,34,0.00%
NVDA251219P00680000,2024-07-06 10:27:00,680,42.25,38.35,39.90,2.80,7.10%,1,80,0.00%
NVDA251219P00685000,2024-05-06 13:14:00,685,40.45,39.90,40.85,0.00,0.00%,1,30,0.00%
NVDA251219P00690000,2024-05-06 13:00:00,690,41.85,40.80,42.55,0.00,0.00%,1,46,0.00%
NVDA251219P00695000,5/23/2024 9:32 AM,695,59.56,41.30,43.45,0.00,0.00%,2,29,0.00%
NVDA251219P00700000,2024-07-06 15:48:00,700,43.45,42.55,44.50,-0.67,-1.52%,2,1.148,0.00%
NVDA251219P00705000,2024-05-06 14:59:00,705,44.05,43.90,45.60,0.00,0.00%,460,272,0.00%
NVDA251219P00710000,2024-07-06 09:54:00,710,48.05,44.90,46.70,0.20,0.42%,1,107,0.00%
NVDA251219P00720000,2024-07-06 10:08:00,720,50.40,47.05,48.15,3.18,6.73%,10,301,0.00%
NVDA251219P00730000,2024-07-06 10:10:00,730,52.85,48.80,50.40,3.95,8.08%,4,69,0.00%
NVDA251219P00740000,2024-03-06 14:12:00,740,59.30,51.00,52.75,0.00,0.00%,1,41,0.00%
NVDA251219P00750000,2024-07-06 13:27:00,750,54.60,53.90,55.10,-2.20,-3.87%,6,450,0.00%
NVDA251219P00760000,2024-06-06 12:07:00,760,58.45,56.25,57.70,0.00,0.00%,1,39,0.00%
NVDA251219P00770000,2024-06-06 12:18:00,770,61.65,58.65,60.10,0.00,0.00%,1,44,0.00%
NVDA251219P00780000,2024-07-06 15:56:00,780,61.95,61.25,62.65,-3.05,-4.69%,1,86,0.00%
NVDA251219P00790000,5/31/2024 3:50 PM,790,79.15,63.80,65.25,0.00,0.00%,2,96,0.00%
NVDA251219P00800000,2024-07-06 15:48:00,800,67.35,66.55,67.90,-3.65,-5.14%,6,310,0.00%
NVDA251219P00810000,2024-07-06 09:30:00,810,72.15,69.25,70.70,2.29,3.28%,1,68,0.00%
NVDA251219P00820000,2024-07-06 14:07:00,820,74.00,72.10,73.85,-0.91,-1.21%,21,79,0.00%
NVDA251219P00830000,2024-06-06 09:43:00,830,72.85,74.90,76.50,0.00,0.00%,15,134,0.00%
NVDA251219P00840000,2024-05-06 15:55:00,840,77.21,77.80,79.35,0.00,0.00%,3,51,0.00%
NVDA251219P00850000,2024-07-06 09:40:00,850,86.40,80.85,82.65,1.87,2.21%,1,556,0.00%
NVDA251219P00860000,2024-05-06 13:07:00,860,85.00,83.95,85.55,0.00,0.00%,1,43,0.00%
NVDA251219P00880000,2024-07-06 13:46:00,880,91.50,90.30,91.95,-3.95,-4.14%,3,129,0.00%
NVDA251219P00900000,2024-07-06 15:41:00,900,97.90,97.05,98.95,-5.10,-4.95%,2,361,0.00%
NVDA251219P00920000,2024-05-06 14:08:00,920,104.60,103.85,106.00,0.00,0.00%,202,287,0.00%
NVDA251219P00930000,2024-05-06 14:09:00,930,108.25,107.35,109.20,0.00,0.00%,2,28,0.00%
NVDA251219P00940000,2024-06-06 10:02:00,940,114.00,111.05,112.95,0.00,0.00%,1,53,0.00%
NVDA251219P00950000,2024-06-06 13:00:00,950,122.65,114.80,116.85,0.00,0.00%,211,133,0.00%
NVDA251219P00960000,2024-05-06 14:05:00,960,119.05,118.50,120.75,0.00,0.00%,10,101,0.00%
NVDA251219P00970000,2024-05-06 14:07:00,970,123.05,122.30,124.60,0.00,0.00%,8,32,0.00%
NVDA251219P00980000,2024-05-06 14:06:00,980,126.90,126.20,128.55,0.00,0.00%,10,57,0.00%
NVDA251219P00990000,2024-06-06 11:01:00,990,132.65,130.60,132.65,0.00,0.00%,100,116,0.00%
NVDA251219P01000000,2024-07-06 15:52:00,1000,135.70,134.30,136.20,-1.69,-1.23%,7,463,0.00%
NVDA251219P01010000,2024-05-06 14:18:00,1010,139.20,138.30,140.80,0.00,0.00%,7,47,0.00%
NVDA251219P01020000,2024-04-06 15:20:00,1020,154.99,142.45,144.65,0.00,0.00%,1,151,0.00%
NVDA251219P01030000,2024-06-06 15:17:00,1030,152.05,146.70,149.25,0.00,0.00%,1,16,0.00%
NVDA251219P01040000,2024-05-06 11:42:00,1040,154.00,151.00,153.20,0.00,0.00%,2,43,0.00%
NVDA251219P01050000,2024-07-06 12:15:00,1050,160.50,155.40,157.75,0.80,0.50%,1,44,0.00%
NVDA251219P01060000,2024-06-06 09:30:00,1060,154.61,159.80,162.10,0.00,0.00%,2,23,0.00%
NVDA251219P01070000,3/20/2024 12:57 PM,1070,299.65,354.05,370.80,0.00,0.00%,2,15,0.00%
NVDA251219P01080000,5/30/2024 9:55 AM,1080,185.33,168.80,171.20,0.00,0.00%,2,124,0.00%
NVDA251219P01090000,2024-07-06 14:10:00,1090,177.05,173.45,175.90,-1.74,-0.97%,3,23,0.00%
NVDA251219P01100000,2024-06-06 09:52:00,1100,178.50,178.20,180.90,0.00,0.00%,8,60,0.00%
NVDA251219P01110000,2024-06-06 09:41:00,1110,175.70,182.95,185.35,0.00,0.00%,2,125,0.00%
NVDA251219P01120000,2024-04-06 15:29:00,1120,202.95,187.60,190.20,0.00,0.00%,1,27,0.00%
NVDA251219P01130000,2024-06-06 11:24:00,1130,198.20,192.50,195.15,0.00,0.00%,5,23,0.00%
NVDA251219P01140000,2024-06-06 11:02:00,1140,200.30,197.50,200.15,0.00,0.00%,1,30,0.00%
NVDA251219P01150000,2024-07-06 15:19:00,1150,206.87,202.60,205.30,-0.73,-0.35%,3,23,0.00%
NVDA251219P01160000,2024-06-06 11:29:00,1160,212.65,207.55,210.25,0.00,0.00%,3,28,0.00%
NVDA251219P01170000,2024-06-06 12:00:00,1170,218.22,212.60,215.65,0.00,0.00%,12,25,0.00%
NVDA251219P01180000,2024-07-06 09:41:00,1180,229.55,217.90,220.90,5.84,2.61%,7,41,0.00%
NVDA251219P01190000,2024-05-06 12:24:00,1190,227.38,223.15,225.75,0.00,0.00%,1,9,0.00%
NVDA251219P01200000,2024-06-06 13:46:00,1200,236.07,228.55,231.45,0.00,0.00%,18,94,0.00%
NVDA251219P01210000,2024-07-06 14:05:00,1210,238.00,233.80,236.60,-2.20,-0.92%,4,55,0.00%
NVDA251219P01220000,2024-06-06 12:35:00,1220,249.50,239.30,242.50,0.00,0.00%,13,58,0.00%
NVDA251219P01230000,5/30/2024 1:49 PM,1230,272.35,244.65,247.95,0.00,0.00%,14,51,0.00%
NVDA251219P01240000,2024-04-06 15:46:00,1240,268.20,250.20,253.45,0.00,0.00%,10,162,0.00%
NVDA251219P01250000,2024-06-06 09:34:00,1250,247.05,255.95,259.10,0.00,0.00%,1,107,0.00%
NVDA251219P01260000,2024-06-06 11:29:00,1260,267.20,261.10,265.05,0.00,0.00%,2,232,0.00%
NVDA251219P01270000,2024-04-06 15:46:00,1270,286.45,266.80,271.05,0.00,0.00%,8,197,0.00%
NVDA251219P01280000,2024-04-06 15:46:00,1280,292.65,272.55,276.40,0.00,0.00%,8,40,0.00%
NVDA251219P01290000,2024-04-06 15:46:00,1290,298.85,278.35,281.85,0.00,0.00%,8,33,0.00%
NVDA251219P01300000,2024-06-06 15:26:00,1300,294.00,284.45,288.45,0.00,0.00%,4,13,0.00%
NVDA251219P01320000,2024-04-06 15:46:00,1320,317.70,296.35,300.25,0.00,0.00%,8,10,0.00%
NVDA251219P01340000,2024-06-06 11:46:00,1340,314.96,308.40,312.50,0.00,0.00%,2,14,0.00%
NVDA251219P01360000,2024-04-06 15:46:00,1360,343.60,320.65,326.05,0.00,0.00%,8,16,0.00%
NVDA251219P01380000,2024-04-06 15:46:00,1380,356.90,332.50,338.60,0.00,0.00%,8,9,0.00%
NVDA251219P01400000,2024-06-06 09:45:00,1400,337.83,345.35,351.30,0.00,0.00%,1,3,0.00%
NVDA251219P01420000,5/24/2024 11:55 AM,1420,445.07,358.35,364.70,0.00,0.00%,2,1,0.00%
NVDA251219P01440000,2/15/2024 1:04 PM,1440,710.15,595.10,614.00,0.00,0.00%,2,0,0.00%
NVDA251219P01460000,2024-08-05 11:09:00,1460,586.90,385.15,391.65,0.00,0.00%,24,15,0.00%
NVDA251219P01480000,3/13/2024 11:35 AM,1480,627.65,611.35,621.05,0.00,0.00%,2,1,0.00%
NVDA251219P01500000,2024-06-06 10:37:00,1500,412.48,412.75,419.25,0.00,0.00%,2,4,0.00%
NVDA251219P01540000,2024-08-05 11:10:00,1540,657.55,441.05,448.55,0.00,0.00%,-,2,0.00%
NVDA251219P01560000,2024-08-05 11:11:00,1560,675.70,451.25,466.50,0.00,0.00%,2,4,0.00%
NVDA251219P01580000,3/26/2024 9:59 AM,1580,663.15,762.15,782.00,0.00,0.00%,2,12,0.00%
NVDA251219P01600000,2024-06-06 09:54:00,1600,491.00,481.35,495.15,0.00,0.00%,1,38,0.00%
NVDA251219P01620000,5/24/2024 11:55 AM,1620,607.25,497.45,510.20,0.00,0.00%,6,5,0.00%
NVDA251219P01640000,2024-08-05 11:54:00,1640,752.60,511.10,524.80,0.00,0.00%,4,2,0.00%
NVDA251219P01650000,4/17/2024 12:33 PM,1650,804.11,729.15,746.00,0.00,0.00%,-,0,0.00%
NVDA251219P01660000,2024-08-05 11:11:00,1660,767.25,527.30,542.10,0.00,0.00%,-,1,0.00%
NVDA251219P01670000,2024-11-03 09:32:00,1670,824.00,0.00,0.00,0.00,0.00%,1,0,0.00%
NVDA251219P01680000,2024-07-03 12:55:00,1680,776.55,799.45,814.00,0.00,0.00%,-,2,0.00%
NVDA251219P01690000,4/23/2024 12:47 PM,1690,871.05,0.00,0.00,0.00,0.00%,2,0,0.00%
NVDA251219P01700000,4/23/2024 12:31 PM,1700,880.14,0.00,0.00,0.00,0.00%,4,0,0.00%
NVDA251219P01710000,2024-07-03 12:39:00,1710,805.05,827.90,838.85,0.00,0.00%,-,1,0.00%
NVDA251219P01720000,5/24/2024 11:55 AM,1720,694.34,573.20,588.10,0.00,0.00%,4,2,0.00%
NVDA251219P01780000,3/20/2024 12:16 PM,1780,900.39,"1,008.00","1,026.00",0.00,0.00%,2,0,0.00%
NVDA251219P01790000,2024-08-03 13:34:00,1790,922.20,902.00,920.00,0.00,0.00%,82,82,0.00%
NVDA251219P01850000,3/14/2024 2:11 PM,1850,972.30,958.00,978.00,0.00,0.00%,1,0,0.00%
NVDA251219P01890000,4/23/2024 12:47 PM,1890,"1,071.05",0.00,0.00,0.00,0.00%,-,0,0.00%
NVDA251219P01900000,2024-03-04 15:38:00,1900,"1,008.00","1,002.00","1,022.00",0.00,0.00%,4,0,0.00%
NVDA251219P02220000,5/29/2024 1:55 PM,2220,"1,072.59","1,011.00","1,027.00",0.00,0.00%,-,0,0.00%
NVDA251219P02280000,5/29/2024 1:55 PM,2280,"1,131.34","1,066.00","1,086.00",0.00,0.00%,-,0,0.00%
