Calls,"Jun 17, 2025 8:21pm",Unnamed: 2,Unnamed: 3,Unnamed: 4,Unnamed: 5,Unnamed: 6,Unnamed: 7,Unnamed: 8,Unnamed: 9,Unnamed: 10
In The Money,,,,,,,,,,
Contract Name,Last Trade Date (EDT),Strike,Last Price,Bid,Ask,Change,% Change,Volume,Open Interest,Implied Volatility
NVDA260116C00000500,6/17/2025 12:06 PM,0.5,144.40,143.90,144.15,-0.27,-0.19%,1,58.837,345.31%
NVDA260116C00001000,6/16/2025 2:14 PM,1,144.38,142.70,144.80,0.00,0.00%,3,1.331,380.86%
NVDA260116C00001500,6/16/2025 11:06 AM,1.5,144.00,141.90,144.30,0.00,0.00%,1,235,287.50%
NVDA260116C00002000,5/28/2025 12:25 PM,2,134.10,141.75,143.85,0.00,0.00%,2,800,310.55%
NVDA260116C00002500,2025-07-04 12:06:00,2.5,93.00,113.15,115.30,0.00,0.00%,2,48,0.00%
NVDA260116C00003000,2025-09-06 14:49:00,3,140.21,140.45,142.70,0.00,0.00%,21,1.03,225.78%
NVDA260116C00003500,5/28/2025 2:23 PM,3.5,133.62,139.75,143.10,0.00,0.00%,1,4,272.66%
NVDA260116C00004000,5/15/2025 1:40 PM,4,132.47,136.30,139.75,0.00,0.00%,1,22,0.00%
NVDA260116C00005000,5/30/2025 11:02 AM,5,131.84,139.10,140.85,0.00,0.00%,1,902,243.95%
NVDA260116C00005500,2024-06-06 13:00:00,5.5,114.00,118.10,123.40,0.00,0.00%,-,170,0.00%
NVDA260116C00006000,4/23/2025 2:10 PM,6,98.47,124.60,126.85,0.00,0.00%,3,518,0.00%
NVDA260116C00007000,2025-05-06 14:44:00,7,133.93,136.85,138.90,0.00,0.00%,2,309,206.06%
NVDA260116C00008000,2025-02-06 10:29:00,8,129.12,135.80,137.95,0.00,0.00%,2,181,195.51%
NVDA260116C00009000,2025-06-05 15:55:00,9,105.25,129.00,132.35,0.00,0.00%,1,226,0.00%
NVDA260116C00010000,2025-12-06 11:25:00,10,134.60,133.65,135.95,0.00,0.00%,3,15.568,172.56%
NVDA260116C00011000,4/28/2025 9:38 AM,11,97.85,124.45,125.40,0.00,0.00%,1,36,0.00%
NVDA260116C00012000,4/30/2025 3:39 PM,12,95.99,121.00,124.60,0.00,0.00%,1,157,0.00%
NVDA260116C00013000,2025-06-06 09:30:00,13,129.83,130.65,133.00,0.00,0.00%,1,208,155.86%
NVDA260116C00014000,4/16/2025 3:41 PM,14,89.35,120.75,122.95,0.00,0.00%,1,257,0.00%
NVDA260116C00015000,2025-03-06 15:38:00,15,126.70,129.05,131.10,0.00,0.00%,7,578,159.57%
NVDA260116C00016000,4/14/2025 9:51 AM,16,97.90,0.00,0.00,0.00,0.00%,1,0,0.00%
NVDA260116C00017000,2025-09-06 10:34:00,17,128.00,127.15,129.20,0.00,0.00%,3,469,154.39%
NVDA260116C00018000,6/16/2025 3:55 PM,18,126.97,126.45,128.25,-0.23,-0.18%,20,729,156.49%
NVDA260116C00019000,2025-02-06 13:41:00,19,119.26,125.10,127.30,0.00,0.00%,1,368,146.88%
NVDA260116C00020000,6/17/2025 12:10 PM,20,125.52,124.30,126.30,0.57,0.46%,10,1.189,146.48%
NVDA260116C00021000,2025-10-06 15:43:00,21,123.95,123.00,125.30,0.00,0.00%,13,557,137.55%
NVDA260116C00022000,2025-10-06 15:03:00,22,122.40,122.30,124.35,0.00,0.00%,20,504,139.94%
NVDA260116C00023000,2025-08-05 14:42:00,23,96.33,118.65,120.10,0.00,0.00%,10,588,0.00%
NVDA260116C00024000,2025-11-06 09:52:00,24,120.30,120.60,122.65,0.00,0.00%,9,1.254,141.55%
NVDA260116C00025000,2025-10-06 15:45:00,25,119.29,119.10,121.30,0.00,0.00%,55,1.083,126.47%
NVDA260116C00026000,2025-10-06 15:46:00,26,118.42,118.25,120.50,0.00,0.00%,7,372,128.71%
NVDA260116C00027000,5/16/2025 10:10 AM,27,109.81,117.05,119.40,0.00,0.00%,1,876,121.63%
NVDA260116C00028000,2025-09-06 12:38:00,28,117.41,116.50,118.50,1.80,1.56%,1,153,126.27%
NVDA260116C00029000,2025-12-06 12:03:00,29,116.34,115.50,117.55,0.00,0.00%,5,201,124.17%
NVDA260116C00030000,6/17/2025 10:10 AM,30,115.75,114.40,115.85,-0.35,-0.30%,2,1.855,111.18%
NVDA260116C00031000,2025-07-04 10:20:00,31,67.95,86.35,87.60,0.00,0.00%,1,271,0.00%
NVDA260116C00031500,2025-10-04 13:40:00,31.5,77.22,85.00,86.90,0.00,0.00%,10,187,0.00%
NVDA260116C00032000,5/23/2025 1:26 PM,32,101.29,112.40,114.40,0.00,0.00%,10,197,113.82%
NVDA260116C00032500,4/29/2025 2:41 PM,32.5,79.05,106.10,108.35,0.00,0.00%,3,743,0.00%
NVDA260116C00033000,2025-09-06 14:13:00,33,110.33,111.65,113.65,0.00,0.00%,1,428,116.94%
NVDA260116C00033500,2025-04-06 11:49:00,33.5,108.96,111.25,113.05,0.00,0.00%,10,139,115.80%
NVDA260116C00034000,1/27/2025 10:09 AM,34,92.95,91.45,93.95,0.00,0.00%,40,274,0.00%
NVDA260116C00034500,5/23/2025 1:26 PM,34.5,98.90,109.95,111.95,0.00,0.00%,10,148,109.38%
NVDA260116C00035000,6/16/2025 12:51 PM,35,112.15,109.45,111.45,0.00,0.00%,3,1.278,108.30%
NVDA260116C00035500,2025-07-04 10:37:00,35.5,59.45,82.10,83.30,0.00,0.00%,1,200,0.00%
NVDA260116C00036000,6/16/2025 2:52 PM,36,110.18,108.85,110.25,0.00,0.00%,10,862,108.30%
NVDA260116C00036500,2025-06-05 14:20:00,36.5,78.75,103.35,106.35,0.00,0.00%,4,112,0.00%
NVDA260116C00037000,2025-12-06 15:26:00,37,108.85,107.55,109.45,0.00,0.00%,7,637,105.23%
NVDA260116C00037500,5/28/2025 3:31 PM,37.5,108.40,107.45,108.70,7.90,7.86%,1,335,105.71%
NVDA260116C00038000,2025-12-06 13:01:00,38,107.20,106.90,108.30,0.00,0.00%,5,761,105.20%
NVDA260116C00038500,4/23/2025 11:32 AM,38.5,66.50,93.45,95.50,0.00,0.00%,1,335,0.00%
NVDA260116C00039000,6/17/2025 11:14 AM,39,107.18,106.15,107.25,0.20,0.19%,1,1.092,105.08%
NVDA260116C00039500,2025-07-04 11:23:00,39.5,57.87,78.40,79.40,0.00,0.00%,10,450,0.00%
NVDA260116C00040000,6/13/2025 3:26 PM,40,102.90,105.15,106.50,0.00,0.00%,1,7.395,105.27%
NVDA260116C00040500,2025-06-06 14:07:00,40.5,103.42,104.10,106.20,0.00,0.00%,2,1.093,101.32%
NVDA260116C00041000,5/27/2025 10:18 AM,41,95.65,103.70,105.65,0.00,0.00%,10,2.066,100.83%
NVDA260116C00041500,2025-11-04 11:45:00,41.5,70.00,90.15,90.80,0.00,0.00%,5,1.323,0.00%
NVDA260116C00042000,5/29/2025 9:47 AM,42,101.00,102.95,104.50,0.00,0.00%,1,4.342,99.83%
NVDA260116C00042500,2025-05-05 10:00:00,42.5,73.39,100.00,100.55,0.00,0.00%,1,2.078,0.00%
NVDA260116C00043000,6/17/2025 11:00 AM,43,102.73,102.00,103.60,3.13,3.14%,20,3.014,99.27%
NVDA260116C00043500,2025-06-05 12:13:00,43.5,72.00,97.25,98.80,0.00,0.00%,1,2.864,0.00%
NVDA260116C00044000,2025-06-06 15:33:00,44,99.35,100.75,102.80,0.00,0.00%,20,1.705,97.09%
NVDA260116C00044500,2025-05-06 14:09:00,44.5,97.79,101.00,101.95,0.00,0.00%,160,1.476,99.27%
NVDA260116C00045000,6/16/2025 12:27 PM,45,101.50,99.95,101.50,-1.00,-0.98%,1,8.259,94.60%
NVDA260116C00045500,6/17/2025 12:01 PM,45.5,100.73,99.25,101.30,7.86,8.46%,20,1.175,94.53%
NVDA260116C00046000,2025-12-06 15:10:00,46,100.30,99.00,100.70,0.00,0.00%,1,2.197,94.85%
NVDA260116C00046500,5/28/2025 2:39 PM,46.5,92.00,98.30,100.30,0.00,0.00%,1,714,93.26%
NVDA260116C00047000,2025-04-06 15:14:00,47,96.35,97.75,99.75,0.00,0.00%,3,1.151,91.70%
NVDA260116C00047500,5/29/2025 9:37 AM,47.5,97.50,97.80,99.35,0.00,0.00%,1,1.106,95.51%
NVDA260116C00048000,2025-09-06 10:18:00,48,97.69,97.10,99.15,0.00,0.00%,10,8.126,95.34%
NVDA260116C00048500,5/13/2025 9:47 AM,48.5,80.15,94.00,95.75,0.00,0.00%,5,8.831,0.00%
NVDA260116C00049000,2025-06-06 15:09:00,49,94.85,96.10,97.60,0.00,0.00%,1,810,89.99%
NVDA260116C00049500,5/28/2025 3:08 PM,49.5,89.50,96.05,97.35,0.00,0.00%,10,10.221,93.85%
NVDA260116C00050000,6/16/2025 12:40 PM,50,97.56,95.40,96.50,0.00,0.00%,21,30.188,89.82%
NVDA260116C00050500,5/15/2025 9:30 AM,50.5,85.92,92.85,94.15,0.00,0.00%,10,10.912,62.01%
NVDA260116C00051000,2025-06-06 11:12:00,51,93.10,94.25,95.80,0.00,0.00%,1,517,89.26%
NVDA260116C00051500,6/17/2025 12:18 PM,51.5,95.18,93.85,95.20,8.24,9.48%,1,389,88.50%
NVDA260116C00052000,5/30/2025 10:43 AM,52,87.20,93.30,94.55,0.00,0.00%,1,1.53,86.45%
NVDA260116C00052500,5/13/2025 11:48 AM,52.5,79.75,90.55,91.70,0.00,0.00%,2,398,0.00%
NVDA260116C00053000,2025-09-06 15:15:00,53,91.50,92.10,94.20,0.00,0.00%,10,1.01,87.79%
NVDA260116C00053500,2025-10-06 13:05:00,53.5,91.33,92.05,93.30,0.00,0.00%,1,1.682,87.35%
NVDA260116C00054000,5/20/2025 9:58 AM,54,81.50,91.50,92.85,0.00,0.00%,300,750,86.62%
NVDA260116C00054500,4/25/2025 1:28 PM,54.5,60.42,78.25,79.90,0.00,0.00%,2,1.309,0.00%
NVDA260116C00055000,6/16/2025 9:45 AM,55,90.78,91.10,92.35,0.00,0.00%,3,9.157,91.11%
NVDA260116C00055500,4/23/2025 12:09 PM,55.5,51.20,77.25,79.50,0.00,0.00%,2,982,0.00%
NVDA260116C00056000,2025-09-04 12:58:00,56,50.20,62.10,64.10,0.00,0.00%,1,3.36,0.00%
NVDA260116C00056500,5/13/2025 2:18 PM,56.5,76.00,86.75,87.90,0.00,0.00%,1,158,0.00%
NVDA260116C00057000,2025-12-05 11:05:00,57,66.90,88.95,90.10,0.00,0.00%,4,0,86.11%
NVDA260116C00057500,2025-04-04 11:18:00,57.5,43.30,58.90,59.70,0.00,0.00%,3,416,0.00%
NVDA260116C00058000,6/17/2025 11:58 AM,58,88.70,87.70,89.05,10.43,13.33%,40,3.471,83.13%
NVDA260116C00058500,5/13/2025 12:56 PM,58.5,75.07,85.15,86.60,0.00,0.00%,2,465,65.48%
NVDA260116C00059000,2025-02-06 10:07:00,59,79.79,86.85,88.15,0.00,0.00%,1,445,83.02%
NVDA260116C00059500,5/13/2025 12:50 PM,59.5,74.22,83.90,85.50,0.00,0.00%,50,868,62.40%
NVDA260116C00060000,6/17/2025 9:45 AM,60,86.30,86.00,87.60,-1.48,-1.69%,10,9.053,84.52%
NVDA260116C00060500,2025-06-06 12:52:00,60.5,83.69,85.45,86.90,0.00,0.00%,5,509,82.67%
NVDA260116C00061000,2025-12-06 14:36:00,61,85.76,84.95,86.15,0.00,0.00%,10,1.194,80.79%
NVDA260116C00062000,6/16/2025 2:31 PM,62,85.34,83.65,85.40,0.00,0.00%,9,3.128,79.21%
NVDA260116C00063000,5/30/2025 9:45 AM,63,76.60,82.90,84.60,0.00,0.00%,1,1.608,79.98%
NVDA260116C00064000,2025-10-06 09:55:00,64,80.90,81.95,83.40,0.00,0.00%,1,3.702,77.99%
NVDA260116C00065000,6/16/2025 11:15 AM,65,83.10,81.05,82.45,0.00,0.00%,1,4.565,77.37%
NVDA260116C00066000,6/17/2025 9:30 AM,66,80.85,79.65,81.55,2.80,3.59%,1,1.429,74.78%
NVDA260116C00067000,2025-11-06 15:07:00,67,78.00,79.05,80.65,0.00,0.00%,1,2.219,75.68%
NVDA260116C00068000,6/13/2025 10:09 AM,68,77.43,78.15,79.55,0.00,0.00%,10,8.545,74.44%
NVDA260116C00069000,6/16/2025 10:18 AM,69,78.35,77.05,78.85,-0.08,-0.10%,1,6.222,74.02%
NVDA260116C00070000,6/17/2025 12:14 PM,70,77.76,76.40,77.80,-0.31,-0.40%,2,11.593,73.97%
NVDA260116C00071000,6/16/2025 11:25 AM,71,78.00,75.50,76.85,0.00,0.00%,1,5.226,73.32%
NVDA260116C00072000,6/16/2025 3:20 PM,72,75.65,74.30,76.05,0.00,0.00%,30,2.576,72.11%
NVDA260116C00073000,2025-12-06 13:20:00,73,74.53,73.20,75.30,0.00,0.00%,6,6.05,71.46%
NVDA260116C00074000,6/13/2025 10:08 AM,74,71.80,72.60,74.10,0.00,0.00%,2,1.439,70.98%
NVDA260116C00075000,6/16/2025 12:38 PM,75,72.95,72.15,73.25,-0.75,-1.02%,1,4.455,72.18%
NVDA260116C00076000,2025-12-06 10:37:00,76,71.50,70.75,72.30,0.00,0.00%,10,1.582,69.84%
NVDA260116C00077000,2025-12-06 12:28:00,77,70.67,69.60,71.45,0.00,0.00%,1,4.726,68.68%
NVDA260116C00078000,6/16/2025 9:56 AM,78,69.82,68.75,70.45,0.00,0.00%,10,2.442,68.02%
NVDA260116C00079000,6/16/2025 9:56 AM,79,68.91,68.10,69.35,0.00,0.00%,10,1.7,67.66%
NVDA260116C00080000,6/17/2025 1:32 PM,80,68.25,67.45,68.50,-0.45,-0.66%,77,36.734,68.04%
NVDA260116C00081000,6/17/2025 12:30 PM,81,67.55,66.35,67.30,1.93,2.94%,20,13.205,66.02%
NVDA260116C00082000,6/16/2025 11:20 AM,82,67.50,65.20,66.30,0.00,0.00%,3,2.056,64.45%
NVDA260116C00083000,2025-11-06 10:09:00,83,64.70,64.15,66.05,0.00,0.00%,21,2.598,65.39%
NVDA260116C00084000,2025-11-06 09:33:00,84,64.02,63.60,64.70,0.00,0.00%,21,3.798,64.56%
NVDA260116C00085000,6/17/2025 1:16 PM,85,63.75,62.90,63.50,-0.70,-1.09%,9,3.24,63.73%
NVDA260116C00086000,6/17/2025 11:36 AM,86,62.52,62.05,62.80,-1.09,-1.71%,2,5.065,63.86%
NVDA260116C00087000,6/13/2025 12:37 PM,87,60.43,60.85,61.95,0.00,0.00%,1,3.645,62.62%
NVDA260116C00088000,6/17/2025 1:27 PM,88,61.30,59.85,61.20,1.15,1.91%,13,4.818,62.19%
NVDA260116C00089000,6/17/2025 1:33 PM,89,60.33,59.00,60.20,1.19,2.01%,5,1.42,61.49%
NVDA260116C00090000,6/17/2025 1:41 PM,90,59.35,58.50,59.25,0.49,0.83%,7,13.161,61.77%
NVDA260116C00091000,2025-11-06 11:51:00,91,57.50,57.40,58.45,0.00,0.00%,1,1.385,60.94%
NVDA260116C00092000,2025-11-06 13:53:00,92,56.15,56.90,57.65,0.00,0.00%,1,9.082,61.50%
NVDA260116C00093000,2025-09-06 10:12:00,93,56.30,55.80,56.80,0.00,0.00%,5,2.293,60.54%
NVDA260116C00094000,6/16/2025 12:20 PM,94,56.95,55.20,56.00,0.00,0.00%,3,4.845,60.80%
NVDA260116C00095000,6/17/2025 1:40 PM,95,54.94,54.00,55.05,-0.21,-0.38%,9,5.205,59.39%
NVDA260116C00096000,6/17/2025 10:46 AM,96,54.20,53.30,54.10,-0.20,-0.37%,6,2.861,59.08%
NVDA260116C00097000,2025-11-06 11:21:00,97,52.61,52.25,53.25,0.00,0.00%,10,1.549,58.23%
NVDA260116C00098000,6/16/2025 12:06 PM,98,53.26,51.55,52.50,0.00,0.00%,83,2.747,58.31%
NVDA260116C00099000,6/17/2025 10:03 AM,99,51.52,51.15,51.50,-0.94,-1.79%,2,3.323,58.46%
NVDA260116C00100000,6/17/2025 1:28 PM,100,50.95,50.40,50.55,0.41,0.81%,89,81.9,57.98%
NVDA260116C00101000,6/16/2025 12:28 PM,101,51.08,49.35,49.85,0.00,0.00%,60,3.183,57.40%
NVDA260116C00102000,6/16/2025 9:54 AM,102,48.40,48.60,48.90,0.00,0.00%,50,2.618,56.91%
NVDA260116C00103000,6/16/2025 2:34 PM,103,48.55,47.75,48.15,0.00,0.00%,1,3.28,56.60%
NVDA260116C00104000,2025-12-06 15:51:00,104,47.60,46.90,47.35,0.00,0.00%,10,1.956,56.18%
NVDA260116C00105000,6/17/2025 12:45 PM,105,46.72,46.20,46.45,0.34,0.73%,1,8.818,55.84%
NVDA260116C00106000,6/16/2025 2:59 PM,106,46.08,45.35,45.70,0.00,0.00%,2,1.295,55.48%
NVDA260116C00107000,6/16/2025 2:42 PM,107,45.44,44.55,44.90,0.00,0.00%,41,1.995,55.11%
NVDA260116C00108000,6/16/2025 12:10 PM,108,44.31,43.85,44.10,-0.94,-2.08%,5,1.46,54.90%
NVDA260116C00109000,6/16/2025 11:48 AM,109,44.26,43.10,43.25,0.00,0.00%,1,1.019,54.50%
NVDA260116C00110000,6/17/2025 1:01 PM,110,43.00,42.35,42.45,0.48,1.13%,14,24.669,54.18%
NVDA260116C00111000,6/17/2025 1:24 PM,111,42.10,41.55,41.70,0.00,0.00%,3,3.826,53.83%
NVDA260116C00112000,6/17/2025 12:08 PM,112,41.45,40.80,40.95,-0.55,-1.31%,13,2.224,53.56%
NVDA260116C00113000,6/16/2025 10:34 AM,113,40.10,40.05,40.20,0.00,0.00%,6,2.307,53.27%
NVDA260116C00114000,6/17/2025 9:59 AM,114,39.54,39.30,39.50,-0.86,-2.13%,5,4.903,53.04%
NVDA260116C00115000,6/17/2025 1:46 PM,115,38.90,38.70,38.85,-0.05,-0.13%,8,19.155,53.09%
NVDA260116C00116000,6/16/2025 12:51 PM,116,39.03,37.85,38.05,0.00,0.00%,13,2.747,52.53%
NVDA260116C00117000,6/17/2025 10:46 AM,117,37.31,37.20,37.40,-0.10,-0.27%,11,4.967,52.47%
NVDA260116C00118000,6/16/2025 12:51 PM,118,37.00,36.55,36.65,-0.58,-1.54%,3,5.281,52.25%
NVDA260116C00119000,6/16/2025 2:54 PM,119,36.25,35.70,35.90,0.00,0.00%,6,1.569,51.72%
NVDA260116C00120000,6/17/2025 1:49 PM,120,35.16,35.05,35.20,-0.04,-0.11%,482,30.016,51.54%
NVDA260116C00121000,6/17/2025 1:29 PM,121,34.85,34.40,34.55,-0.20,-0.57%,7,3.066,51.41%
NVDA260116C00122000,6/17/2025 12:04 PM,122,33.85,33.65,33.85,-0.14,-0.41%,2,2.617,51.05%
NVDA260116C00123000,6/17/2025 1:21 PM,123,33.40,33.05,33.20,0.20,0.60%,18,4.185,50.96%
NVDA260116C00124000,6/17/2025 1:11 PM,124,32.80,32.35,32.50,-0.80,-2.38%,5,3.285,50.64%
NVDA260116C00125000,6/17/2025 1:42 PM,125,32.13,31.75,31.95,0.13,0.41%,27,21.766,50.64%
NVDA260116C00126000,6/17/2025 1:42 PM,126,31.46,31.05,31.25,-0.21,-0.66%,9,4.367,50.29%
NVDA260116C00127000,6/16/2025 3:16 PM,127,30.85,30.40,30.60,0.00,0.00%,13,2.649,50.06%
NVDA260116C00128000,6/17/2025 11:28 AM,128,29.91,29.80,29.95,-0.54,-1.77%,14,3.3,50.06%
NVDA260116C00129000,6/17/2025 11:07 AM,129,29.25,29.20,29.35,-0.85,-2.82%,32,3.074,49.93%
NVDA260116C00130000,6/17/2025 1:40 PM,130,28.90,28.65,28.80,0.35,1.23%,158,36.899,49.90%
NVDA260116C00132000,6/17/2025 1:14 PM,132,27.65,27.35,27.55,-0.65,-2.30%,8,7.251,49.40%
NVDA260116C00134000,6/16/2025 3:59 PM,134,26.20,26.20,26.40,0.00,0.00%,236,5.37,49.09%
NVDA260116C00135000,6/17/2025 1:48 PM,135,25.75,25.55,25.70,0.22,0.86%,85,17.534,48.61%
NVDA260116C00136000,6/17/2025 1:30 PM,136,25.35,25.05,25.20,0.35,1.40%,12,4.48,48.60%
NVDA260116C00138000,6/17/2025 1:16 PM,138,24.32,24.00,24.15,0.31,1.29%,40,4.88,48.40%
NVDA260116C00140000,6/17/2025 1:47 PM,140,23.01,22.85,22.95,0.16,0.70%,522,61.306,47.77%
NVDA260116C00142000,6/17/2025 1:22 PM,142,22.10,21.85,22.00,-0.10,-0.45%,16,3.475,47.68%
NVDA260116C00144000,6/17/2025 1:11 PM,144,21.10,20.85,20.95,0.35,1.69%,70,6.391,47.28%
NVDA260116C00145000,6/17/2025 1:49 PM,145,20.45,20.35,20.45,0.15,0.74%,558,18.557,47.11%
NVDA260116C00146000,6/17/2025 12:00 PM,146,19.95,19.85,19.95,-0.10,-0.50%,40,3.086,46.93%
NVDA260116C00148000,6/17/2025 1:07 PM,148,19.25,18.90,19.00,0.30,1.58%,48,8.65,46.63%
NVDA260116C00150000,6/17/2025 1:47 PM,150,18.23,18.10,18.15,0.23,1.28%,834,52.829,46.50%
NVDA260116C00152000,6/17/2025 12:13 PM,152,17.50,17.15,17.30,0.35,2.04%,9,11.077,46.30%
NVDA260116C00154000,6/17/2025 1:14 PM,154,16.60,16.30,16.45,-0.10,-0.60%,9,3.601,46.04%
NVDA260116C00155000,6/17/2025 1:46 PM,155,16.05,15.95,16.05,0.16,1.01%,59,7.737,45.94%
NVDA260116C00156000,6/17/2025 1:01 PM,156,15.58,15.55,15.70,0.03,0.19%,115,7.867,45.94%
NVDA260116C00158000,6/17/2025 1:26 PM,158,15.15,14.80,14.85,0.35,2.36%,12,4.718,45.55%
NVDA260116C00160000,6/17/2025 1:10 PM,160,14.29,14.10,14.15,0.29,2.07%,313,53.094,45.45%
NVDA260116C00162000,6/17/2025 12:46 PM,162,13.50,13.35,13.45,-0.40,-2.88%,7,4.043,45.28%
NVDA260116C00164000,6/17/2025 1:30 PM,164,12.85,12.70,12.80,-0.35,-2.65%,13,3.823,45.17%
NVDA260116C00165000,6/17/2025 12:28 PM,165,12.55,12.35,12.45,0.20,1.62%,55,20.962,45.03%
NVDA260116C00166000,6/17/2025 12:40 PM,166,12.25,12.05,12.10,-0.07,-0.57%,27,2.02,44.88%
NVDA260116C00167000,6/17/2025 12:33 PM,167,11.95,11.80,11.85,-0.25,-2.05%,93,3.175,44.95%
NVDA260116C00168000,6/17/2025 12:42 PM,168,11.60,11.35,11.45,0.20,1.75%,10,2.49,44.65%
NVDA260116C00169000,6/17/2025 1:30 PM,169,11.25,11.05,11.15,0.25,2.27%,37,1.449,44.58%
NVDA260116C00170000,6/17/2025 1:49 PM,170,10.85,10.80,10.90,0.12,1.12%,168,24.088,44.61%
NVDA260116C00171000,6/17/2025 1:20 PM,171,10.70,10.50,10.60,0.05,0.47%,16,1.037,44.50%
NVDA260116C00172000,6/17/2025 12:43 PM,172,10.45,10.30,10.35,0.00,0.00%,29,1.971,44.50%
NVDA260116C00173000,6/17/2025 1:33 PM,173,10.20,9.95,10.05,-0.25,-2.39%,39,1.075,44.37%
NVDA260116C00174000,6/17/2025 12:41 PM,174,9.90,9.75,9.80,-0.05,-0.50%,5,1.054,44.34%
NVDA260116C00175000,6/17/2025 1:31 PM,175,9.65,9.45,9.55,0.30,3.21%,56,22.053,44.30%
NVDA260116C00176000,6/17/2025 11:46 AM,176,9.35,9.20,9.30,0.13,1.41%,29,863,44.25%
NVDA260116C00177000,6/17/2025 1:41 PM,177,9.15,9.00,9.05,-0.20,-2.14%,6,861,44.18%
NVDA260116C00178000,6/17/2025 1:41 PM,178,8.90,8.70,8.80,-0.20,-2.20%,21,2.435,44.10%
NVDA260116C00179000,6/17/2025 1:46 PM,179,8.60,8.50,8.55,-0.30,-3.37%,6,1.551,44.01%
NVDA260116C00180000,6/17/2025 1:41 PM,180,8.45,8.25,8.35,0.24,2.92%,146,41.478,44.03%
NVDA260116C00181000,6/17/2025 1:01 PM,181,8.09,8.05,8.15,-0.11,-1.34%,38,2.417,44.04%
NVDA260116C00182000,6/17/2025 12:44 PM,182,7.95,7.85,7.95,-0.39,-4.68%,7,1.571,44.04%
NVDA260116C00183000,6/17/2025 1:45 PM,183,7.75,7.65,7.70,-0.25,-3.12%,19,1.007,43.89%
NVDA260116C00184000,6/17/2025 1:40 PM,184,7.55,7.45,7.50,-0.25,-3.21%,7,1.444,43.87%
NVDA260116C00185000,6/17/2025 1:39 PM,185,7.35,7.20,7.30,-0.16,-2.13%,103,6.947,43.82%
NVDA260116C00186000,6/17/2025 12:56 PM,186,7.10,7.10,7.15,-0.39,-5.21%,8,2.703,43.91%
NVDA260116C00187000,6/17/2025 1:03 PM,187,6.90,6.85,6.90,-0.11,-1.57%,26,1.02,43.71%
NVDA260116C00188000,6/17/2025 12:57 PM,188,6.70,6.70,6.75,-0.33,-4.69%,6,1.381,43.77%
NVDA260116C00189000,6/17/2025 1:40 PM,189,6.60,6.50,6.60,0.10,1.54%,27,1.666,43.82%
NVDA260116C00190000,6/17/2025 1:46 PM,190,6.40,6.35,6.45,0.06,0.95%,33,9.929,43.86%
NVDA260116C00191000,6/17/2025 1:03 PM,191,6.25,6.15,6.25,0.05,0.81%,7,1.697,43.75%
NVDA260116C00192000,6/17/2025 1:02 PM,192,6.00,6.00,6.05,-0.25,-4.00%,7,1.321,43.62%
NVDA260116C00193000,6/17/2025 1:24 PM,193,6.00,5.80,5.90,-0.10,-1.64%,16,2.792,43.63%
NVDA260116C00194000,6/17/2025 1:46 PM,194,5.75,5.65,5.75,0.15,2.68%,6,7.965,43.63%
NVDA260116C00195000,6/17/2025 1:24 PM,195,5.65,5.55,5.60,0.14,2.54%,12,4.925,43.62%
NVDA260116C00200000,6/17/2025 1:25 PM,200,4.95,4.80,4.90,0.15,3.12%,183,41.474,43.54%
NVDA260116C00205000,6/17/2025 1:45 PM,205,4.30,4.25,4.30,-0.15,-3.37%,32,3.935,43.52%
NVDA260116C00210000,6/17/2025 1:02 PM,210,3.69,3.70,3.80,-0.03,-0.81%,44,12.048,43.61%
NVDA260116C00212000,6/16/2025 3:27 PM,212,3.58,3.55,3.60,0.00,0.00%,3,2.785,43.59%
NVDA260116C00213000,6/16/2025 11:08 AM,213,3.60,3.45,3.50,0.00,0.00%,6,409,43.56%
NVDA260116C00214000,6/16/2025 1:19 PM,214,3.51,3.35,3.40,0.00,0.00%,7,881,43.52%
NVDA260116C00215000,6/16/2025 1:28 PM,215,3.40,3.25,3.30,0.00,0.00%,10,1.287,43.48%
NVDA260116C00216000,6/16/2025 10:38 AM,216,3.22,3.20,3.25,0.10,3.21%,5,1.055,43.62%
NVDA260116C00217000,6/16/2025 1:57 PM,217,3.16,3.10,3.20,0.00,0.00%,4,495,43.75%
NVDA260116C00218000,6/13/2025 2:48 PM,218,2.76,3.00,3.10,0.00,0.00%,10,464,43.68%
NVDA260116C00219000,2025-12-06 11:14:00,219,3.15,2.94,2.99,0.00,0.00%,6,516,43.56%
NVDA260116C00220000,6/17/2025 1:44 PM,220,2.91,2.88,2.92,-0.01,-0.34%,102,8.625,43.59%
NVDA260116C00221000,6/17/2025 1:08 PM,221,2.83,2.80,2.84,0.04,1.43%,60,896,43.57%
NVDA260116C00222000,6/13/2025 12:21 PM,222,2.62,2.73,2.77,0.00,0.00%,5,1.186,43.59%
NVDA260116C00223000,2025-12-06 10:40:00,223,2.80,2.67,2.71,0.00,0.00%,1,343,43.64%
NVDA260116C00224000,6/16/2025 2:07 PM,224,2.66,2.61,2.64,0.00,0.00%,1,528,43.64%
NVDA260116C00225000,6/17/2025 11:42 AM,225,2.53,2.54,2.58,-0.15,-5.60%,1,5.372,43.68%
NVDA260116C00226000,6/13/2025 10:20 AM,226,2.39,2.47,2.51,0.00,0.00%,1,741,43.67%
NVDA260116C00227000,6/16/2025 11:08 AM,227,2.53,2.43,2.46,0.00,0.00%,3,939,43.74%
NVDA260116C00228000,6/13/2025 9:43 AM,228,2.36,2.37,2.40,0.00,0.00%,80,548,43.76%
NVDA260116C00230000,6/17/2025 12:56 PM,230,2.25,2.23,2.28,-0.05,-2.17%,3,4.281,43.77%
NVDA260116C00235000,6/16/2025 3:48 PM,235,1.97,1.99,2.02,0.00,0.00%,7,2.584,43.88%
NVDA260116C00240000,6/17/2025 12:22 PM,240,1.81,1.77,1.79,0.04,2.26%,15,2.54,43.98%
NVDA260116C00245000,6/16/2025 12:14 PM,245,1.55,1.57,1.61,-0.15,-8.82%,1,2.612,44.23%
NVDA260116C00250000,6/17/2025 1:26 PM,250,1.44,1.40,1.43,0.02,1.41%,21,9.468,44.34%
NVDA260116C00255000,6/16/2025 11:30 AM,255,1.32,1.26,1.29,0.00,0.00%,5,2.293,44.57%
NVDA260116C00260000,6/17/2025 1:46 PM,260,1.12,1.12,1.15,-0.03,-2.50%,119,3.255,44.69%
NVDA260116C00265000,6/17/2025 1:46 PM,265,1.03,1.02,1.05,-0.04,-3.74%,4,1.498,45.00%
NVDA260116C00270000,6/17/2025 12:59 PM,270,0.93,0.91,0.93,0.01,1.09%,4,5.169,45.04%
NVDA260116C00275000,6/17/2025 1:45 PM,275,0.84,0.82,0.85,-0.04,-4.55%,2,7.738,45.34%
NVDA260116C00280000,6/17/2025 1:24 PM,280,0.76,0.74,0.77,0.02,2.70%,52,22.601,45.53%
NVDA260116C00290000,6/16/2025 2:40 PM,290,0.62,0.61,0.64,0.00,0.00%,2,2.219,46.00%
NVDA260116C00300000,6/17/2025 12:08 PM,300,0.51,0.51,0.53,-0.02,-3.77%,22,22.73,46.36%
NVDA260116C00310000,2024-06-06 12:25:00,310,921.73,922.40,938.45,0.00,0.00%,1,12,0.00%
NVDA260116C00315000,2/22/2024 2:36 PM,315,501.00,659.50,673.40,0.00,0.00%,1,12,0.00%
NVDA260116C00320000,2024-05-06 12:06:00,320,914.18,913.55,929.90,0.00,0.00%,1,24,0.00%
NVDA260116C00325000,1/26/2024 9:32 AM,325,333.36,500.15,508.15,0.00,0.00%,8,80,0.00%
NVDA260116C00330000,2024-07-06 10:19:00,330,898.00,905.15,921.10,404.60,82.00%,1,33,0.00%
NVDA260116C00335000,2/21/2024 12:30 PM,335,379.20,642.70,655.80,0.00,0.00%,2,15,0.00%
NVDA260116C00340000,5/28/2024 10:56 AM,340,814.25,895.80,912.30,0.00,0.00%,5,24,0.00%
NVDA260116C00345000,2024-11-03 09:56:00,345,560.79,563.35,570.90,0.00,0.00%,1,16,0.00%
NVDA260116C00350000,2024-06-06 11:48:00,350,890.86,887.30,903.35,0.00,0.00%,4,143,0.00%
NVDA260116C00355000,2024-08-03 15:30:00,355,570.00,563.85,576.50,0.00,0.00%,5,22,0.00%
NVDA260116C00360000,5/17/2024 2:01 PM,360,610.96,878.20,894.75,0.00,0.00%,1,89,0.00%
NVDA260116C00365000,5/28/2024 9:51 AM,365,787.39,874.65,890.40,0.00,0.00%,2,11,0.00%
NVDA260116C00370000,2024-06-06 15:33:00,370,871.11,870.30,886.00,0.00,0.00%,1,54,0.00%
NVDA260116C00375000,2024-07-03 14:35:00,375,596.39,546.80,560.65,0.00,0.00%,1,38,0.00%
NVDA260116C00380000,5/23/2024 12:53 PM,380,715.75,861.60,877.30,0.00,0.00%,2,84,0.00%
NVDA260116C00385000,5/31/2024 9:46 AM,385,782.00,857.25,872.95,0.00,0.00%,1,37,0.00%
NVDA260116C00390000,2024-05-06 11:38:00,390,849.54,852.90,868.70,0.00,0.00%,1,102,0.00%
NVDA260116C00395000,5/31/2024 12:04 PM,395,737.48,848.60,864.30,0.00,0.00%,1,45,0.00%
NVDA260116C00400000,2024-07-06 15:59:00,400,852.56,844.75,860.05,9.69,1.15%,3,872,0.00%
NVDA260116C00405000,2024-07-06 12:19:00,405,843.42,839.95,855.60,349.92,70.91%,1,123,0.00%
NVDA260116C00410000,2024-05-06 13:42:00,410,844.85,835.65,851.30,0.00,0.00%,3,209,0.00%
NVDA260116C00415000,2024-03-06 15:14:00,415,769.72,831.35,846.95,0.00,0.00%,1,128,0.00%
NVDA260116C00420000,2024-05-06 10:21:00,420,821.50,827.05,842.80,0.00,0.00%,10,455,0.00%
NVDA260116C00425000,5/28/2024 11:23 AM,425,741.76,822.75,838.55,0.00,0.00%,1,232,0.00%
NVDA260116C00430000,2024-07-06 15:54:00,430,823.72,818.50,834.30,83.72,11.31%,3,221,0.00%
NVDA260116C00435000,2024-06-06 12:08:00,435,819.69,814.25,829.80,0.00,0.00%,2,299,0.00%
NVDA260116C00440000,2024-07-06 14:20:00,440,809.00,810.00,825.25,245.50,43.57%,1,197,0.00%
NVDA260116C00445000,5/17/2024 12:17 PM,445,547.90,805.75,821.45,0.00,0.00%,12,150,0.00%
NVDA260116C00450000,2024-07-06 12:44:00,450,805.67,802.45,817.35,6.59,0.82%,7,1.024,0.00%
NVDA260116C00455000,5/23/2024 11:17 AM,455,639.50,797.30,813.10,0.00,0.00%,3,264,0.00%
NVDA260116C00460000,2024-05-06 13:42:00,460,802.85,793.10,808.40,0.00,0.00%,3,298,0.00%
NVDA260116C00465000,5/17/2024 12:20 PM,465,532.90,788.90,804.10,0.00,0.00%,4,92,0.00%
NVDA260116C00470000,5/23/2024 1:13 PM,470,640.00,784.70,799.95,0.00,0.00%,5,144,0.00%
NVDA260116C00475000,5/24/2024 12:50 PM,475,629.00,780.50,795.75,0.00,0.00%,3,136,0.00%
NVDA260116C00480000,2024-05-06 15:46:00,480,795.93,776.30,792.45,0.00,0.00%,2,953,0.00%
NVDA260116C00485000,5/29/2024 2:11 PM,485,725.68,772.15,788.20,0.00,0.00%,1,910,0.00%
NVDA260116C00490000,2024-05-06 15:40:00,490,786.35,768.00,783.20,0.00,0.00%,1,128,0.00%
NVDA260116C00495000,2024-04-06 09:30:00,495,722.10,763.90,779.10,0.00,0.00%,10,98,0.00%
NVDA260116C00500000,2024-07-06 15:21:00,500,760.00,759.70,775.00,-5.77,-0.75%,3,1.281,0.00%
NVDA260116C00505000,5/23/2024 2:24 PM,505,596.68,755.60,770.90,0.00,0.00%,5,177,0.00%
NVDA260116C00510000,5/23/2024 12:36 PM,510,608.00,751.50,766.60,0.00,0.00%,1,51,0.00%
NVDA260116C00515000,5/17/2024 1:47 PM,515,492.50,747.40,762.65,0.00,0.00%,2,35,0.00%
NVDA260116C00520000,2024-06-06 11:40:00,520,751.55,743.35,758.40,0.00,0.00%,1,159,0.00%
NVDA260116C00525000,2024-03-06 11:32:00,525,674.08,738.75,754.40,0.00,0.00%,1,41,0.00%
NVDA260116C00530000,5/21/2024 10:21 AM,530,485.68,735.20,750.35,0.00,0.00%,1,110,0.00%
NVDA260116C00535000,5/23/2024 10:05 AM,535,567.45,731.15,746.30,0.00,0.00%,1,172,0.00%
NVDA260116C00540000,2024-05-06 11:28:00,540,724.63,727.10,742.35,0.00,0.00%,3,76,0.00%
NVDA260116C00545000,2024-06-06 14:22:00,545,716.00,723.05,738.25,0.00,0.00%,80,134,0.00%
NVDA260116C00550000,2024-07-06 13:26:00,550,731.05,719.05,733.75,-1.05,-0.14%,1,526,0.00%
NVDA260116C00555000,5/17/2024 1:53 PM,555,463.05,715.05,730.30,0.00,0.00%,2,92,0.00%
NVDA260116C00560000,5/30/2024 11:25 AM,560,645.73,711.05,726.30,0.00,0.00%,1,351,0.00%
NVDA260116C00565000,5/28/2024 10:07 AM,565,625.44,706.65,722.00,0.00,0.00%,1,27,0.00%
NVDA260116C00570000,2024-06-06 10:33:00,570,718.30,703.15,718.70,0.00,0.00%,1,77,0.00%
NVDA260116C00575000,5/22/2024 3:40 PM,575,462.00,699.20,713.15,0.00,0.00%,1,42,0.00%
NVDA260116C00580000,2024-04-06 12:48:00,580,651.00,695.25,709.15,0.00,0.00%,2,332,0.00%
NVDA260116C00585000,2024-02-04 15:06:00,585,417.60,381.25,384.25,0.00,0.00%,5,57,0.00%
NVDA260116C00590000,2024-06-06 10:50:00,590,705.08,687.45,701.10,0.00,0.00%,3,47,0.00%
NVDA260116C00595000,5/31/2024 12:05 PM,595,578.00,683.55,697.25,0.00,0.00%,1,90,0.00%
NVDA260116C00600000,2024-07-06 15:56:00,600,687.20,679.70,692.90,3.80,0.56%,29,692,0.00%
NVDA260116C00605000,2024-05-06 10:27:00,605,673.83,675.80,689.20,0.00,0.00%,1,60,0.00%
NVDA260116C00610000,2024-05-06 15:17:00,610,690.82,672.65,687.60,0.00,0.00%,3,119,0.00%
NVDA260116C00620000,2024-07-06 12:57:00,620,676.05,664.30,677.60,69.85,11.52%,3,319,0.00%
NVDA260116C00630000,2024-06-06 10:24:00,630,665.28,656.25,670.80,0.00,0.00%,1,165,0.00%
NVDA260116C00640000,2024-06-06 09:38:00,640,697.03,649.10,662.80,0.00,0.00%,1,341,0.00%
NVDA260116C00650000,2024-07-06 10:27:00,650,631.14,641.65,654.65,-22.85,-3.49%,1,682,0.00%
NVDA260116C00660000,2024-07-06 10:50:00,660,628.78,634.25,647.45,-12.04,-1.88%,1,135,0.00%
NVDA260116C00670000,2024-06-06 15:49:00,670,632.98,626.85,642.40,0.00,0.00%,1,295,0.00%
NVDA260116C00680000,2024-03-06 09:35:00,680,562.65,620.45,633.75,0.00,0.00%,1,893,0.00%
NVDA260116C00690000,2024-07-06 10:50:00,690,607.27,612.30,625.80,48.47,8.67%,1,678,0.00%
NVDA260116C00700000,2024-07-06 12:10:00,700,600.16,605.20,619.65,-13.84,-2.25%,11,1.129,0.00%
NVDA260116C00710000,2024-07-06 11:21:00,710,589.00,598.00,611.75,1.35,0.23%,1,487,0.00%
NVDA260116C00720000,2024-04-06 10:39:00,720,543.62,590.95,606.15,0.00,0.00%,2,227,0.00%
NVDA260116C00730000,2024-07-06 12:25:00,730,590.00,587.70,597.35,5.79,0.99%,2,617,0.00%
NVDA260116C00740000,5/30/2024 1:42 PM,740,525.25,579.25,589.55,0.00,0.00%,2,125,0.00%
NVDA260116C00750000,2024-07-06 13:14:00,750,584.11,572.75,582.90,10.00,1.74%,2,574,0.00%
NVDA260116C00760000,2024-07-06 10:08:00,760,559.00,566.50,575.95,-18.52,-3.21%,1,125,0.00%
NVDA260116C00770000,2024-05-06 12:03:00,770,554.22,558.60,569.65,0.00,0.00%,1,476,0.00%
NVDA260116C00780000,2024-03-06 15:58:00,780,504.97,552.05,563.55,0.00,0.00%,1,102,0.00%
NVDA260116C00790000,2024-07-06 15:03:00,790,551.00,545.65,555.80,11.08,2.05%,3,126,0.00%
NVDA260116C00800000,2024-07-06 15:27:00,800,543.45,539.55,548.30,4.45,0.83%,2,1.829,0.00%
NVDA260116C00810000,2024-07-06 13:03:00,810,541.02,533.20,543.00,77.99,16.84%,1,1.269,0.00%
NVDA260116C00820000,2024-07-06 12:41:00,820,527.80,527.80,535.70,-5.70,-1.07%,3,143,0.00%
NVDA260116C00830000,2024-03-06 10:53:00,830,452.57,520.35,529.75,0.00,0.00%,1,279,0.00%
NVDA260116C00840000,2024-03-06 12:02:00,840,457.60,513.95,523.65,0.00,0.00%,6,349,0.00%
NVDA260116C00850000,2024-07-06 15:43:00,850,514.30,508.55,516.95,12.45,2.48%,2,254,0.00%
NVDA260116C00860000,2024-07-06 10:58:00,860,495.00,501.15,510.95,41.92,9.25%,2,536,0.00%
NVDA260116C00870000,2024-05-06 10:41:00,870,490.68,495.55,505.40,0.00,0.00%,1,446,0.00%
NVDA260116C00880000,2024-05-06 10:53:00,880,484.00,489.35,499.75,0.00,0.00%,2,479,0.00%
NVDA260116C00890000,2024-06-06 09:50:00,890,495.75,483.25,493.30,0.00,0.00%,1,106,0.00%
NVDA260116C00900000,2024-07-06 13:22:00,900,487.00,478.60,486.70,3.26,0.67%,6,1.464,0.00%
NVDA260116C00910000,5/28/2024 1:06 PM,910,418.20,471.55,481.90,0.00,0.00%,16,100,0.00%
NVDA260116C00920000,2024-07-06 15:37:00,920,470.00,465.80,475.90,20.67,4.60%,3,551,0.00%
NVDA260116C00930000,2024-06-06 12:37:00,930,450.00,461.10,469.40,0.00,0.00%,3,304,0.00%
NVDA260116C00940000,2024-04-06 10:17:00,940,407.69,454.30,464.35,0.00,0.00%,2,763,0.00%
NVDA260116C00950000,2024-07-06 14:54:00,950,451.47,449.25,458.20,2.26,0.50%,7,976,0.00%
NVDA260116C00960000,2024-07-06 15:30:00,960,442.50,442.95,451.35,40.40,10.05%,1,233,0.00%
NVDA260116C00970000,2024-07-06 15:34:00,970,442.00,437.65,445.20,49.39,12.58%,1,78,0.00%
NVDA260116C00980000,2024-04-06 12:52:00,980,393.00,429.50,442.25,0.00,0.00%,12,259,0.00%
NVDA260116C00990000,2024-07-06 10:15:00,990,420.86,426.55,436.40,28.05,7.14%,1,239,0.00%
NVDA260116C01000000,2024-07-06 13:35:00,1000,429.99,422.00,430.45,2.49,0.58%,9,2.593,0.00%
NVDA260116C01010000,2024-05-06 15:32:00,1010,426.19,416.30,425.00,0.00,0.00%,1,141,0.00%
NVDA260116C01020000,2024-06-06 15:59:00,1020,417.80,410.20,420.15,0.00,0.00%,4,141,0.00%
NVDA260116C01030000,2024-06-06 09:50:00,1030,416.50,408.95,412.30,0.00,0.00%,1,65,0.00%
NVDA260116C01040000,2024-06-06 13:00:00,1040,387.74,403.70,407.80,0.00,0.00%,2,158,0.00%
NVDA260116C01050000,2024-07-06 15:33:00,1050,399.95,399.00,402.20,3.27,0.82%,5,477,0.00%
NVDA260116C01060000,2024-05-06 15:20:00,1060,405.66,393.85,397.90,0.00,0.00%,9,63,0.00%
NVDA260116C01070000,2024-07-06 13:02:00,1070,393.83,388.90,392.30,-4.17,-1.05%,5,94,0.00%
NVDA260116C01080000,2024-05-06 15:20:00,1080,395.79,384.05,386.85,0.00,0.00%,5,50,0.00%
NVDA260116C01090000,2024-07-06 13:07:00,1090,386.14,379.25,382.05,-4.85,-1.24%,49,122,0.00%
NVDA260116C01100000,2024-07-06 15:24:00,1100,375.50,374.60,378.25,-4.50,-1.18%,78,729,0.00%
NVDA260116C01110000,2024-06-06 12:01:00,1110,368.50,369.80,372.70,0.00,0.00%,2,393,0.00%
NVDA260116C01120000,2024-07-06 15:00:00,1120,365.86,365.20,368.00,-11.14,-2.95%,1,53,0.00%
NVDA260116C01130000,2024-05-06 15:18:00,1130,372.00,360.60,363.45,0.00,0.00%,12,89,0.00%
NVDA260116C01140000,2024-07-06 13:46:00,1140,358.60,356.15,359.00,-21.67,-5.70%,2,150,0.00%
NVDA260116C01150000,2024-07-06 13:10:00,1150,358.00,351.20,355.10,7.40,2.11%,8,1.213,0.00%
NVDA260116C01160000,2024-05-06 13:15:00,1160,348.20,347.20,350.10,0.00,0.00%,3,31,0.00%
NVDA260116C01170000,2024-06-06 09:30:00,1170,354.73,342.70,345.75,0.00,0.00%,2,139,0.00%
NVDA260116C01180000,2024-06-06 12:49:00,1180,328.30,338.40,341.45,0.00,0.00%,3,90,0.00%
NVDA260116C01190000,2024-07-06 10:06:00,1190,327.80,334.15,337.15,-1.10,-0.33%,1,29,0.00%
NVDA260116C01200000,2024-07-06 15:59:00,1200,332.00,330.20,333.55,3.15,0.96%,24,1.526,0.00%
NVDA260116C01210000,2024-07-06 15:56:00,1210,326.83,325.80,328.85,10.51,3.32%,2,180,0.00%
NVDA260116C01220000,2024-07-06 13:27:00,1220,327.45,321.80,325.20,8.55,2.68%,3,28,0.00%
NVDA260116C01230000,2024-06-06 09:53:00,1230,321.77,317.75,320.70,0.00,0.00%,1,30,0.00%
NVDA260116C01240000,2024-07-06 14:12:00,1240,311.23,313.55,316.70,-5.77,-1.82%,4,25,0.00%
NVDA260116C01250000,2024-07-06 13:14:00,1250,316.11,310.00,313.50,6.11,1.97%,4,476,0.00%
NVDA260116C01260000,2024-06-06 09:39:00,1260,340.40,305.70,308.80,0.00,0.00%,2,48,0.00%
NVDA260116C01270000,2024-07-06 09:47:00,1270,298.50,302.05,306.10,-37.99,-11.29%,2,29,0.00%
NVDA260116C01280000,2024-06-06 09:39:00,1280,332.45,298.15,301.15,0.00,0.00%,1,65,0.00%
NVDA260116C01290000,2024-07-06 10:59:00,1290,287.80,294.50,297.45,-26.06,-8.30%,1,41,0.00%
NVDA260116C01300000,2024-07-06 15:54:00,1300,289.86,291.05,294.35,-3.72,-1.27%,55,902,0.00%
NVDA260116C01320000,2024-06-06 11:57:00,1320,284.00,283.50,286.45,0.00,0.00%,1,87,0.00%
NVDA260116C01340000,2024-06-06 12:04:00,1340,278.74,276.45,279.40,0.00,0.00%,3,83,0.00%
NVDA260116C01360000,2024-06-06 14:06:00,1360,264.47,269.55,272.50,0.00,0.00%,3,116,0.00%
NVDA260116C01380000,2024-06-06 15:42:00,1380,263.00,262.65,265.80,0.00,0.00%,7,212,0.00%
NVDA260116C01400000,2024-07-06 13:06:00,1400,263.00,256.50,260.00,0.50,0.19%,15,562,0.00%
NVDA260116C01420000,2024-05-06 15:49:00,1420,257.25,249.90,252.90,0.00,0.00%,1,35,0.00%
NVDA260116C01440000,2024-07-06 14:21:00,1440,242.00,243.60,246.70,-0.75,-0.31%,1,233,0.00%
NVDA260116C01460000,2024-07-06 15:14:00,1460,237.48,237.65,240.70,-9.52,-3.85%,1,47,0.00%
NVDA260116C01480000,2024-06-06 14:15:00,1480,228.66,231.60,234.80,0.00,0.00%,6,602,0.00%
NVDA260116C01500000,2024-07-06 15:54:00,1500,226.00,226.05,228.85,1.42,0.63%,29,1.364,0.00%
NVDA260116C01520000,2024-07-06 15:52:00,1520,221.05,220.45,223.50,4.29,1.98%,3,400,0.00%
NVDA260116C01540000,2024-05-06 09:40:00,1540,203.70,215.65,218.40,0.00,0.00%,4,89,0.00%
NVDA260116C01560000,2024-06-06 11:44:00,1560,212.00,210.35,213.10,0.00,0.00%,1,55,0.00%
NVDA260116C01580000,2024-06-06 13:13:00,1580,202.00,205.25,208.05,0.00,0.00%,1,192,0.00%
NVDA260116C01600000,2024-07-06 15:50:00,1600,201.09,200.35,202.75,-8.62,-4.11%,20,429,0.00%
NVDA260116C01620000,2024-05-06 13:00:00,1620,193.30,195.35,198.10,0.00,0.00%,2,48,0.00%
NVDA260116C01640000,2024-06-06 14:14:00,1640,188.37,190.50,193.35,0.00,0.00%,12,368,0.00%
NVDA260116C01650000,2024-06-06 13:14:00,1650,184.75,188.35,190.85,0.00,0.00%,10,140,0.00%
NVDA260116C01660000,2024-07-06 12:53:00,1660,186.52,186.00,188.65,49.47,36.10%,1,26,0.00%
NVDA260116C01670000,2024-07-06 12:53:00,1670,183.81,183.65,186.45,32.27,21.29%,1,24,0.00%
NVDA260116C01680000,2024-03-06 14:30:00,1680,149.58,181.50,183.90,0.00,0.00%,1,16,0.00%
NVDA260116C01690000,2024-05-06 15:47:00,1690,185.66,179.20,181.75,0.00,0.00%,2,7,0.00%
NVDA260116C01700000,2024-07-06 11:35:00,1700,173.80,177.20,179.70,2.15,1.25%,9,712,0.00%
NVDA260116C01710000,2024-05-06 13:22:00,1710,174.84,175.00,177.75,0.00,0.00%,2,14,0.00%
NVDA260116C01720000,5/31/2024 9:31 AM,1720,137.16,172.75,175.60,0.00,0.00%,1,22,0.00%
NVDA260116C01730000,2024-04-06 10:42:00,1730,147.16,170.70,173.50,0.00,0.00%,2,18,0.00%
NVDA260116C01740000,5/24/2024 2:55 PM,1740,103.06,168.65,171.20,0.00,0.00%,2,52,0.00%
NVDA260116C01750000,2024-06-06 11:08:00,1750,171.00,166.75,169.00,0.00,0.00%,5,53,0.00%
NVDA260116C01760000,5/31/2024 1:38 PM,1760,117.70,164.70,167.45,0.00,0.00%,1,8,0.00%
NVDA260116C01770000,5/22/2024 12:47 PM,1770,74.85,162.70,165.45,0.00,0.00%,1,30,0.00%
NVDA260116C01780000,2024-07-06 15:38:00,1780,162.08,160.70,163.50,6.15,3.94%,1,120,0.00%
NVDA260116C01790000,2024-07-06 12:28:00,1790,160.80,158.85,161.50,0.69,0.43%,1,167,0.00%
NVDA260116C01800000,2024-07-06 15:12:00,1800,158.49,157.10,159.20,4.76,3.10%,2,629,0.00%
NVDA260116C01810000,5/23/2024 11:19 AM,1810,92.26,155.00,157.70,0.00,0.00%,2,27,0.00%
NVDA260116C01820000,5/23/2024 11:19 AM,1820,91.02,153.15,155.85,0.00,0.00%,4,49,0.00%
NVDA260116C01830000,5/28/2024 10:27 AM,1830,112.75,151.40,154.05,0.00,0.00%,36,20,0.00%
NVDA260116C01840000,5/24/2024 2:42 PM,1840,89.50,149.60,152.30,0.00,0.00%,1,74,0.00%
NVDA260116C01850000,5/31/2024 1:56 PM,1850,104.03,147.95,150.05,0.00,0.00%,1,76,0.00%
NVDA260116C01860000,5/29/2024 11:29 AM,1860,120.04,146.05,148.75,0.00,0.00%,78,45,0.00%
NVDA260116C01870000,2024-05-06 14:14:00,1870,145.75,144.35,147.05,0.00,0.00%,1,35,0.00%
NVDA260116C01880000,2024-07-06 15:38:00,1880,144.02,142.65,145.25,-4.72,-3.17%,1,27,856.25%
NVDA260116C01890000,2024-05-06 14:41:00,1890,144.87,140.95,143.35,0.00,0.00%,5,43,736.23%
NVDA260116C01900000,2024-07-06 15:12:00,1900,140.92,139.40,141.75,-9.37,-6.23%,2,103,690.82%
NVDA260116C01910000,2024-06-06 10:14:00,1910,141.60,137.65,140.35,0.00,0.00%,1,66,659.67%
NVDA260116C01920000,5/28/2024 9:58 AM,1920,102.00,136.00,138.70,0.00,0.00%,1,90,634.59%
NVDA260116C01930000,2024-06-06 14:07:00,1930,132.56,134.35,137.10,0.00,0.00%,3,155,614.45%
NVDA260116C01940000,2024-06-06 14:07:00,1940,130.98,132.85,135.55,0.00,0.00%,17,708,598.34%
NVDA260116C01950000,2024-07-06 12:22:00,1950,133.15,131.45,133.80,25.58,23.78%,71,128,583.72%
NVDA260116C02000000,2024-07-06 15:57:00,2000,125.40,124.00,126.10,-2.00,-1.57%,342,618,530.57%
NVDA260116C02050000,2024-06-06 14:06:00,2050,115.65,117.05,119.35,0.00,0.00%,7,34,495.89%
NVDA260116C02100000,2024-06-06 13:02:00,2100,108.63,110.70,112.60,0.00,0.00%,19,125,469.03%
NVDA260116C02120000,2024-06-06 10:08:00,2120,113.20,108.10,110.25,0.00,0.00%,1,189,459.98%
NVDA260116C02130000,5/29/2024 3:59 PM,2130,90.30,106.90,108.80,0.00,0.00%,-,21,455.32%
NVDA260116C02140000,2024-05-06 15:26:00,2140,109.38,105.70,107.60,0.00,0.00%,4,71,451.23%
NVDA260116C02150000,2024-05-06 15:22:00,2150,109.57,104.60,106.30,0.00,0.00%,4,12,447.23%
NVDA260116C02160000,2024-07-06 13:14:00,2160,107.50,103.30,105.10,1.50,1.42%,1,1,443.15%
NVDA260116C02170000,5/30/2024 1:58 PM,2170,84.18,102.15,104.05,0.00,0.00%,1,1,439.67%
NVDA260116C02180000,2024-04-06 14:37:00,2180,86.83,100.95,102.80,0.00,0.00%,2,1,435.83%
NVDA260116C02200000,2024-07-06 14:12:00,2200,98.20,98.90,100.80,-3.80,-3.73%,2,71,429.75%
NVDA260116C02210000,2024-04-06 14:15:00,2210,82.65,97.70,99.45,0.00,0.00%,6,29,425.96%
NVDA260116C02220000,2024-04-06 15:42:00,2220,83.18,96.60,98.50,0.00,0.00%,14,9,423.01%
NVDA260116C02230000,2024-07-06 10:57:00,2230,95.25,95.55,97.65,12.38,14.94%,1,4,420.33%
NVDA260116C02240000,5/29/2024 2:50 PM,2240,80.03,94.50,96.25,0.00,0.00%,-,1,416.87%
NVDA260116C02250000,2024-06-06 12:44:00,2250,90.15,93.55,95.20,0.00,0.00%,303,221,414.12%
NVDA260116C02260000,5/30/2024 10:35 AM,2260,74.65,92.40,94.30,0.00,0.00%,4,22,411.35%
NVDA260116C02270000,2024-05-06 15:26:00,2270,94.80,91.40,93.30,0.00,0.00%,8,71,408.67%
NVDA260116C02280000,2024-07-06 15:35:00,2280,91.40,90.35,92.25,-0.60,-0.65%,5,45,405.89%
NVDA260116C02300000,2024-07-06 15:48:00,2300,90.55,88.60,90.20,90.55,-,5,0,400.98%
NVDA260116C02400000,2024-07-06 13:28:00,2400,81.49,79.55,81.20,81.49,-,3,15,379.07%
NVDA260116C02450000,2024-07-06 15:23:00,2450,75.88,75.45,77.05,75.88,-,3,-,369.71%
NVDA260116C02500000,2024-07-06 15:56:00,2500,72.00,71.60,73.20,72.00,-,14,-,361.28%
Puts,,,,,,,,,,
In The Money,,,,,,,,,,
Contract Name,Last Trade Date (EDT),Strike,Last Price,Bid,Ask,Change,% Change,Volume,Open Interest,Implied Volatility
NVDA260116P00000500,5/21/2025 3:13 PM,0.5,0.01,0.00,0.01,0.00,0.00%,3,24.944,250.00%
NVDA260116P00001000,5/28/2025 2:32 PM,1,0.01,0.00,0.02,0.00,0.00%,10,16.378,228.13%
NVDA260116P00001500,2025-05-02 10:36:00,1.5,0.01,0.00,0.02,0.00,0.00%,500,1.744,206.25%
NVDA260116P00002000,2025-04-03 10:43:00,2,0.01,0.00,0.00,0.00,0.00%,51,0,50.00%
NVDA260116P00002500,2025-10-06 10:43:00,2.5,0.01,0.00,0.02,0.00,0.00%,2,1.522,181.25%
NVDA260116P00003000,2025-09-04 12:26:00,3,0.01,0.00,0.02,0.00,0.00%,10,7.776,171.88%
NVDA260116P00003500,2025-10-03 11:03:00,3.5,0.02,0.00,0.05,0.00,0.00%,59,7.262,178.13%
NVDA260116P00004000,2025-09-04 14:39:00,4,0.02,0.00,0.02,0.00,0.00%,1.279,9.124,156.25%
NVDA260116P00004500,2025-11-06 10:46:00,4.5,0.01,0.00,0.02,0.00,0.00%,5,6.082,150.00%
NVDA260116P00005000,5/23/2025 12:19 PM,5,0.01,0.00,0.01,0.00,0.00%,8,6.346,137.50%
NVDA260116P00005500,3/31/2025 1:10 PM,5.5,0.01,0.00,0.00,0.00,0.00%,25,0,50.00%
NVDA260116P00006000,2025-09-06 11:30:00,6,0.01,0.00,0.01,0.00,0.00%,1,2.935,131.25%
NVDA260116P00007000,6/17/2025 10:03 AM,7,0.02,0.00,0.07,0.01,100.00%,160,2.721,146.88%
NVDA260116P00008000,6/17/2025 1:07 PM,8,0.01,0.00,0.02,0.00,0.00%,1.121,17.148,125.00%
NVDA260116P00009000,6/17/2025 9:51 AM,9,0.01,0.00,0.02,0.00,0.00%,7,3.105,118.75%
NVDA260116P00010000,6/17/2025 10:53 AM,10,0.01,0.01,0.02,0.00,0.00%,6,12.961,118.75%
NVDA260116P00011000,5/21/2025 3:05 PM,11,0.02,0.01,0.02,0.00,0.00%,202,1.984,114.06%
NVDA260116P00012000,2025-12-06 10:42:00,12,0.02,0.00,0.02,0.00,0.00%,1,4.281,106.25%
NVDA260116P00013000,5/23/2025 11:45 AM,13,0.03,0.00,0.03,0.00,0.00%,20,15.445,106.25%
NVDA260116P00014000,5/13/2025 12:54 PM,14,0.02,0.01,0.07,0.00,0.00%,5,2.44,113.28%
NVDA260116P00015000,6/13/2025 9:29 AM,15,0.01,0.01,0.03,0.00,0.00%,1,7.147,103.13%
NVDA260116P00016000,5/21/2025 11:19 AM,16,0.03,0.00,0.03,0.00,0.00%,10,6.791,96.88%
NVDA260116P00017000,6/16/2025 2:23 PM,17,0.02,0.01,0.03,0.00,0.00%,35,2.193,96.88%
NVDA260116P00018000,6/17/2025 10:04 AM,18,0.02,0.01,0.03,-0.03,-60.00%,16,2.864,94.53%
NVDA260116P00019000,2025-09-06 15:55:00,19,0.03,0.01,0.03,0.00,0.00%,3,1.686,92.19%
NVDA260116P00020000,6/13/2025 3:25 PM,20,0.05,0.01,0.04,0.00,0.00%,25,5.927,91.41%
NVDA260116P00021000,2025-04-06 14:17:00,21,0.04,0.02,0.04,0.00,0.00%,10,1.377,90.63%
NVDA260116P00022000,5/30/2025 11:09 AM,22,0.04,0.02,0.04,0.00,0.00%,5,1.669,88.28%
NVDA260116P00023000,2025-09-06 14:01:00,23,0.05,0.02,0.04,0.00,0.00%,1,1.534,86.72%
NVDA260116P00024000,4/22/2025 3:25 PM,24,0.21,0.00,0.00,0.00,0.00%,4,0,50.00%
NVDA260116P00025000,6/13/2025 9:43 AM,25,0.05,0.03,0.05,0.00,0.00%,5,36.528,85.16%
NVDA260116P00026000,2025-03-06 10:07:00,26,0.06,0.03,0.05,0.00,0.00%,159,4.895,83.20%
NVDA260116P00027000,2025-04-06 09:54:00,27,0.07,0.03,0.06,0.00,0.00%,1,5.701,82.42%
NVDA260116P00028000,5/28/2025 11:47 AM,28,0.08,0.04,0.06,0.00,0.00%,11,2.746,81.25%
NVDA260116P00029000,6/17/2025 10:41 AM,29,0.05,0.04,0.06,-0.01,-16.67%,115,5.108,79.69%
NVDA260116P00030000,6/16/2025 1:23 PM,30,0.06,0.04,0.06,0.00,0.00%,1,17.991,78.13%
NVDA260116P00031000,5/30/2025 12:29 PM,31,0.10,0.05,0.07,0.00,0.00%,1,701,77.93%
NVDA260116P00031500,5/22/2025 3:36 PM,31.5,0.14,0.05,0.08,0.00,0.00%,3,463,77.73%
NVDA260116P00032000,5/30/2025 12:31 PM,32,0.11,0.05,0.08,0.00,0.00%,2,2.22,76.95%
NVDA260116P00032500,6/16/2025 2:15 PM,32.5,0.06,0.06,0.08,0.00,0.00%,22,1.223,76.95%
NVDA260116P00033000,4/21/2025 10:17 AM,33,0.55,0.12,0.13,0.00,0.00%,13,555,81.45%
NVDA260116P00033500,2025-05-06 09:47:00,33.5,0.09,0.06,0.09,0.00,0.00%,1,874,75.98%
NVDA260116P00034000,2025-11-06 12:27:00,34,0.08,0.06,0.09,0.00,0.00%,1,826,75.20%
NVDA260116P00034500,2025-09-06 10:48:00,34.5,0.09,0.07,0.09,0.00,0.00%,1,904,75.00%
NVDA260116P00035000,6/13/2025 1:13 PM,35,0.10,0.07,0.10,0.00,0.00%,10,16.136,74.80%
NVDA260116P00035500,2025-03-06 12:23:00,35.5,0.12,0.08,0.10,0.00,0.00%,75,2.333,74.61%
NVDA260116P00036000,2025-04-06 13:02:00,36,0.12,0.08,0.10,0.00,0.00%,10,1.316,73.83%
NVDA260116P00036500,2025-10-06 12:02:00,36.5,0.10,0.09,0.11,0.00,0.00%,10,2.276,74.02%
NVDA260116P00037000,2025-09-06 15:57:00,37,0.10,0.08,0.11,-0.01,-9.09%,1,2.665,72.85%
NVDA260116P00037500,5/29/2025 3:53 PM,37.5,0.15,0.09,0.11,0.00,0.00%,89,1.423,72.66%
NVDA260116P00038000,2025-12-06 11:41:00,38,0.11,0.09,0.11,0.00,0.00%,10,2.995,71.88%
NVDA260116P00038500,5/30/2025 3:46 PM,38.5,0.16,0.09,0.11,0.00,0.00%,1,1.884,71.29%
NVDA260116P00039000,5/30/2025 2:15 PM,39,0.18,0.10,0.12,0.00,0.00%,1,2.482,71.48%
NVDA260116P00039500,5/21/2025 3:21 PM,39.5,0.25,0.11,0.13,0.00,0.00%,4,4.376,71.48%
NVDA260116P00040000,6/17/2025 11:38 AM,40,0.12,0.11,0.12,0.01,9.09%,20,18.028,70.51%
NVDA260116P00040500,6/13/2025 10:32 AM,40.5,0.15,0.11,0.13,0.00,0.00%,250,1.364,70.12%
NVDA260116P00041000,6/13/2025 10:08 AM,41,0.15,0.12,0.14,0.00,0.00%,250,1.174,70.22%
NVDA260116P00041500,5/22/2025 3:36 PM,41.5,0.29,0.12,0.14,0.00,0.00%,3,3.003,69.53%
NVDA260116P00042000,2025-12-06 09:47:00,42,0.14,0.12,0.15,0.00,0.00%,3,7.462,69.34%
NVDA260116P00042500,2025-10-06 11:25:00,42.5,0.16,0.13,0.15,0.00,0.00%,2,1.457,68.95%
NVDA260116P00043000,2025-04-06 10:16:00,43,0.20,0.13,0.16,0.00,0.00%,2,1.37,68.65%
NVDA260116P00043500,5/23/2025 9:31 AM,43.5,0.35,0.14,0.16,0.00,0.00%,1,822,68.36%
NVDA260116P00044000,2025-11-06 11:58:00,44,0.15,0.15,0.17,0.00,0.00%,1,2.894,68.26%
NVDA260116P00044500,2025-10-06 12:11:00,44.5,0.18,0.16,0.18,0.00,0.00%,1,3.776,68.16%
NVDA260116P00045000,6/17/2025 12:38 PM,45,0.17,0.16,0.18,0.01,6.25%,1,13.897,67.58%
NVDA260116P00045500,2025-12-06 11:50:00,45.5,0.19,0.17,0.19,0.00,0.00%,2,11.622,67.48%
NVDA260116P00046000,2025-02-06 14:06:00,46,0.26,0.17,0.19,0.00,0.00%,20,1.112,66.89%
NVDA260116P00046500,5/29/2025 9:36 AM,46.5,0.26,0.18,0.20,0.00,0.00%,3,1.202,66.80%
NVDA260116P00047000,2025-10-06 15:05:00,47,0.21,0.19,0.21,0.00,0.00%,20,3.39,66.65%
NVDA260116P00047500,6/16/2025 2:14 PM,47.5,0.20,0.19,0.22,0.00,0.00%,12,2.466,66.31%
NVDA260116P00048000,5/22/2025 9:41 AM,48,0.44,0.20,0.22,0.00,0.00%,100,2.784,65.92%
NVDA260116P00048500,2025-10-06 12:11:00,48.5,0.23,0.20,0.23,0.00,0.00%,1,501,65.53%
NVDA260116P00049000,6/16/2025 9:55 AM,49,0.23,0.21,0.24,0.00,0.00%,7,7.991,65.38%
NVDA260116P00049500,2025-06-06 09:44:00,49.5,0.28,0.23,0.24,0.00,0.00%,3,2.65,65.23%
NVDA260116P00050000,6/17/2025 12:52 PM,50,0.24,0.23,0.24,0.00,0.00%,21,20.843,64.65%
NVDA260116P00050500,2025-06-06 15:59:00,50.5,0.31,0.24,0.26,0.00,0.00%,30,3.477,64.65%
NVDA260116P00051000,5/28/2025 9:47 AM,51,0.42,0.25,0.26,0.00,0.00%,1,5.077,64.26%
NVDA260116P00051500,2025-09-06 14:36:00,51.5,0.30,0.25,0.27,0.00,0.00%,1,839,63.87%
NVDA260116P00052000,6/13/2025 12:30 PM,52,0.26,0.26,0.28,-0.04,-13.33%,5,2.74,63.67%
NVDA260116P00052500,2025-12-05 15:35:00,52.5,0.65,0.28,0.30,0.00,0.00%,135,878,63.77%
NVDA260116P00053000,2025-01-05 14:35:00,53,0.99,0.39,0.60,0.00,0.00%,26,1.613,68.90%
NVDA260116P00053500,2025-06-06 15:31:00,53.5,0.35,0.29,0.31,0.00,0.00%,10,1.445,62.99%
NVDA260116P00054000,6/16/2025 2:00 PM,54,0.31,0.30,0.31,0.00,0.00%,6,2.467,62.60%
NVDA260116P00054500,2025-02-06 12:49:00,54.5,0.32,0.30,0.32,-0.09,-21.95%,25,397,62.21%
NVDA260116P00055000,6/17/2025 10:40 AM,55,0.33,0.32,0.34,0.00,0.00%,31,18.106,62.31%
NVDA260116P00055500,2025-02-06 12:56:00,55.5,0.46,0.33,0.35,0.00,0.00%,10,2.275,62.01%
NVDA260116P00056000,2025-09-06 13:45:00,56,0.39,0.33,0.36,0.00,0.00%,10,1.668,61.62%
NVDA260116P00056500,6/13/2025 11:05 AM,56.5,0.40,0.34,0.36,0.00,0.00%,2,467,61.23%
NVDA260116P00057000,2025-05-06 09:52:00,57,0.44,0.36,0.38,0.00,0.00%,1,2.414,61.23%
NVDA260116P00057500,6/13/2025 1:29 PM,57.5,0.41,0.37,0.39,0.00,0.00%,10,785,60.99%
NVDA260116P00058000,2025-09-06 09:34:00,58,0.44,0.38,0.40,0.00,0.00%,5,2.95,60.69%
NVDA260116P00058500,2025-02-06 13:21:00,58.5,0.52,0.39,0.41,0.00,0.00%,1,969,60.45%
NVDA260116P00059000,6/13/2025 12:06 PM,59,0.44,0.40,0.43,0.00,0.00%,10,694,60.25%
NVDA260116P00059500,6/16/2025 2:22 PM,59.5,0.41,0.41,0.43,0.00,0.00%,10,654,59.86%
NVDA260116P00060000,6/17/2025 1:29 PM,60,0.43,0.43,0.45,-0.01,-2.27%,23,19.878,59.81%
NVDA260116P00060500,6/17/2025 9:42 AM,60.5,0.43,0.43,0.46,-0.01,-2.27%,1,1.907,59.42%
NVDA260116P00061000,2025-11-06 11:33:00,61,0.44,0.44,0.47,0.00,0.00%,1,1.139,59.13%
NVDA260116P00062000,2025-11-06 15:32:00,62,0.50,0.47,0.50,0.00,0.00%,5,2.821,58.74%
NVDA260116P00063000,6/13/2025 12:32 PM,63,0.54,0.50,0.52,0.00,0.00%,15,5.144,58.25%
NVDA260116P00064000,5/29/2025 10:28 AM,64,0.70,0.52,0.56,0.00,0.00%,2,1.269,57.81%
NVDA260116P00065000,6/16/2025 1:06 PM,65,0.55,0.56,0.58,0.00,0.00%,1,13.886,57.37%
NVDA260116P00066000,6/16/2025 2:57 PM,66,0.59,0.58,0.62,0.00,0.00%,5,4.192,56.91%
NVDA260116P00067000,2025-12-06 10:51:00,67,0.64,0.62,0.64,0.00,0.00%,5,2.727,56.45%
NVDA260116P00068000,6/13/2025 1:00 PM,68,0.69,0.64,0.67,0.00,0.00%,10,2.955,55.86%
NVDA260116P00069000,2025-12-06 10:51:00,69,0.70,0.69,0.71,0.00,0.00%,4,2.234,55.59%
NVDA260116P00070000,6/17/2025 11:45 AM,70,0.71,0.73,0.76,-0.01,-1.39%,30,28.009,55.30%
NVDA260116P00071000,6/16/2025 12:14 PM,71,0.74,0.77,0.80,0.00,0.00%,24,2.362,54.91%
NVDA260116P00072000,6/16/2025 2:58 PM,72,0.79,0.81,0.84,0.00,0.00%,3,20.563,54.49%
NVDA260116P00073000,6/13/2025 3:33 PM,73,0.98,0.85,0.87,0.00,0.00%,2,7.565,54.00%
NVDA260116P00074000,2025-12-06 10:51:00,74,0.90,0.89,0.92,0.00,0.00%,3,2.786,53.61%
NVDA260116P00075000,6/16/2025 1:25 PM,75,0.91,0.94,0.96,0.00,0.00%,6,10.802,53.20%
NVDA260116P00076000,6/16/2025 1:30 PM,76,0.97,0.99,1.01,0.02,2.11%,10,2.417,52.86%
NVDA260116P00077000,6/17/2025 1:12 PM,77,1.02,1.05,1.07,0.02,2.00%,148,5.768,52.56%
NVDA260116P00078000,6/13/2025 11:11 AM,78,1.18,1.09,1.11,0.00,0.00%,5,3.78,52.08%
NVDA260116P00079000,6/16/2025 1:43 PM,79,1.13,1.15,1.18,0.00,0.00%,1,3.559,51.81%
NVDA260116P00080000,6/17/2025 1:31 PM,80,1.21,1.21,1.23,0.03,2.54%,16,46.885,51.42%
NVDA260116P00081000,2025-12-06 12:07:00,81,1.31,1.28,1.31,0.00,0.00%,31,4.392,51.20%
NVDA260116P00082000,6/13/2025 11:54 AM,82,1.33,1.36,1.38,-0.07,-5.00%,28,8.785,50.95%
NVDA260116P00083000,2025-12-06 15:11:00,83,1.47,1.41,1.45,0.00,0.00%,6,7.196,50.56%
NVDA260116P00084000,2025-11-06 10:32:00,84,1.41,1.49,1.53,0.00,0.00%,22,3.281,50.31%
NVDA260116P00085000,6/17/2025 12:35 PM,85,1.55,1.58,1.61,0.05,3.33%,43,26.885,50.07%
NVDA260116P00086000,6/17/2025 9:38 AM,86,1.63,1.66,1.70,-0.02,-1.21%,5,3.91,49.96%
NVDA260116P00087000,6/16/2025 10:58 AM,87,1.68,1.73,1.77,0.00,0.00%,3,4.873,49.56%
NVDA260116P00088000,6/13/2025 3:38 PM,88,2.10,1.82,1.85,0.00,0.00%,4,3.906,49.22%
NVDA260116P00089000,6/17/2025 1:12 PM,89,1.90,1.93,1.97,0.08,4.40%,143,4.842,49.13%
NVDA260116P00090000,6/17/2025 1:12 PM,90,2.01,2.02,2.05,0.03,1.52%,37,79.2,48.76%
NVDA260116P00091000,6/16/2025 11:07 AM,91,2.00,2.12,2.15,0.00,0.00%,2,4.677,48.49%
NVDA260116P00092000,6/16/2025 11:21 AM,92,2.10,2.22,2.26,0.00,0.00%,12,9.557,48.25%
NVDA260116P00093000,6/17/2025 10:27 AM,93,2.28,2.34,2.38,0.00,0.00%,8,5.691,48.06%
NVDA260116P00094000,6/16/2025 1:38 PM,94,2.34,2.45,2.49,0.00,0.00%,25,4.086,47.78%
NVDA260116P00095000,6/17/2025 12:42 PM,95,2.55,2.60,2.63,0.06,2.41%,201,39.758,47.64%
NVDA260116P00096000,6/16/2025 10:49 AM,96,2.67,2.69,2.74,0.01,0.38%,1,5.027,47.33%
NVDA260116P00097000,6/17/2025 11:33 AM,97,2.79,2.85,2.90,0.07,2.57%,1,7.904,47.24%
NVDA260116P00098000,6/16/2025 10:47 AM,98,2.93,2.98,3.05,0.00,0.00%,1,4.149,47.08%
NVDA260116P00099000,6/17/2025 9:56 AM,99,3.02,3.05,3.15,0.01,0.33%,5,3.189,46.65%
NVDA260116P00100000,6/17/2025 12:34 PM,100,3.27,3.20,3.30,0.07,2.19%,65,73.858,46.45%
NVDA260116P00101000,6/16/2025 10:00 AM,101,3.29,3.35,3.45,0.00,0.00%,2,8.021,46.22%
NVDA260116P00102000,6/17/2025 9:32 AM,102,3.55,3.50,3.60,0.10,2.90%,9,3.557,45.97%
NVDA260116P00103000,6/17/2025 9:45 AM,103,3.67,3.75,3.80,0.12,3.38%,52,10.407,45.92%
NVDA260116P00104000,6/16/2025 10:39 AM,104,3.81,3.90,3.95,0.00,0.00%,1,5.773,45.62%
NVDA260116P00105000,6/17/2025 12:36 PM,105,4.00,4.05,4.15,0.00,0.00%,15,32.547,45.52%
NVDA260116P00106000,6/17/2025 12:03 PM,106,4.15,4.30,4.35,-0.01,-0.24%,9,2.679,45.39%
NVDA260116P00107000,6/17/2025 9:36 AM,107,4.35,4.40,4.50,0.15,3.57%,10,2.179,45.03%
NVDA260116P00108000,6/16/2025 3:54 PM,108,4.58,4.60,4.70,0.00,0.00%,4,6.113,44.85%
NVDA260116P00109000,6/17/2025 12:51 PM,109,4.85,4.80,4.90,0.12,2.54%,14,4.425,44.65%
NVDA260116P00110000,6/17/2025 1:46 PM,110,5.05,5.05,5.15,0.05,1.00%,281,45.57,44.61%
NVDA260116P00111000,6/17/2025 9:40 AM,111,5.15,5.20,5.30,-0.01,-0.19%,10,3.935,44.19%
NVDA260116P00112000,6/16/2025 3:18 PM,112,5.38,5.50,5.65,0.00,0.00%,27,3.159,44.45%
NVDA260116P00113000,6/16/2025 11:04 AM,113,5.50,5.65,5.75,0.00,0.00%,15,2.968,43.82%
NVDA260116P00114000,6/17/2025 9:49 AM,114,5.88,5.95,6.05,0.20,3.52%,3,3.225,43.85%
NVDA260116P00115000,6/17/2025 1:47 PM,115,6.19,6.25,6.30,0.09,1.48%,299,35.132,43.68%
NVDA260116P00116000,6/17/2025 9:54 AM,116,6.40,6.50,6.60,0.21,3.39%,4,2.909,43.66%
NVDA260116P00117000,6/17/2025 11:52 AM,117,6.60,6.75,6.85,0.05,0.76%,3,4.293,43.45%
NVDA260116P00118000,6/17/2025 11:46 AM,118,6.90,7.00,7.10,0.10,1.47%,11,10.234,43.22%
NVDA260116P00119000,6/17/2025 10:59 AM,119,7.20,7.25,7.30,0.13,1.84%,4,3.004,42.82%
NVDA260116P00120000,6/17/2025 1:37 PM,120,7.45,7.55,7.60,0.05,0.68%,669,46.283,42.71%
NVDA260116P00121000,6/17/2025 12:00 PM,121,7.70,7.85,7.95,0.05,0.65%,3,8.309,42.71%
NVDA260116P00122000,6/17/2025 11:37 AM,122,8.10,8.15,8.20,0.33,4.25%,4,5.576,42.41%
NVDA260116P00123000,6/17/2025 11:31 AM,123,8.40,8.40,8.50,0.35,4.35%,762,3.386,42.22%
NVDA260116P00124000,6/17/2025 11:59 AM,124,8.65,8.75,8.85,0.25,2.98%,7,4.16,42.16%
NVDA260116P00125000,6/17/2025 12:52 PM,125,9.00,9.15,9.25,0.10,1.12%,542,18.986,42.21%
NVDA260116P00126000,6/17/2025 11:49 AM,126,9.35,9.40,9.50,0.20,2.19%,4,3.027,41.83%
NVDA260116P00127000,6/17/2025 10:57 AM,127,9.70,9.70,9.85,0.17,1.78%,11,3.613,41.69%
NVDA260116P00128000,6/17/2025 11:49 AM,128,10.00,10.05,10.15,0.35,3.63%,71,4.036,41.41%
NVDA260116P00129000,6/17/2025 11:04 AM,129,10.30,10.40,10.50,0.25,2.49%,9,3.979,41.24%
NVDA260116P00130000,6/17/2025 12:39 PM,130,10.75,10.85,10.95,0.00,0.00%,335,32.108,41.30%
NVDA260116P00132000,6/17/2025 12:32 PM,132,11.40,11.60,11.70,0.00,0.00%,14,3.85,40.98%
NVDA260116P00134000,6/17/2025 11:04 AM,134,12.25,12.35,12.50,0.15,1.24%,27,2.067,40.70%
NVDA260116P00135000,6/17/2025 12:44 PM,135,12.65,12.85,12.95,0.00,0.00%,24,8.085,40.65%
NVDA260116P00136000,6/17/2025 11:28 AM,136,13.10,13.20,13.30,0.25,1.95%,2,2.345,40.33%
NVDA260116P00138000,6/16/2025 3:49 PM,138,13.90,14.15,14.25,0.05,0.36%,5,9.546,40.25%
NVDA260116P00140000,6/17/2025 1:24 PM,140,14.80,15.00,15.15,-0.05,-0.34%,21,26.607,39.96%
NVDA260116P00142000,6/17/2025 12:36 PM,142,15.65,15.90,16.00,-0.15,-0.95%,33,4.2,39.48%
NVDA260116P00144000,6/17/2025 1:37 PM,144,16.67,16.90,17.00,-0.03,-0.18%,37,7.28,39.26%
NVDA260116P00145000,6/17/2025 12:56 PM,145,17.25,17.45,17.55,0.05,0.29%,41,6.15,39.24%
NVDA260116P00146000,6/17/2025 11:46 AM,146,17.70,17.95,18.05,0.15,0.85%,18,2.369,39.08%
NVDA260116P00148000,6/17/2025 11:05 AM,148,18.75,19.00,19.15,0.00,0.00%,29,3.96,38.93%
NVDA260116P00150000,6/17/2025 1:03 PM,150,19.98,20.00,20.15,0.07,0.35%,99,13.395,38.48%
NVDA260116P00152000,6/17/2025 12:23 PM,152,20.88,21.25,21.35,0.18,0.87%,98,3.745,38.41%
NVDA260116P00154000,6/17/2025 1:06 PM,154,22.15,22.35,22.45,0.30,1.37%,166,1.567,38.03%
NVDA260116P00155000,6/17/2025 1:26 PM,155,22.60,22.95,23.10,-0.10,-0.44%,3,1.258,38.04%
NVDA260116P00156000,6/16/2025 10:06 AM,156,23.30,23.55,23.70,0.00,0.00%,2,847,37.91%
NVDA260116P00158000,6/16/2025 10:27 AM,158,24.55,24.75,24.85,0.00,0.00%,17,236,37.49%
NVDA260116P00160000,6/16/2025 2:34 PM,160,25.45,26.00,26.10,0.00,0.00%,249,19.193,37.22%
NVDA260116P00162000,6/13/2025 10:49 AM,162,29.00,27.15,27.35,0.00,0.00%,20,402,36.87%
NVDA260116P00164000,6/16/2025 9:49 AM,164,28.75,28.60,28.75,0.00,0.00%,1,41,36.80%
NVDA260116P00165000,6/16/2025 10:01 AM,165,28.88,29.20,29.35,0.00,0.00%,1,451,36.49%
NVDA260116P00166000,6/16/2025 9:52 AM,166,29.98,29.90,30.10,0.00,0.00%,3,48,36.53%
NVDA260116P00167000,2025-11-06 12:45:00,167,31.35,30.65,30.75,0.00,0.00%,20,49,36.31%
NVDA260116P00168000,6/16/2025 12:50 PM,168,30.52,31.35,31.50,0.00,0.00%,1,62,36.31%
NVDA260116P00169000,6/16/2025 9:52 AM,169,32.06,32.05,32.25,0.00,0.00%,3,89,36.30%
NVDA260116P00170000,6/17/2025 10:18 AM,170,32.35,32.70,33.00,0.22,0.68%,1,4.593,36.27%
NVDA260116P00171000,6/16/2025 9:30 AM,171,34.90,33.40,33.60,0.00,0.00%,1,152,35.84%
NVDA260116P00172000,2025-12-06 15:54:00,172,34.10,34.05,34.55,0.00,0.00%,4,101,36.28%
NVDA260116P00173000,5/29/2025 11:52 AM,173,37.93,34.65,35.05,0.00,0.00%,10,42,35.55%
NVDA260116P00174000,2025-09-05 13:09:00,174,58.90,37.75,38.05,0.00,0.00%,1,28,41.19%
NVDA260116P00175000,2025-12-06 13:43:00,175,36.40,36.35,36.65,0.00,0.00%,1,603,35.59%
NVDA260116P00176000,5/16/2025 1:26 PM,176,45.20,36.95,37.30,0.00,0.00%,10,204,35.18%
NVDA260116P00177000,12/27/2024 11:43 AM,177,50.95,58.20,59.55,0.00,0.00%,3,35,84.32%
NVDA260116P00178000,2025-12-06 15:50:00,178,38.58,38.25,38.95,0.00,0.00%,4,688,35.24%
NVDA260116P00179000,4/29/2025 11:01 AM,179,70.41,43.70,44.40,0.00,0.00%,1,9,47.31%
NVDA260116P00180000,6/17/2025 10:46 AM,180,40.05,40.20,40.50,-1.10,-2.67%,1,2.302,34.97%
NVDA260116P00181000,2/21/2025 3:53 PM,181,53.61,68.00,68.85,0.00,0.00%,1,107,99.23%
NVDA260116P00182000,5/29/2025 10:13 AM,182,46.45,41.25,42.10,0.00,0.00%,2,11,34.75%
NVDA260116P00183000,4/28/2025 2:42 PM,183,75.66,50.30,52.75,0.00,0.00%,2,23,57.03%
NVDA260116P00184000,2025-12-06 15:47:00,184,43.33,43.30,43.80,0.00,0.00%,4,161,34.78%
NVDA260116P00185000,6/16/2025 1:09 PM,185,43.37,44.20,44.60,0.00,0.00%,3,162,34.61%
NVDA260116P00186000,2025-11-03 10:16:00,186,78.35,74.95,76.50,0.00,0.00%,2,7,107.23%
NVDA260116P00187000,1/24/2025 1:43 PM,187,52.70,57.90,59.30,0.00,0.00%,10,324,66.41%
NVDA260116P00188000,6/13/2025 11:10 AM,188,48.30,46.60,47.05,0.00,0.00%,30,206,34.15%
NVDA260116P00189000,5/29/2025 12:08 PM,189,51.42,47.50,47.90,0.00,0.00%,200,182,34.06%
NVDA260116P00190000,6/16/2025 12:44 PM,190,47.38,48.10,48.75,0.00,0.00%,6,600,33.96%
NVDA260116P00191000,2025-09-06 10:43:00,191,49.15,48.75,49.55,0.00,0.00%,100,29,33.67%
NVDA260116P00192000,2025-09-06 10:43:00,192,50.01,49.85,50.45,0.00,0.00%,100,100,33.70%
NVDA260116P00193000,11/26/2024 10:47 AM,193,63.30,62.15,63.35,0.00,0.00%,2,23,65.06%
NVDA260116P00194000,5/23/2025 9:40 AM,194,65.30,51.50,52.25,0.00,0.00%,3,2,33.75%
NVDA260116P00195000,2025-03-06 11:07:00,195,55.35,52.15,52.75,0.00,0.00%,1,1,32.15%
NVDA260116P00200000,6/16/2025 12:58 PM,200,57.15,57.00,57.35,1.24,2.22%,7,203,32.20%
NVDA260116P00205000,6/13/2025 3:20 PM,205,63.85,61.40,61.90,0.00,0.00%,23,88,31.60%
NVDA260116P00210000,5/28/2025 3:38 PM,210,74.65,66.05,66.65,0.00,0.00%,1,1,31.70%
NVDA260116P00212000,2025-03-02 11:05:00,212,96.05,0.00,0.00,0.00,0.00%,4,4,0.00%
NVDA260116P00213000,2025-08-04 13:44:00,213,112.15,95.75,97.00,0.00,0.00%,30,0,105.77%
NVDA260116P00214000,2025-09-04 13:41:00,214,105.50,96.60,98.15,0.00,0.00%,4,0,106.20%
NVDA260116P00215000,5/28/2025 1:05 PM,215,79.69,70.25,71.40,0.00,0.00%,1,1,31.47%
NVDA260116P00216000,2025-05-06 12:23:00,216,73.35,71.10,72.40,0.00,0.00%,12,11,31.75%
NVDA260116P00217000,1/30/2025 11:09 AM,217,99.76,90.80,93.70,0.00,0.00%,24,44,88.76%
NVDA260116P00218000,3/27/2025 9:41 AM,218,106.29,104.65,108.30,0.00,0.00%,1,0,119.44%
NVDA260116P00219000,5/22/2025 12:50 PM,219,86.31,74.00,75.10,0.00,0.00%,3,3,30.08%
NVDA260116P00220000,5/30/2025 1:49 PM,220,85.69,75.05,76.20,0.00,0.00%,10,11,31.25%
NVDA260116P00221000,1/30/2025 1:18 PM,221,102.30,92.00,97.50,0.00,0.00%,4,2,86.83%
NVDA260116P00222000,12/17/2024 9:52 AM,222,95.25,89.40,89.85,0.00,0.00%,13,27,72.16%
NVDA260116P00223000,2025-05-06 11:01:00,223,80.58,77.90,79.20,0.00,0.00%,3,3,32.03%
NVDA260116P00224000,2025-07-03 12:45:00,224,113.40,0.00,0.00,0.00,0.00%,5,0,0.00%
NVDA260116P00225000,4/14/2025 10:03 AM,225,111.00,0.00,0.00,0.00,0.00%,1,0,0.00%
NVDA260116P00226000,2/25/2025 3:24 PM,226,97.70,114.25,116.95,0.00,0.00%,2,0,125.20%
NVDA260116P00227000,1/29/2025 9:43 AM,227,102.65,98.30,103.50,0.00,0.00%,10,31,89.49%
NVDA260116P00228000,2/26/2025 11:11 AM,228,95.70,117.70,119.00,0.00,0.00%,1,0,127.67%
NVDA260116P00230000,5/29/2025 9:30 AM,230,88.06,85.05,86.15,0.00,0.00%,5,0,33.33%
NVDA260116P00235000,1/29/2025 9:43 AM,235,110.40,109.70,111.15,0.00,0.00%,40,37,96.06%
NVDA260116P00240000,5/20/2025 11:40 AM,240,106.23,95.15,96.15,0.00,0.00%,2,0,35.69%
NVDA260116P00245000,5/16/2025 10:12 AM,245,109.51,100.15,101.15,0.00,0.00%,1,0,36.84%
NVDA260116P00250000,5/16/2025 10:12 AM,250,114.48,104.95,105.95,0.00,0.00%,1,0,35.62%
NVDA260116P00255000,1/23/2025 1:01 PM,255,110.10,120.15,121.95,0.00,0.00%,14,46,78.96%
NVDA260116P00260000,2/25/2025 3:34 PM,260,131.85,147.90,151.60,0.00,0.00%,12,0,137.45%
NVDA260116P00265000,2/25/2025 2:00 PM,265,137.05,153.10,156.15,0.00,0.00%,4,0,138.71%
NVDA260116P00270000,2025-04-03 12:09:00,270,155.23,0.00,0.00,0.00,0.00%,20,0,0.00%
NVDA260116P00275000,12/27/2024 11:44 AM,275,138.70,149.80,152.10,0.00,0.00%,1,0,110.04%
NVDA260116P00280000,2025-08-05 15:36:00,280,161.81,137.85,138.75,0.00,0.00%,1,1,58.73%
NVDA260116P00290000,2025-08-05 15:36:00,290,171.83,147.85,148.75,0.00,0.00%,1,0,60.89%
NVDA260116P00300000,5/29/2025 9:30 AM,300,157.00,155.05,156.15,0.00,0.00%,10,0,47.61%
NVDA260116P00310000,2024-06-06 15:14:00,310,4.00,3.35,4.45,0.00,0.00%,2,79,0.00%
NVDA260116P00315000,2024-06-06 11:23:00,315,4.28,3.50,4.55,0.00,0.00%,1,54,0.00%
NVDA260116P00320000,2024-05-06 14:34:00,320,4.35,3.70,4.55,0.00,0.00%,1,218,0.00%
NVDA260116P00325000,2024-05-06 13:29:00,325,4.50,3.85,4.95,0.00,0.00%,3,128,0.00%
NVDA260116P00330000,2024-04-06 09:46:00,330,5.00,4.05,5.15,0.00,0.00%,1,67,0.00%
NVDA260116P00335000,5/30/2024 3:27 PM,335,5.30,4.20,5.25,0.00,0.00%,1,94,0.00%
NVDA260116P00340000,5/30/2024 11:04 AM,340,5.50,4.40,5.55,0.00,0.00%,1,88,0.00%
NVDA260116P00345000,5/31/2024 10:15 AM,345,6.00,4.60,5.75,0.00,0.00%,1,91,0.00%
NVDA260116P00350000,2024-07-06 13:15:00,350,5.50,5.50,5.90,-0.15,-2.65%,6,1.854,0.00%
NVDA260116P00355000,2024-07-06 09:34:00,355,6.00,5.05,6.10,0.20,3.45%,1,181,0.00%
NVDA260116P00360000,2024-06-06 11:30:00,360,6.15,5.25,6.45,0.00,0.00%,1,133,0.00%
NVDA260116P00365000,2024-05-06 10:53:00,365,6.30,5.50,6.65,0.00,0.00%,2,200,0.00%
NVDA260116P00370000,2024-05-06 09:53:00,370,6.54,5.80,6.90,0.00,0.00%,2,194,0.00%
NVDA260116P00375000,2024-07-06 11:09:00,375,7.00,6.15,7.10,0.10,1.45%,3,169,0.00%
NVDA260116P00380000,5/28/2024 3:02 PM,380,6.90,6.45,7.35,0.00,0.00%,5,162,0.00%
NVDA260116P00385000,5/30/2024 3:52 PM,385,8.50,6.60,7.65,0.00,0.00%,1,229,0.00%
NVDA260116P00390000,2024-07-06 10:51:00,390,7.70,6.85,7.85,0.25,3.36%,20,263,0.00%
NVDA260116P00395000,2024-06-06 14:26:00,395,8.05,7.40,7.90,0.00,0.00%,1,455,0.00%
NVDA260116P00400000,2024-07-06 15:56:00,400,8.00,7.55,8.25,-0.30,-3.61%,10,1.645,0.00%
NVDA260116P00405000,2024-06-06 14:29:00,405,8.60,7.90,8.45,0.00,0.00%,1,115,0.00%
NVDA260116P00410000,2024-07-06 13:02:00,410,8.62,8.20,8.80,-0.28,-3.15%,3,122,0.00%
NVDA260116P00415000,2024-07-06 12:06:00,415,9.20,8.50,9.10,0.25,2.79%,1,302,0.00%
NVDA260116P00420000,2024-06-06 15:06:00,420,9.15,8.50,9.70,0.00,0.00%,5,1.048,0.00%
NVDA260116P00425000,5/28/2024 1:26 PM,425,9.85,9.15,9.75,0.00,0.00%,1,59,0.00%
NVDA260116P00430000,2024-07-06 11:56:00,430,10.30,9.50,10.15,0.30,3.00%,1,157,0.00%
NVDA260116P00435000,5/31/2024 10:00 AM,435,11.75,9.85,10.45,0.00,0.00%,1,83,0.00%
NVDA260116P00440000,2024-07-06 12:04:00,440,11.10,10.20,10.80,-0.10,-0.89%,2,342,0.00%
NVDA260116P00445000,2024-05-06 10:22:00,445,11.45,10.55,11.15,0.00,0.00%,1,375,0.00%
NVDA260116P00450000,2024-07-06 12:00:00,450,12.00,10.90,11.80,0.75,6.67%,13,1.517,0.00%
NVDA260116P00455000,5/29/2024 10:14 AM,455,13.00,10.95,12.30,0.00,0.00%,1,1.105,0.00%
NVDA260116P00460000,2024-07-06 14:21:00,460,12.55,11.70,12.35,0.60,5.02%,11,156,0.00%
NVDA260116P00465000,2024-07-06 12:11:00,465,13.05,12.10,12.75,0.00,0.00%,1,31,0.00%
NVDA260116P00470000,2024-07-06 12:03:00,470,13.70,12.50,13.15,0.20,1.48%,7,425,0.00%
NVDA260116P00475000,2024-07-06 11:58:00,475,14.10,12.95,13.60,-8.80,-38.43%,6,127,0.00%
NVDA260116P00480000,2024-06-06 09:49:00,480,14.00,13.35,14.05,0.00,0.00%,4,217,0.00%
NVDA260116P00485000,2024-07-06 12:01:00,485,15.05,13.80,14.50,-0.95,-5.94%,2,93,0.00%
NVDA260116P00490000,2024-07-06 12:11:00,490,15.40,14.20,14.90,-0.15,-0.96%,4,711,0.00%
NVDA260116P00495000,2024-06-06 09:35:00,495,14.78,14.55,15.45,0.00,0.00%,3,234,0.00%
NVDA260116P00500000,2024-07-06 15:38:00,500,15.80,15.20,15.90,-0.30,-1.86%,64,1.528,0.00%
NVDA260116P00505000,2024-07-06 14:43:00,505,16.50,15.60,16.45,0.20,1.23%,12,357,0.00%
NVDA260116P00510000,2024-07-06 13:54:00,510,16.70,16.20,16.85,-0.55,-3.19%,14,512,0.00%
NVDA260116P00515000,2024-07-06 14:42:00,515,17.50,16.70,17.50,0.30,1.74%,3,77,0.00%
NVDA260116P00520000,2024-07-06 13:55:00,520,17.70,17.05,18.00,-0.50,-2.75%,17,271,0.00%
NVDA260116P00525000,2024-05-06 11:45:00,525,18.90,17.60,18.60,0.00,0.00%,13,93,0.00%
NVDA260116P00530000,2024-07-06 12:11:00,530,19.65,18.15,19.15,0.70,3.69%,5,154,0.00%
NVDA260116P00535000,5/28/2024 2:23 PM,535,20.85,18.60,19.70,0.00,0.00%,1,130,0.00%
NVDA260116P00540000,2024-05-06 15:38:00,540,19.95,19.20,20.30,0.00,0.00%,20,182,0.00%
NVDA260116P00545000,2024-06-06 14:25:00,545,21.54,19.80,20.85,0.00,0.00%,2,26,0.00%
NVDA260116P00550000,2024-07-06 15:42:00,550,21.10,20.65,21.35,0.20,0.96%,3,571,0.00%
NVDA260116P00555000,2024-05-06 14:41:00,555,21.75,21.00,21.95,0.00,0.00%,18,84,0.00%
NVDA260116P00560000,2024-05-06 15:24:00,560,22.15,21.55,22.60,0.00,0.00%,23,134,0.00%
NVDA260116P00565000,5/23/2024 12:41 PM,565,28.90,22.30,23.30,0.00,0.00%,1,30,0.00%
NVDA260116P00570000,2024-04-06 14:32:00,570,26.00,23.00,24.10,0.00,0.00%,8,109,0.00%
NVDA260116P00575000,2024-05-06 14:24:00,575,24.40,23.75,24.90,0.00,0.00%,18,45,0.00%
NVDA260116P00580000,2024-07-06 10:52:00,580,26.60,24.20,25.30,1.60,6.40%,3,157,0.00%
NVDA260116P00585000,5/30/2024 11:06 AM,585,29.70,25.10,26.05,0.00,0.00%,1,19,0.00%
NVDA260116P00590000,2024-05-06 11:28:00,590,27.35,25.55,26.80,0.00,0.00%,5,57,0.00%
NVDA260116P00595000,2024-05-06 11:10:00,595,27.90,26.30,27.45,0.00,0.00%,1,82,0.00%
NVDA260116P00600000,2024-07-06 15:38:00,600,28.00,27.10,28.20,-0.40,-1.41%,21,828,0.00%
NVDA260116P00605000,2024-05-06 12:34:00,605,29.25,28.00,29.25,0.00,0.00%,43,169,0.00%
NVDA260116P00610000,2024-07-06 11:56:00,610,31.00,28.50,29.75,1.00,3.33%,2,101,0.00%
NVDA260116P00620000,2024-06-06 12:29:00,620,32.60,30.10,31.40,0.00,0.00%,1,227,0.00%
NVDA260116P00630000,2024-05-06 15:55:00,630,32.30,32.05,33.10,0.00,0.00%,22,676,0.00%
NVDA260116P00640000,2024-07-06 11:55:00,640,36.20,33.40,34.70,2.20,6.47%,5,100,0.00%
NVDA260116P00650000,2024-07-06 13:06:00,650,36.12,35.30,36.55,-1.18,-3.16%,4,1.04,0.00%
NVDA260116P00660000,2024-07-06 10:20:00,660,40.30,37.00,38.35,1.50,3.87%,4,316,0.00%
NVDA260116P00670000,2024-05-06 15:53:00,670,39.35,39.60,40.35,0.00,0.00%,9,148,0.00%
NVDA260116P00680000,2024-05-06 14:29:00,680,41.75,41.00,42.50,0.00,0.00%,3,134,0.00%
NVDA260116P00690000,2024-06-06 09:35:00,690,42.90,42.95,44.25,0.00,0.00%,1,138,0.00%
NVDA260116P00700000,2024-07-06 15:33:00,700,45.50,44.90,46.35,-2.00,-4.21%,8,1.97,0.00%
NVDA260116P00710000,2024-07-06 15:40:00,710,47.92,46.95,48.45,0.40,0.84%,4,77,0.00%
NVDA260116P00720000,2024-07-06 15:59:00,720,49.80,49.35,50.00,-2.15,-4.14%,194,2.057,0.00%
NVDA260116P00730000,2024-07-06 11:40:00,730,55.25,51.50,53.45,1.70,3.17%,2,321,0.00%
NVDA260116P00740000,2024-07-06 15:11:00,740,55.25,54.00,55.70,-0.85,-1.52%,8,129,0.00%
NVDA260116P00750000,2024-07-06 14:14:00,750,58.75,56.55,57.80,-2.10,-3.45%,3,448,0.00%
NVDA260116P00760000,2024-07-06 12:31:00,760,60.20,58.75,60.40,-1.00,-1.63%,8,287,0.00%
NVDA260116P00770000,2024-07-06 13:00:00,770,62.00,61.45,62.75,-3.10,-4.76%,3,125,0.00%
NVDA260116P00780000,2024-05-06 13:05:00,780,65.04,64.05,65.35,0.00,0.00%,3,96,0.00%
NVDA260116P00790000,2024-07-06 15:52:00,790,67.50,66.70,68.05,-1.40,-2.03%,5,142,0.00%
NVDA260116P00800000,2024-07-06 15:55:00,800,70.00,69.50,71.20,-1.39,-1.95%,12,1.445,0.00%
NVDA260116P00810000,2024-07-06 12:00:00,810,76.10,72.20,73.80,1.10,1.47%,2,120,0.00%
NVDA260116P00820000,2024-07-06 15:44:00,820,75.55,75.10,76.50,-1.65,-2.14%,2,134,0.00%
NVDA260116P00830000,2024-06-06 09:59:00,830,82.75,78.00,79.45,0.00,0.00%,1,38,0.00%
NVDA260116P00840000,2024-06-06 11:01:00,840,83.52,80.95,82.70,0.00,0.00%,12,44,0.00%
NVDA260116P00850000,2024-06-06 12:30:00,850,88.15,84.15,85.55,0.00,0.00%,12,201,0.00%
NVDA260116P00860000,2024-07-06 13:07:00,860,87.29,87.15,88.75,-2.58,-2.87%,6,191,0.00%
NVDA260116P00870000,2024-05-06 10:36:00,870,93.10,90.35,92.05,0.00,0.00%,2,88,0.00%
NVDA260116P00880000,2024-06-06 09:54:00,880,96.50,93.60,95.40,0.00,0.00%,9,255,0.00%
NVDA260116P00890000,2024-06-06 09:30:00,890,92.73,96.95,98.75,0.00,0.00%,2,35,0.00%
NVDA260116P00900000,2024-07-06 13:42:00,900,101.45,100.45,102.10,-2.79,-2.68%,103,683,0.00%
NVDA260116P00910000,2024-05-06 14:08:00,910,104.50,103.80,105.60,0.00,0.00%,1,75,0.00%
NVDA260116P00920000,2024-05-06 13:22:00,920,108.45,107.30,109.20,0.00,0.00%,2,440,0.00%
NVDA260116P00930000,5/31/2024 10:31 AM,930,137.08,110.95,112.80,0.00,0.00%,1,184,0.00%
NVDA260116P00940000,5/31/2024 3:52 PM,940,137.50,114.55,116.55,0.00,0.00%,7,76,0.00%
NVDA260116P00950000,2024-06-06 15:08:00,950,122.64,118.35,120.15,0.00,0.00%,204,733,0.00%
NVDA260116P00960000,2024-07-06 09:55:00,960,128.50,122.05,124.15,1.59,1.25%,2,34,0.00%
NVDA260116P00970000,2024-05-06 14:47:00,970,125.64,125.95,128.05,0.00,0.00%,22,73,0.00%
NVDA260116P00980000,2024-07-06 13:43:00,980,131.40,129.90,132.00,-4.70,-3.45%,11,103,0.00%
NVDA260116P00990000,2024-07-06 15:44:00,990,134.60,134.35,136.00,-2.39,-1.74%,87,150,0.00%
NVDA260116P01000000,2024-07-06 14:21:00,1000,141.49,137.65,140.05,0.54,0.38%,57,911,0.00%
NVDA260116P01010000,2024-07-06 13:07:00,1010,142.55,142.05,144.20,-4.40,-2.99%,49,35,0.00%
NVDA260116P01020000,2024-06-06 14:20:00,1020,153.40,146.25,148.45,0.00,0.00%,4,82,0.00%
NVDA260116P01030000,2024-06-06 09:57:00,1030,156.53,150.00,153.20,0.00,0.00%,2,1.62,0.00%
NVDA260116P01040000,2024-07-06 13:22:00,1040,155.16,154.75,157.05,0.68,0.44%,94,431,0.00%
NVDA260116P01050000,2024-07-06 13:22:00,1050,159.64,159.00,161.60,-1.24,-0.77%,116,1.142,0.00%
NVDA260116P01060000,2024-07-06 14:08:00,1060,167.00,163.60,165.95,0.01,0.01%,1,36,0.00%
NVDA260116P01070000,5/31/2024 12:12 PM,1070,207.20,168.15,170.45,0.00,0.00%,5,75,0.00%
NVDA260116P01080000,5/31/2024 12:12 PM,1080,212.65,172.70,175.10,0.00,0.00%,4,106,0.00%
NVDA260116P01090000,5/21/2024 2:46 PM,1090,272.45,177.35,179.65,0.00,0.00%,4,53,0.00%
NVDA260116P01100000,2024-07-06 15:59:00,1100,183.15,181.85,184.50,-3.84,-2.05%,99,1.105,0.00%
NVDA260116P01110000,2024-05-06 15:12:00,1110,185.45,186.85,189.30,0.00,0.00%,3,42,0.00%
NVDA260116P01120000,2024-06-06 12:17:00,1120,200.00,191.65,194.15,0.00,0.00%,1,32,0.00%
NVDA260116P01130000,2024-05-06 10:14:00,1130,202.10,196.50,199.15,0.00,0.00%,5,38,0.00%
NVDA260116P01140000,2024-07-06 13:46:00,1140,203.38,201.45,204.15,-4.17,-2.01%,1,23,0.00%
NVDA260116P01150000,2024-07-06 10:22:00,1150,216.00,206.60,209.00,0.05,0.02%,1,64,0.00%
NVDA260116P01160000,2024-06-06 15:48:00,1160,217.00,211.60,214.05,0.00,0.00%,1,33,0.00%
NVDA260116P01170000,5/28/2024 12:03 PM,1170,241.50,216.65,219.40,0.00,0.00%,8,62,0.00%
NVDA260116P01180000,2024-05-06 14:13:00,1180,222.27,221.80,224.60,0.00,0.00%,3,106,0.00%
NVDA260116P01190000,2024-06-06 09:47:00,1190,223.49,227.15,229.85,0.00,0.00%,28,60,0.00%
NVDA260116P01200000,2024-07-06 15:42:00,1200,233.50,232.15,235.65,-2.60,-1.10%,18,1.027,0.00%
NVDA260116P01210000,2024-05-06 15:39:00,1210,236.11,237.85,240.65,0.00,0.00%,8,201,0.00%
NVDA260116P01220000,2024-05-06 15:39:00,1220,241.51,243.25,246.10,0.00,0.00%,5,51,0.00%
NVDA260116P01230000,5/31/2024 12:02 PM,1230,296.70,248.70,251.60,0.00,0.00%,2,94,0.00%
NVDA260116P01240000,2024-06-06 09:47:00,1240,250.15,254.25,257.20,0.00,0.00%,29,158,0.00%
NVDA260116P01250000,2024-07-06 13:18:00,1250,260.65,259.95,262.75,-4.35,-1.64%,23,95,0.00%
NVDA260116P01260000,2024-05-06 15:36:00,1260,264.10,265.15,268.65,0.00,0.00%,2,136,0.00%
NVDA260116P01270000,2024-05-06 15:39:00,1270,269.30,270.85,274.40,0.00,0.00%,1,117,0.00%
NVDA260116P01280000,5/31/2024 12:29 PM,1280,337.60,276.60,280.20,0.00,0.00%,3,91,0.00%
NVDA260116P01290000,5/31/2024 12:29 PM,1290,344.50,282.40,286.05,0.00,0.00%,3,39,0.00%
NVDA260116P01300000,2024-07-06 11:26:00,1300,300.13,288.45,291.95,5.16,1.75%,10,59,0.00%
NVDA260116P01320000,5/28/2024 2:22 PM,1320,331.27,300.35,304.20,0.00,0.00%,1,1,0.00%
NVDA260116P01340000,5/21/2024 2:15 PM,1340,449.37,312.40,316.30,0.00,0.00%,4,4,0.00%
NVDA260116P01360000,2024-07-06 09:41:00,1360,339.95,324.65,331.65,-238.57,-41.24%,1,56,0.00%
NVDA260116P01380000,2024-01-05 12:56:00,1380,582.02,384.00,399.05,0.00,0.00%,17,18,0.00%
NVDA260116P01400000,2024-06-06 10:03:00,1400,355.62,348.80,355.45,0.00,0.00%,10,45,0.00%
NVDA260116P01420000,3/14/2024 2:12 PM,1420,579.35,562.55,579.95,0.00,0.00%,1,5,0.00%
NVDA260116P01440000,2024-06-06 09:49:00,1440,377.75,374.80,381.80,0.00,0.00%,10,18,0.00%
NVDA260116P01460000,4/22/2024 3:20 PM,1460,669.51,540.85,556.65,0.00,0.00%,55,83,0.00%
NVDA260116P01480000,5/30/2024 3:20 PM,1480,451.60,401.95,411.30,0.00,0.00%,1,53,0.00%
NVDA260116P01500000,2024-06-06 12:12:00,1500,425.02,415.75,424.60,0.00,0.00%,1,176,0.00%
NVDA260116P01520000,3/15/2024 11:02 AM,1520,667.98,650.50,666.00,0.00,0.00%,27,39,0.00%
NVDA260116P01540000,3/15/2024 10:50 AM,1540,678.45,668.40,684.00,0.00,0.00%,31,112,0.00%
NVDA260116P01560000,2024-05-06 11:58:00,1560,467.30,455.80,467.55,0.00,0.00%,4,74,0.00%
NVDA260116P01580000,2024-09-05 10:18:00,1580,710.05,470.10,483.20,0.00,0.00%,2,11,0.00%
NVDA260116P01600000,2024-05-06 13:02:00,1600,493.00,486.15,497.85,0.00,0.00%,2,109,0.00%
NVDA260116P01620000,4/16/2024 1:08 PM,1620,751.87,702.95,715.70,0.00,0.00%,1,38,0.00%
NVDA260116P01640000,2024-08-05 11:12:00,1640,749.85,515.75,532.00,0.00,0.00%,-,1,0.00%
NVDA260116P01680000,5/23/2024 12:23 PM,1680,656.94,546.35,557.50,0.00,0.00%,4,2,0.00%
NVDA260116P01690000,2024-07-03 15:16:00,1690,785.55,809.70,820.50,0.00,0.00%,-,0,0.00%
NVDA260116P01700000,2024-03-06 10:07:00,1700,612.27,561.95,575.60,0.00,0.00%,30,30,0.00%
NVDA260116P01710000,2024-08-03 11:42:00,1710,816.90,828.60,844.00,0.00,0.00%,1,1,0.00%
NVDA260116P01720000,5/30/2024 9:34 AM,1720,625.00,577.65,591.60,0.00,0.00%,1,1,0.00%
NVDA260116P01740000,2024-08-03 11:43:00,1740,844.55,854.00,872.00,0.00,0.00%,2,2,0.00%
NVDA260116P01750000,2024-08-03 11:42:00,1750,853.90,863.30,882.00,0.00,0.00%,1,1,0.00%
NVDA260116P01760000,2024-08-03 11:42:00,1760,861.75,872.95,890.00,0.00,0.00%,1,1,0.00%
NVDA260116P01770000,2024-08-03 11:43:00,1770,872.70,882.40,902.00,0.00,0.00%,3,4,0.00%
NVDA260116P01780000,2024-08-03 11:42:00,1780,882.10,892.00,912.00,0.00,0.00%,2,2,0.00%
NVDA260116P01790000,2024-08-03 11:43:00,1790,891.40,902.00,920.00,0.00,0.00%,4,4,0.00%
NVDA260116P01800000,2024-04-06 13:03:00,1800,687.47,642.30,655.85,0.00,0.00%,2,3,0.00%
NVDA260116P01820000,3/21/2024 12:37 PM,1820,906.54,"1,048.00","1,066.00",0.00,0.00%,-,0,0.00%
NVDA260116P01840000,2024-08-05 15:00:00,1840,939.63,673.60,688.30,0.00,0.00%,-,0,0.00%
NVDA260116P01850000,2024-02-04 13:38:00,1850,956.50,982.00,"1,002.00",0.00,0.00%,-,0,0.00%
NVDA260116P01880000,3/14/2024 2:19 PM,1880,"1,003.45",988.00,"1,008.00",0.00,0.00%,1,0,0.00%
NVDA260116P01890000,3/26/2024 2:39 PM,1890,949.55,"1,054.00","1,074.00",0.00,0.00%,10,0,0.00%
NVDA260116P01900000,2024-04-06 13:20:00,1900,773.18,725.85,742.00,0.00,0.00%,4,5,0.00%
NVDA260116P01940000,5/22/2024 2:07 PM,1940,999.95,759.45,774.50,0.00,0.00%,1,0,0.00%
NVDA260116P02000000,2024-04-06 14:38:00,2000,856.50,811.45,828.00,0.00,0.00%,3,2,0.00%
NVDA260116P02100000,5/31/2024 10:51 AM,2100,"1,010.74",901.35,916.30,0.00,0.00%,4,10,0.00%
NVDA260116P02200000,2024-04-06 13:20:00,2200,"1,050.19",993.30,"1,008.85",0.00,0.00%,2,1,0.00%
NVDA260116P02280000,5/30/2024 12:35 PM,2280,"1,141.10","1,068.00","1,086.00",0.00,0.00%,2,0,0.00%
NVDA260116P02300000,2024-06-06 14:45:00,2300,"1,102.56","1,086.05","1,106.00","1,102.56",-,-,0,0.00%
NVDA260116P02400000,2024-06-06 14:45:00,2400,"1,199.36","1,184.00","1,204.00","1,199.36",-,-,0,0.00%
