date,y_true,y_pred,y_proba,mode,label,penalty
2022-10-11 22:00:00,1,1,0.9999295735227134,tech_momentum_regime,y_up_5d,l2
2022-10-12 22:00:00,1,1,0.861664456700417,tech_momentum_regime,y_up_5d,l2
2022-10-13 22:00:00,1,1,0.9999995965148312,tech_momentum_regime,y_up_5d,l2
2022-10-16 22:00:00,1,1,0.9953952188245371,tech_momentum_regime,y_up_5d,l2
2022-10-17 22:00:00,1,1,0.9984158530889855,tech_momentum_regime,y_up_5d,l2
2022-10-18 22:00:00,1,1,0.9999346269664905,tech_momentum_regime,y_up_5d,l2
2022-10-19 22:00:00,1,1,0.9999991011791459,tech_momentum_regime,y_up_5d,l2
2022-10-20 22:00:00,1,1,0.9789667890442759,tech_momentum_regime,y_up_5d,l2
2022-10-23 22:00:00,1,0,0.10310033137720374,tech_momentum_regime,y_up_5d,l2
2022-10-24 22:00:00,0,0,5.21966993339189e-06,tech_momentum_regime,y_up_5d,l2
2022-10-25 22:00:00,0,0,0.00037881239881547263,tech_momentum_regime,y_up_5d,l2
2022-10-26 22:00:00,0,1,0.7206753001627589,tech_momentum_regime,y_up_5d,l2
2022-10-27 22:00:00,0,0,7.940324680750989e-12,tech_momentum_regime,y_up_5d,l2
2022-10-30 23:00:00,0,0,1.581694517909839e-10,tech_momentum_regime,y_up_5d,l2
2022-10-31 23:00:00,0,0,8.637288908101319e-08,tech_momentum_regime,y_up_5d,l2
2022-11-01 23:00:00,0,0,0.004426151822380734,tech_momentum_regime,y_up_5d,l2
2022-11-02 23:00:00,1,1,0.9998083583064914,tech_momentum_regime,y_up_5d,l2
2022-11-03 23:00:00,1,1,0.9999955707096226,tech_momentum_regime,y_up_5d,l2
2022-11-06 23:00:00,1,1,0.9999830131287077,tech_momentum_regime,y_up_5d,l2
2022-11-07 23:00:00,1,1,0.9999953410292567,tech_momentum_regime,y_up_5d,l2
2022-11-08 23:00:00,1,1,0.9999999999244935,tech_momentum_regime,y_up_5d,l2
2022-11-09 23:00:00,1,0,0.20479302834266966,tech_momentum_regime,y_up_5d,l2
2022-11-10 23:00:00,1,0,0.0034137497087472,tech_momentum_regime,y_up_5d,l2
2022-11-13 23:00:00,0,0,0.0953116997751164,tech_momentum_regime,y_up_5d,l2
2022-11-14 23:00:00,1,0,0.008992275120897762,tech_momentum_regime,y_up_5d,l2
2022-11-15 23:00:00,1,0,0.041755466028096704,tech_momentum_regime,y_up_5d,l2
2022-11-16 23:00:00,0,0,0.0019828706680350035,tech_momentum_regime,y_up_5d,l2
2022-11-17 23:00:00,0,0,0.00034121103198929984,tech_momentum_regime,y_up_5d,l2
2022-11-20 23:00:00,0,0,0.18576655971834344,tech_momentum_regime,y_up_5d,l2
2022-11-21 23:00:00,0,0,0.0011009667290303228,tech_momentum_regime,y_up_5d,l2
2022-11-22 23:00:00,0,0,3.204020679965717e-05,tech_momentum_regime,y_up_5d,l2
2022-11-24 23:00:00,0,0,0.002016940743094688,tech_momentum_regime,y_up_5d,l2
2022-11-27 23:00:00,1,1,0.7439067474624466,tech_momentum_regime,y_up_5d,l2
2022-11-28 23:00:00,1,1,0.9994279251157707,tech_momentum_regime,y_up_5d,l2
2022-11-29 23:00:00,0,0,0.0022496313789294726,tech_momentum_regime,y_up_5d,l2
2022-11-30 23:00:00,0,0,0.00012305905574551808,tech_momentum_regime,y_up_5d,l2
2022-12-01 23:00:00,0,0,3.604278839307719e-05,tech_momentum_regime,y_up_5d,l2
2022-12-04 23:00:00,0,0,0.0001261994515695883,tech_momentum_regime,y_up_5d,l2
2022-12-05 23:00:00,1,0,0.033024166422226206,tech_momentum_regime,y_up_5d,l2
2022-12-06 23:00:00,1,0,0.30974478939952216,tech_momentum_regime,y_up_5d,l2
2022-12-07 23:00:00,0,0,0.00033357244142028164,tech_momentum_regime,y_up_5d,l2
2022-12-08 23:00:00,0,0,0.00032140059454826935,tech_momentum_regime,y_up_5d,l2
2022-12-11 23:00:00,0,0,4.2741056989963117e-08,tech_momentum_regime,y_up_5d,l2
2022-12-12 23:00:00,0,0,4.84026438205031e-10,tech_momentum_regime,y_up_5d,l2
2022-12-13 23:00:00,0,0,8.851160093175734e-10,tech_momentum_regime,y_up_5d,l2
2022-12-14 23:00:00,0,0,0.0001046854292416364,tech_momentum_regime,y_up_5d,l2
2022-12-15 23:00:00,0,0,0.0015987283966134996,tech_momentum_regime,y_up_5d,l2
2022-12-18 23:00:00,0,0,0.1204214615756144,tech_momentum_regime,y_up_5d,l2
2022-12-19 23:00:00,0,0,0.0026814498891912708,tech_momentum_regime,y_up_5d,l2
2022-12-20 23:00:00,0,0,2.7934694523812945e-07,tech_momentum_regime,y_up_5d,l2
2022-12-21 23:00:00,0,0,5.614095380084266e-06,tech_momentum_regime,y_up_5d,l2
2022-12-22 23:00:00,0,0,4.316696636911627e-06,tech_momentum_regime,y_up_5d,l2
2022-12-26 23:00:00,0,0,0.0003930018263040544,tech_momentum_regime,y_up_5d,l2
2022-12-27 23:00:00,0,1,0.9613873092941453,tech_momentum_regime,y_up_5d,l2
2022-12-28 23:00:00,1,0,0.01947409751992649,tech_momentum_regime,y_up_5d,l2
2022-12-29 23:00:00,1,0,0.01266994033834235,tech_momentum_regime,y_up_5d,l2
2023-01-02 23:00:00,1,1,0.9998800627943134,tech_momentum_regime,y_up_5d,l2
2023-01-08 23:00:00,1,1,0.999425116523613,tech_momentum_regime,y_up_5d,l2
2023-01-09 23:00:00,1,1,0.9996073085870528,tech_momentum_regime,y_up_5d,l2
2023-01-10 23:00:00,1,1,0.9925349321881256,tech_momentum_regime,y_up_5d,l2
2023-01-11 23:00:00,1,1,0.998978592352738,tech_momentum_regime,y_up_5d,l2
2023-01-12 23:00:00,1,1,0.9995563845473284,tech_momentum_regime,y_up_5d,l2
2023-01-16 23:00:00,1,1,0.9995916545678821,tech_momentum_regime,y_up_5d,l2
2023-01-17 23:00:00,1,1,0.999994409895536,tech_momentum_regime,y_up_5d,l2
2023-01-18 23:00:00,1,1,0.9999991679300393,tech_momentum_regime,y_up_5d,l2
2023-01-19 23:00:00,1,1,0.9999401253216945,tech_momentum_regime,y_up_5d,l2
2023-01-22 23:00:00,1,1,0.9983025475479033,tech_momentum_regime,y_up_5d,l2
2023-01-23 23:00:00,1,1,0.9980205321444052,tech_momentum_regime,y_up_5d,l2
2023-01-24 23:00:00,1,1,0.9999566320823722,tech_momentum_regime,y_up_5d,l2
2023-01-25 23:00:00,1,1,0.9998327544206911,tech_momentum_regime,y_up_5d,l2
2023-01-26 23:00:00,1,1,0.9988322716361236,tech_momentum_regime,y_up_5d,l2
2023-01-29 23:00:00,1,1,0.9999997088522368,tech_momentum_regime,y_up_5d,l2
2023-01-30 23:00:00,1,1,0.9999980905109567,tech_momentum_regime,y_up_5d,l2
2023-01-31 23:00:00,1,1,0.9999972533819876,tech_momentum_regime,y_up_5d,l2
2023-02-01 23:00:00,1,1,0.9314899985020585,tech_momentum_regime,y_up_5d,l2
2023-02-02 23:00:00,0,0,0.020345383292396622,tech_momentum_regime,y_up_5d,l2
2023-02-05 23:00:00,1,1,0.7183448306113878,tech_momentum_regime,y_up_5d,l2
2023-02-06 23:00:00,0,0,0.010364788221252228,tech_momentum_regime,y_up_5d,l2
2023-02-07 23:00:00,1,1,0.778332441343323,tech_momentum_regime,y_up_5d,l2
2023-02-08 23:00:00,1,1,0.9843403024800891,tech_momentum_regime,y_up_5d,l2
2023-02-09 23:00:00,1,1,0.8518909220370714,tech_momentum_regime,y_up_5d,l2
2023-02-12 23:00:00,0,0,0.00194492884469004,tech_momentum_regime,y_up_5d,l2
2023-02-13 23:00:00,0,0,0.0028249906520623445,tech_momentum_regime,y_up_5d,l2
2023-02-14 23:00:00,0,0,2.3917766848764485e-06,tech_momentum_regime,y_up_5d,l2
2023-02-15 23:00:00,0,0,1.2686941011726679e-05,tech_momentum_regime,y_up_5d,l2
2023-02-16 23:00:00,0,0,1.6565407536771634e-05,tech_momentum_regime,y_up_5d,l2
2023-02-20 23:00:00,0,0,0.30052951854364446,tech_momentum_regime,y_up_5d,l2
2023-02-21 23:00:00,0,0,0.4070366516912423,tech_momentum_regime,y_up_5d,l2
2023-02-22 23:00:00,0,0,0.20761991814526334,tech_momentum_regime,y_up_5d,l2
2023-02-23 23:00:00,1,1,0.979576200263777,tech_momentum_regime,y_up_5d,l2
2023-02-26 23:00:00,1,1,0.944176545908824,tech_momentum_regime,y_up_5d,l2
2023-02-27 23:00:00,1,1,0.9501752685403908,tech_momentum_regime,y_up_5d,l2
2023-02-28 23:00:00,1,1,0.9998619332214779,tech_momentum_regime,y_up_5d,l2
2023-03-01 23:00:00,1,1,0.9999089392542836,tech_momentum_regime,y_up_5d,l2
2023-03-02 23:00:00,0,0,0.41220329644655,tech_momentum_regime,y_up_5d,l2
2023-03-05 23:00:00,0,0,0.013961447353988509,tech_momentum_regime,y_up_5d,l2
2023-03-06 23:00:00,1,1,0.7455420933667206,tech_momentum_regime,y_up_5d,l2
2023-03-07 23:00:00,1,0,0.30778038791513146,tech_momentum_regime,y_up_5d,l2
2023-03-08 23:00:00,1,1,0.9996243911910389,tech_momentum_regime,y_up_5d,l2
2023-03-09 23:00:00,1,1,0.9999992211337485,tech_momentum_regime,y_up_5d,l2
2023-03-12 23:00:00,1,1,0.9999974438170534,tech_momentum_regime,y_up_5d,l2
2023-03-13 23:00:00,1,1,0.9998749735661141,tech_momentum_regime,y_up_5d,l2
2023-03-14 23:00:00,1,1,0.9998904791435412,tech_momentum_regime,y_up_5d,l2
2023-03-15 23:00:00,1,1,0.986027624251793,tech_momentum_regime,y_up_5d,l2
2023-03-16 23:00:00,1,1,0.9992004750934886,tech_momentum_regime,y_up_5d,l2
2023-03-19 23:00:00,1,1,0.9822503426720668,tech_momentum_regime,y_up_5d,l2
2023-03-20 23:00:00,0,1,0.9322643702472221,tech_momentum_regime,y_up_5d,l2
2023-03-21 23:00:00,1,1,0.9999104601652524,tech_momentum_regime,y_up_5d,l2
2023-03-22 23:00:00,1,1,0.9995058737241864,tech_momentum_regime,y_up_5d,l2
2023-03-23 23:00:00,1,1,0.9880558359003648,tech_momentum_regime,y_up_5d,l2
2023-03-26 22:00:00,1,1,0.9999881165645974,tech_momentum_regime,y_up_5d,l2
2023-03-27 22:00:00,1,1,0.9999945066554377,tech_momentum_regime,y_up_5d,l2
2023-03-28 22:00:00,1,1,0.9970485354106344,tech_momentum_regime,y_up_5d,l2
2023-03-29 22:00:00,1,1,0.9301435711301635,tech_momentum_regime,y_up_5d,l2
2023-03-30 22:00:00,0,0,0.0859639988660931,tech_momentum_regime,y_up_5d,l2
2023-04-02 22:00:00,0,0,0.005183344381335607,tech_momentum_regime,y_up_5d,l2
2023-04-03 22:00:00,0,0,0.022737916518628443,tech_momentum_regime,y_up_5d,l2
2023-04-04 22:00:00,1,1,0.6814257982299424,tech_momentum_regime,y_up_5d,l2
2023-04-05 22:00:00,1,1,0.550215567721364,tech_momentum_regime,y_up_5d,l2
2023-04-09 22:00:00,1,1,0.9972500959158228,tech_momentum_regime,y_up_5d,l2
2023-04-10 22:00:00,1,1,0.9999230678133914,tech_momentum_regime,y_up_5d,l2
2023-04-11 22:00:00,1,1,0.9999945351041248,tech_momentum_regime,y_up_5d,l2
2023-04-12 22:00:00,1,0,0.42152833083615737,tech_momentum_regime,y_up_5d,l2
2023-04-13 22:00:00,0,0,0.4354541018461122,tech_momentum_regime,y_up_5d,l2
2023-04-16 22:00:00,1,1,0.5114929603002915,tech_momentum_regime,y_up_5d,l2
2023-04-17 22:00:00,0,0,0.3646099314127057,tech_momentum_regime,y_up_5d,l2
2023-04-18 22:00:00,0,0,0.10641441724605209,tech_momentum_regime,y_up_5d,l2
2023-04-19 22:00:00,1,1,0.7474739704934594,tech_momentum_regime,y_up_5d,l2
2023-04-20 22:00:00,1,1,0.9850838540763724,tech_momentum_regime,y_up_5d,l2
2023-04-23 22:00:00,1,1,0.9709094283226989,tech_momentum_regime,y_up_5d,l2
2023-04-24 22:00:00,1,1,0.9999427247073549,tech_momentum_regime,y_up_5d,l2
2023-04-25 22:00:00,1,1,0.9999932088804026,tech_momentum_regime,y_up_5d,l2
2023-04-26 22:00:00,0,1,0.9276191858975879,tech_momentum_regime,y_up_5d,l2
2023-04-27 22:00:00,1,1,0.7033012412793953,tech_momentum_regime,y_up_5d,l2
2023-04-30 22:00:00,1,1,0.929304440983729,tech_momentum_regime,y_up_5d,l2
2023-05-01 22:00:00,1,1,0.998348174840697,tech_momentum_regime,y_up_5d,l2
2023-05-02 22:00:00,1,1,0.9999468459358147,tech_momentum_regime,y_up_5d,l2
2023-05-03 22:00:00,1,1,0.9999993889714888,tech_momentum_regime,y_up_5d,l2
2023-05-04 22:00:00,0,0,0.2621962814088697,tech_momentum_regime,y_up_5d,l2
2023-05-07 22:00:00,0,0,0.23905079826709505,tech_momentum_regime,y_up_5d,l2
2023-05-08 22:00:00,1,1,0.9515028379132738,tech_momentum_regime,y_up_5d,l2
2023-05-09 22:00:00,0,0,0.3695908687696012,tech_momentum_regime,y_up_5d,l2
2023-05-10 22:00:00,1,0,0.30770482143553196,tech_momentum_regime,y_up_5d,l2
2023-05-11 22:00:00,1,1,0.9324109591826206,tech_momentum_regime,y_up_5d,l2
2023-05-14 22:00:00,1,1,0.9684278786266899,tech_momentum_regime,y_up_5d,l2
2023-05-15 22:00:00,0,1,0.9819356340120415,tech_momentum_regime,y_up_5d,l2
2023-05-16 22:00:00,0,1,0.963789684090002,tech_momentum_regime,y_up_5d,l2
2023-05-17 22:00:00,0,0,0.2690872538421068,tech_momentum_regime,y_up_5d,l2
2023-05-18 22:00:00,1,0,0.4783272511815659,tech_momentum_regime,y_up_5d,l2
2023-05-21 22:00:00,1,1,0.9470979669812153,tech_momentum_regime,y_up_5d,l2
2023-05-22 22:00:00,1,1,0.9999802966439477,tech_momentum_regime,y_up_5d,l2
2023-05-23 22:00:00,1,1,0.9999978791955814,tech_momentum_regime,y_up_5d,l2
2023-05-24 22:00:00,1,1,0.9999853210405025,tech_momentum_regime,y_up_5d,l2
2023-05-25 22:00:00,1,1,0.9992932944961584,tech_momentum_regime,y_up_5d,l2
2023-05-29 22:00:00,1,1,0.9921529820619889,tech_momentum_regime,y_up_5d,l2
2023-05-30 22:00:00,1,1,0.9971557100113224,tech_momentum_regime,y_up_5d,l2
2023-05-31 22:00:00,1,1,0.6913507191561843,tech_momentum_regime,y_up_5d,l2
2023-06-01 22:00:00,1,1,0.6589556589437626,tech_momentum_regime,y_up_5d,l2
2023-06-04 22:00:00,1,1,0.998790681428695,tech_momentum_regime,y_up_5d,l2
2023-06-05 22:00:00,1,1,0.9994257354290231,tech_momentum_regime,y_up_5d,l2
2023-06-06 22:00:00,1,1,0.9999972742631789,tech_momentum_regime,y_up_5d,l2
2023-06-07 22:00:00,1,1,0.9994330935586451,tech_momentum_regime,y_up_5d,l2
2023-06-08 22:00:00,1,1,0.9995598200582937,tech_momentum_regime,y_up_5d,l2
2023-06-11 22:00:00,1,1,0.9245252769766948,tech_momentum_regime,y_up_5d,l2
2023-06-12 22:00:00,1,1,0.9843179948268836,tech_momentum_regime,y_up_5d,l2
2023-06-13 22:00:00,1,1,0.9814856811065477,tech_momentum_regime,y_up_5d,l2
2023-06-14 22:00:00,1,1,0.8145891913984822,tech_momentum_regime,y_up_5d,l2
2023-06-15 22:00:00,1,1,0.9921262214053206,tech_momentum_regime,y_up_5d,l2
2023-06-19 22:00:00,1,1,0.998835399393818,tech_momentum_regime,y_up_5d,l2
2023-06-20 22:00:00,1,1,0.9999807422668604,tech_momentum_regime,y_up_5d,l2
2023-06-21 22:00:00,1,1,0.9958666870069808,tech_momentum_regime,y_up_5d,l2
2023-06-22 22:00:00,1,1,0.999279216513241,tech_momentum_regime,y_up_5d,l2
2023-06-25 22:00:00,1,1,0.9999920611419916,tech_momentum_regime,y_up_5d,l2
2023-06-26 22:00:00,1,1,0.996412307405018,tech_momentum_regime,y_up_5d,l2
2023-06-27 22:00:00,1,1,0.9673128386447143,tech_momentum_regime,y_up_5d,l2
2023-06-28 22:00:00,1,1,0.9503606207650751,tech_momentum_regime,y_up_5d,l2
2023-06-29 22:00:00,0,0,0.0014434929493228788,tech_momentum_regime,y_up_5d,l2
2023-07-02 22:00:00,0,0,0.02680060169990182,tech_momentum_regime,y_up_5d,l2
2023-07-04 22:00:00,0,0,0.4028249159920833,tech_momentum_regime,y_up_5d,l2
2023-07-05 22:00:00,0,0,0.2340717292209168,tech_momentum_regime,y_up_5d,l2
2023-07-06 22:00:00,1,1,0.9274569557241182,tech_momentum_regime,y_up_5d,l2
2023-07-09 22:00:00,1,1,0.999451381528317,tech_momentum_regime,y_up_5d,l2
2023-07-10 22:00:00,1,1,0.9998798373303753,tech_momentum_regime,y_up_5d,l2
2023-07-11 22:00:00,1,1,0.9986548873354514,tech_momentum_regime,y_up_5d,l2
2023-07-12 22:00:00,1,1,0.9894260165110053,tech_momentum_regime,y_up_5d,l2
2023-07-13 22:00:00,1,1,0.9938760985551505,tech_momentum_regime,y_up_5d,l2
2023-07-16 22:00:00,0,0,0.2604508762551287,tech_momentum_regime,y_up_5d,l2
2023-07-17 22:00:00,0,0,0.45417966510282937,tech_momentum_regime,y_up_5d,l2
2023-07-18 22:00:00,0,0,0.3360659984730825,tech_momentum_regime,y_up_5d,l2
2023-07-19 22:00:00,1,1,0.9791870045963053,tech_momentum_regime,y_up_5d,l2
2023-07-20 22:00:00,1,1,0.9951634298916612,tech_momentum_regime,y_up_5d,l2
2023-07-23 22:00:00,1,1,0.9835343751622292,tech_momentum_regime,y_up_5d,l2
2023-07-24 22:00:00,1,0,0.26046661095926105,tech_momentum_regime,y_up_5d,l2
2023-07-25 22:00:00,0,0,0.0015542546096350752,tech_momentum_regime,y_up_5d,l2
2023-07-26 22:00:00,0,0,0.0012557934248927816,tech_momentum_regime,y_up_5d,l2
2023-07-27 22:00:00,0,0,3.929353917082924e-08,tech_momentum_regime,y_up_5d,l2
2023-07-30 22:00:00,0,0,1.7140875542691752e-10,tech_momentum_regime,y_up_5d,l2
2023-07-31 22:00:00,0,0,1.8213853230712718e-11,tech_momentum_regime,y_up_5d,l2
2023-08-01 22:00:00,0,0,5.364783685435272e-10,tech_momentum_regime,y_up_5d,l2
2023-08-02 22:00:00,0,0,1.812789963706265e-10,tech_momentum_regime,y_up_5d,l2
2023-08-03 22:00:00,0,0,0.00705032805151862,tech_momentum_regime,y_up_5d,l2
2023-08-06 22:00:00,1,0,0.2942485719912838,tech_momentum_regime,y_up_5d,l2
2023-08-07 22:00:00,0,0,0.0023999738126698747,tech_momentum_regime,y_up_5d,l2
2023-08-08 22:00:00,0,0,0.016878762144372946,tech_momentum_regime,y_up_5d,l2
2023-08-09 22:00:00,0,0,0.005640087794343218,tech_momentum_regime,y_up_5d,l2
2023-08-10 22:00:00,0,0,0.001163026535210926,tech_momentum_regime,y_up_5d,l2
2023-08-13 22:00:00,0,0,2.250668743875547e-05,tech_momentum_regime,y_up_5d,l2
2023-08-14 22:00:00,0,0,0.005071045290116341,tech_momentum_regime,y_up_5d,l2
2023-08-15 22:00:00,1,0,0.0998106315611392,tech_momentum_regime,y_up_5d,l2
2023-08-16 22:00:00,1,1,0.9979803168089647,tech_momentum_regime,y_up_5d,l2
2023-08-17 22:00:00,1,1,0.9996684906922485,tech_momentum_regime,y_up_5d,l2
2023-08-20 22:00:00,1,1,0.999908438369583,tech_momentum_regime,y_up_5d,l2
2023-08-21 22:00:00,1,1,0.9999227269461495,tech_momentum_regime,y_up_5d,l2
2023-08-22 22:00:00,1,1,0.9862369084837034,tech_momentum_regime,y_up_5d,l2
2023-08-23 22:00:00,1,1,0.9999999790701819,tech_momentum_regime,y_up_5d,l2
2023-08-24 22:00:00,1,1,0.9999954197942922,tech_momentum_regime,y_up_5d,l2
2023-08-27 22:00:00,1,1,0.9998453928900556,tech_momentum_regime,y_up_5d,l2
2023-08-28 22:00:00,0,1,0.6706859205546353,tech_momentum_regime,y_up_5d,l2
2023-08-29 22:00:00,0,0,5.985084669695119e-05,tech_momentum_regime,y_up_5d,l2
2023-08-30 22:00:00,0,0,8.765915461321701e-07,tech_momentum_regime,y_up_5d,l2
2023-08-31 22:00:00,0,0,2.0150408844012737e-09,tech_momentum_regime,y_up_5d,l2
2023-09-04 22:00:00,0,0,5.293244157634567e-11,tech_momentum_regime,y_up_5d,l2
2023-09-05 22:00:00,0,0,0.00012824485953995878,tech_momentum_regime,y_up_5d,l2
2023-09-06 22:00:00,0,1,0.5424365438233839,tech_momentum_regime,y_up_5d,l2
2023-09-07 22:00:00,0,0,0.2791979799265928,tech_momentum_regime,y_up_5d,l2
2023-09-10 22:00:00,0,0,0.0032141143944313965,tech_momentum_regime,y_up_5d,l2
2023-09-11 22:00:00,1,0,0.23405585270412946,tech_momentum_regime,y_up_5d,l2
2023-09-12 22:00:00,1,1,0.6077228918002654,tech_momentum_regime,y_up_5d,l2
2023-09-13 22:00:00,0,0,0.014982978407547184,tech_momentum_regime,y_up_5d,l2
2023-09-14 22:00:00,0,0,0.023248141164647643,tech_momentum_regime,y_up_5d,l2
2023-09-17 22:00:00,0,0,2.4859811746881265e-05,tech_momentum_regime,y_up_5d,l2
2023-09-18 22:00:00,0,0,1.740458900209686e-07,tech_momentum_regime,y_up_5d,l2
2023-09-19 22:00:00,0,0,0.0004684418787083023,tech_momentum_regime,y_up_5d,l2
2023-09-20 22:00:00,0,0,0.008983607234592047,tech_momentum_regime,y_up_5d,l2
2023-09-21 22:00:00,0,0,0.0026241816863436184,tech_momentum_regime,y_up_5d,l2
2023-09-24 22:00:00,0,0,0.00028766543108819405,tech_momentum_regime,y_up_5d,l2
2023-09-25 22:00:00,1,1,0.9086777187888508,tech_momentum_regime,y_up_5d,l2
2023-09-26 22:00:00,1,1,0.999272053903618,tech_momentum_regime,y_up_5d,l2
2023-09-27 22:00:00,1,1,0.9996807007757244,tech_momentum_regime,y_up_5d,l2
2023-09-28 22:00:00,1,1,0.999859936891845,tech_momentum_regime,y_up_5d,l2
2023-10-01 22:00:00,1,1,0.9952775550946837,tech_momentum_regime,y_up_5d,l2
2023-10-02 22:00:00,1,1,0.9998708083982656,tech_momentum_regime,y_up_5d,l2
2023-10-03 22:00:00,1,1,0.999511420625337,tech_momentum_regime,y_up_5d,l2
2023-10-04 22:00:00,1,1,0.9986027213035111,tech_momentum_regime,y_up_5d,l2
2023-10-05 22:00:00,1,1,0.8098159862403574,tech_momentum_regime,y_up_5d,l2
2023-10-08 22:00:00,0,0,0.10864231957557642,tech_momentum_regime,y_up_5d,l2
2023-10-09 22:00:00,0,0,0.10414795778574314,tech_momentum_regime,y_up_5d,l2
2023-10-10 22:00:00,0,0,0.0025615545901106146,tech_momentum_regime,y_up_5d,l2
2023-10-11 22:00:00,0,0,0.00014442487681190283,tech_momentum_regime,y_up_5d,l2
2023-10-12 22:00:00,0,0,0.0010536338857853093,tech_momentum_regime,y_up_5d,l2
2023-10-15 22:00:00,0,0,3.2400963159701234e-05,tech_momentum_regime,y_up_5d,l2
2023-10-16 22:00:00,0,0,9.828695947577907e-05,tech_momentum_regime,y_up_5d,l2
2023-10-17 22:00:00,0,0,0.0004113517019605569,tech_momentum_regime,y_up_5d,l2
2023-10-18 22:00:00,0,0,0.00019183653367304813,tech_momentum_regime,y_up_5d,l2
2023-10-19 22:00:00,0,0,0.012344498915553826,tech_momentum_regime,y_up_5d,l2
2023-10-22 22:00:00,0,0,0.027498069618828967,tech_momentum_regime,y_up_5d,l2
2023-10-23 22:00:00,0,0,0.0112397777030329,tech_momentum_regime,y_up_5d,l2
2023-10-24 22:00:00,1,1,0.9033970859158567,tech_momentum_regime,y_up_5d,l2
2023-10-25 22:00:00,1,1,0.9999994032413746,tech_momentum_regime,y_up_5d,l2
2023-10-26 22:00:00,1,1,0.9999986425536252,tech_momentum_regime,y_up_5d,l2
2023-10-29 23:00:00,1,1,0.9999974567687232,tech_momentum_regime,y_up_5d,l2
2023-10-30 23:00:00,1,1,0.9999998023094321,tech_momentum_regime,y_up_5d,l2
2023-10-31 23:00:00,1,1,0.9999915251506526,tech_momentum_regime,y_up_5d,l2
2023-11-01 23:00:00,1,1,0.9991719797584497,tech_momentum_regime,y_up_5d,l2
2023-11-02 23:00:00,1,1,0.9999964380248895,tech_momentum_regime,y_up_5d,l2
2023-11-05 23:00:00,1,1,0.9999867517179709,tech_momentum_regime,y_up_5d,l2
2023-11-06 23:00:00,1,1,0.999872816966148,tech_momentum_regime,y_up_5d,l2
2023-11-07 23:00:00,1,1,0.999915155096644,tech_momentum_regime,y_up_5d,l2
2023-11-08 23:00:00,1,1,0.9999980003980716,tech_momentum_regime,y_up_5d,l2
2023-11-09 23:00:00,1,1,0.9967905576544388,tech_momentum_regime,y_up_5d,l2
2023-11-12 23:00:00,1,1,0.9999610160706721,tech_momentum_regime,y_up_5d,l2
2023-11-13 23:00:00,1,1,0.9960248740223866,tech_momentum_regime,y_up_5d,l2
2023-11-14 23:00:00,1,1,0.997364092003396,tech_momentum_regime,y_up_5d,l2
2023-11-15 23:00:00,1,1,0.8983096538488534,tech_momentum_regime,y_up_5d,l2
2023-11-16 23:00:00,1,1,0.8932399408683549,tech_momentum_regime,y_up_5d,l2
2023-11-19 23:00:00,0,0,0.2204685929031835,tech_momentum_regime,y_up_5d,l2
2023-11-20 23:00:00,0,1,0.613073855093944,tech_momentum_regime,y_up_5d,l2
2023-11-21 23:00:00,0,0,0.38907393231556014,tech_momentum_regime,y_up_5d,l2
2023-11-23 23:00:00,1,1,0.961009140468502,tech_momentum_regime,y_up_5d,l2
2023-11-26 23:00:00,0,1,0.9791909185833886,tech_momentum_regime,y_up_5d,l2
2023-11-27 23:00:00,1,1,0.9734158781786725,tech_momentum_regime,y_up_5d,l2
2023-11-28 23:00:00,1,1,0.9992054165520411,tech_momentum_regime,y_up_5d,l2
2023-11-29 23:00:00,1,1,0.9980200436599471,tech_momentum_regime,y_up_5d,l2
2023-11-30 23:00:00,1,1,0.9913876213165185,tech_momentum_regime,y_up_5d,l2
2023-12-03 23:00:00,1,1,0.9999760367350009,tech_momentum_regime,y_up_5d,l2
2023-12-04 23:00:00,1,1,0.9827086125480216,tech_momentum_regime,y_up_5d,l2
2023-12-05 23:00:00,1,1,0.9995119422553245,tech_momentum_regime,y_up_5d,l2
2023-12-06 23:00:00,1,1,0.9798923408731656,tech_momentum_regime,y_up_5d,l2
2023-12-07 23:00:00,1,1,0.7263670430760895,tech_momentum_regime,y_up_5d,l2
2023-12-10 23:00:00,1,1,0.9975794842909579,tech_momentum_regime,y_up_5d,l2
2023-12-11 23:00:00,1,1,0.9798789520310747,tech_momentum_regime,y_up_5d,l2
2023-12-12 23:00:00,0,0,0.017196774354021817,tech_momentum_regime,y_up_5d,l2
2023-12-13 23:00:00,0,0,0.014935977710371676,tech_momentum_regime,y_up_5d,l2
2023-12-14 23:00:00,0,0,0.007016029839205269,tech_momentum_regime,y_up_5d,l2
2023-12-17 23:00:00,0,0,0.061359871008527224,tech_momentum_regime,y_up_5d,l2
2023-12-18 23:00:00,0,0,0.0009773917216625869,tech_momentum_regime,y_up_5d,l2
2023-12-19 23:00:00,0,0,0.011670776336248984,tech_momentum_regime,y_up_5d,l2
2023-12-20 23:00:00,0,0,0.0006333603387074706,tech_momentum_regime,y_up_5d,l2
2023-12-21 23:00:00,0,0,0.00018847943443923426,tech_momentum_regime,y_up_5d,l2
2023-12-25 23:00:00,0,0,2.2598091471372834e-05,tech_momentum_regime,y_up_5d,l2
2023-12-26 23:00:00,0,0,4.0995492125014965e-06,tech_momentum_regime,y_up_5d,l2
2023-12-27 23:00:00,0,0,1.7680763900612798e-07,tech_momentum_regime,y_up_5d,l2
2023-12-28 23:00:00,0,0,2.995169173198894e-07,tech_momentum_regime,y_up_5d,l2
2024-01-01 23:00:00,0,0,0.18987582086248522,tech_momentum_regime,y_up_5d,l2
2024-01-08 23:00:00,0,1,0.8724778434057187,tech_momentum_regime,y_up_5d,l2
2024-01-09 23:00:00,1,1,0.8817067295228901,tech_momentum_regime,y_up_5d,l2
2024-01-10 23:00:00,1,1,0.9981833874111938,tech_momentum_regime,y_up_5d,l2
2024-01-11 23:00:00,1,1,0.9997295536140255,tech_momentum_regime,y_up_5d,l2
2024-01-15 23:00:00,1,1,0.9999998755351833,tech_momentum_regime,y_up_5d,l2
2024-01-16 23:00:00,1,1,0.9999999985337973,tech_momentum_regime,y_up_5d,l2
2024-01-17 23:00:00,1,1,0.9998775707433543,tech_momentum_regime,y_up_5d,l2
2024-01-18 23:00:00,1,1,0.7445620215718642,tech_momentum_regime,y_up_5d,l2
2024-01-21 23:00:00,0,0,0.006517169389684415,tech_momentum_regime,y_up_5d,l2
2024-01-22 23:00:00,0,0,6.490094547317148e-05,tech_momentum_regime,y_up_5d,l2
2024-01-23 23:00:00,0,0,0.00010979730675944038,tech_momentum_regime,y_up_5d,l2
2024-01-24 23:00:00,0,0,0.0002984123825809768,tech_momentum_regime,y_up_5d,l2
2024-01-25 23:00:00,0,0,0.006044475509022535,tech_momentum_regime,y_up_5d,l2
2024-01-28 23:00:00,0,0,0.003197916381499797,tech_momentum_regime,y_up_5d,l2
2024-01-29 23:00:00,1,1,0.9228851603181116,tech_momentum_regime,y_up_5d,l2
2024-01-30 23:00:00,1,1,0.9998506477088603,tech_momentum_regime,y_up_5d,l2
2024-01-31 23:00:00,1,1,0.8950909737588981,tech_momentum_regime,y_up_5d,l2
2024-02-01 23:00:00,1,1,0.949273643723726,tech_momentum_regime,y_up_5d,l2
2024-02-04 23:00:00,0,0,0.18886789985774557,tech_momentum_regime,y_up_5d,l2
2024-02-05 23:00:00,0,0,0.00116713405575484,tech_momentum_regime,y_up_5d,l2
2024-02-06 23:00:00,0,0,0.00014821273246487144,tech_momentum_regime,y_up_5d,l2
2024-02-07 23:00:00,0,0,0.00040107707372297283,tech_momentum_regime,y_up_5d,l2
2024-02-08 23:00:00,0,0,6.176290590976398e-05,tech_momentum_regime,y_up_5d,l2
2024-02-11 23:00:00,0,0,0.0012829407252273827,tech_momentum_regime,y_up_5d,l2
2024-02-12 23:00:00,0,0,0.036218857699152264,tech_momentum_regime,y_up_5d,l2
2024-02-13 23:00:00,1,0,0.12451473486880799,tech_momentum_regime,y_up_5d,l2
2024-02-14 23:00:00,0,0,0.08118391508062311,tech_momentum_regime,y_up_5d,l2
2024-02-15 23:00:00,0,1,0.5975786645776872,tech_momentum_regime,y_up_5d,l2
2024-02-19 23:00:00,1,1,0.6316257000512671,tech_momentum_regime,y_up_5d,l2
2024-02-20 23:00:00,0,0,0.06184477560008906,tech_momentum_regime,y_up_5d,l2
2024-02-21 23:00:00,0,0,2.60122844281266e-05,tech_momentum_regime,y_up_5d,l2
2024-02-22 23:00:00,0,0,8.277485300860623e-05,tech_momentum_regime,y_up_5d,l2
2024-02-25 23:00:00,0,0,3.47998176661693e-05,tech_momentum_regime,y_up_5d,l2
2024-02-26 23:00:00,0,0,1.6392135784710987e-07,tech_momentum_regime,y_up_5d,l2
2024-02-27 23:00:00,0,0,2.8107492125340984e-07,tech_momentum_regime,y_up_5d,l2
2024-02-28 23:00:00,0,0,1.9279584881670925e-07,tech_momentum_regime,y_up_5d,l2
2024-02-29 23:00:00,0,0,1.0913781100802683e-07,tech_momentum_regime,y_up_5d,l2
2024-03-03 23:00:00,0,0,0.0007036546246318578,tech_momentum_regime,y_up_5d,l2
2024-03-04 23:00:00,1,1,0.968535016089409,tech_momentum_regime,y_up_5d,l2
2024-03-05 23:00:00,1,1,0.9978408964385115,tech_momentum_regime,y_up_5d,l2
2024-03-06 23:00:00,1,1,0.9990372396334516,tech_momentum_regime,y_up_5d,l2
2024-03-07 23:00:00,1,1,0.9933004475255172,tech_momentum_regime,y_up_5d,l2
2024-03-10 23:00:00,1,0,0.29546620571684334,tech_momentum_regime,y_up_5d,l2
2024-03-11 23:00:00,1,0,0.05116862205144525,tech_momentum_regime,y_up_5d,l2
2024-03-12 23:00:00,1,1,0.8666506475482519,tech_momentum_regime,y_up_5d,l2
2024-03-13 23:00:00,0,0,0.12589474071051598,tech_momentum_regime,y_up_5d,l2
2024-03-14 23:00:00,0,0,0.41718413316356245,tech_momentum_regime,y_up_5d,l2
2024-03-17 23:00:00,0,0,0.35958993753350965,tech_momentum_regime,y_up_5d,l2
2024-03-18 23:00:00,0,0,0.0005124573607070833,tech_momentum_regime,y_up_5d,l2
2024-03-19 23:00:00,0,0,2.3201401853286444e-07,tech_momentum_regime,y_up_5d,l2
2024-03-20 23:00:00,1,1,0.6574781226235863,tech_momentum_regime,y_up_5d,l2
2024-03-21 23:00:00,0,0,0.03543809513256318,tech_momentum_regime,y_up_5d,l2
2024-03-24 23:00:00,0,1,0.5569818045516685,tech_momentum_regime,y_up_5d,l2
2024-03-25 23:00:00,0,1,0.9076208268866667,tech_momentum_regime,y_up_5d,l2
2024-03-26 23:00:00,0,0,0.0014405543921728412,tech_momentum_regime,y_up_5d,l2
2024-03-27 23:00:00,0,0,0.0037849138235845226,tech_momentum_regime,y_up_5d,l2
2024-03-31 22:00:00,0,0,0.23368159423142232,tech_momentum_regime,y_up_5d,l2
2024-04-01 22:00:00,1,1,0.882495552627177,tech_momentum_regime,y_up_5d,l2
2024-04-02 22:00:00,0,1,0.9064007691655781,tech_momentum_regime,y_up_5d,l2
2024-04-03 22:00:00,1,1,0.9914244719682583,tech_momentum_regime,y_up_5d,l2
2024-04-04 22:00:00,1,1,0.8107118421694852,tech_momentum_regime,y_up_5d,l2
2024-04-07 22:00:00,1,1,0.9671150406378368,tech_momentum_regime,y_up_5d,l2
2024-04-08 22:00:00,0,0,0.3384698074807918,tech_momentum_regime,y_up_5d,l2
2024-04-09 22:00:00,1,1,0.947062486337091,tech_momentum_regime,y_up_5d,l2
2024-04-10 22:00:00,0,0,3.870435845762061e-06,tech_momentum_regime,y_up_5d,l2
2024-04-11 22:00:00,0,0,4.760447420499413e-08,tech_momentum_regime,y_up_5d,l2
2024-04-14 22:00:00,0,0,0.00011806035226364397,tech_momentum_regime,y_up_5d,l2
2024-04-15 22:00:00,0,0,0.11406236315904833,tech_momentum_regime,y_up_5d,l2
2024-04-16 22:00:00,1,1,0.7535601976964716,tech_momentum_regime,y_up_5d,l2
2024-04-17 22:00:00,1,1,0.9880541845581652,tech_momentum_regime,y_up_5d,l2
2024-04-18 22:00:00,1,1,0.9997612103511552,tech_momentum_regime,y_up_5d,l2
2024-04-21 22:00:00,1,1,0.9995953299896946,tech_momentum_regime,y_up_5d,l2
2024-04-22 22:00:00,1,1,0.9997134951605451,tech_momentum_regime,y_up_5d,l2
2024-04-23 22:00:00,1,1,0.9991768774031565,tech_momentum_regime,y_up_5d,l2
2024-04-24 22:00:00,1,1,0.9997793366055873,tech_momentum_regime,y_up_5d,l2
2024-04-25 22:00:00,1,1,0.9999983950907121,tech_momentum_regime,y_up_5d,l2
2024-04-28 22:00:00,1,1,0.9998249272394586,tech_momentum_regime,y_up_5d,l2
2024-04-29 22:00:00,1,1,0.9999999973315261,tech_momentum_regime,y_up_5d,l2
2024-04-30 22:00:00,1,1,0.9999999999866287,tech_momentum_regime,y_up_5d,l2
2024-05-01 22:00:00,1,1,0.9999999967424755,tech_momentum_regime,y_up_5d,l2
2024-05-02 22:00:00,0,1,0.8992067157287371,tech_momentum_regime,y_up_5d,l2
2024-05-05 22:00:00,1,1,0.9993707779533362,tech_momentum_regime,y_up_5d,l2
2024-05-06 22:00:00,1,1,0.999401499961701,tech_momentum_regime,y_up_5d,l2
2024-05-07 22:00:00,1,1,0.9998204711900139,tech_momentum_regime,y_up_5d,l2
2024-05-08 22:00:00,1,1,0.999813822431039,tech_momentum_regime,y_up_5d,l2
2024-05-09 22:00:00,1,1,0.9999998246898915,tech_momentum_regime,y_up_5d,l2
2024-05-12 22:00:00,1,1,0.9995917608883776,tech_momentum_regime,y_up_5d,l2
2024-05-13 22:00:00,1,1,0.9971387567556481,tech_momentum_regime,y_up_5d,l2
2024-05-14 22:00:00,1,1,0.8338298546250986,tech_momentum_regime,y_up_5d,l2
2024-05-15 22:00:00,0,1,0.8514013782419562,tech_momentum_regime,y_up_5d,l2
2024-05-16 22:00:00,1,1,0.7198098144333478,tech_momentum_regime,y_up_5d,l2
2024-05-19 22:00:00,0,1,0.58998642478379,tech_momentum_regime,y_up_5d,l2
2024-05-20 22:00:00,0,0,0.19382538379816974,tech_momentum_regime,y_up_5d,l2
2024-05-21 22:00:00,1,1,0.9582037500663441,tech_momentum_regime,y_up_5d,l2
2024-05-22 22:00:00,1,1,0.999995767405829,tech_momentum_regime,y_up_5d,l2
2024-05-23 22:00:00,1,1,0.9984643952146521,tech_momentum_regime,y_up_5d,l2
2024-05-27 22:00:00,1,1,0.9998466011066016,tech_momentum_regime,y_up_5d,l2
2024-05-28 22:00:00,1,1,0.9997199090309435,tech_momentum_regime,y_up_5d,l2
2024-05-29 22:00:00,1,1,0.9998414207222137,tech_momentum_regime,y_up_5d,l2
2024-05-30 22:00:00,1,1,0.9999932513590515,tech_momentum_regime,y_up_5d,l2
2024-06-02 22:00:00,0,1,0.9999993236289898,tech_momentum_regime,y_up_5d,l2
2024-06-03 22:00:00,1,1,0.9999999811093824,tech_momentum_regime,y_up_5d,l2
2024-06-04 22:00:00,1,1,0.9999999979966743,tech_momentum_regime,y_up_5d,l2
2024-06-05 22:00:00,1,1,0.9999999999994571,tech_momentum_regime,y_up_5d,l2
2024-06-06 22:00:00,1,1,0.9999999999962119,tech_momentum_regime,y_up_5d,l2
2024-06-09 22:00:00,1,1,1.0,tech_momentum_regime,y_up_5d,l2
2024-06-10 22:00:00,1,1,0.9998347834146858,tech_momentum_regime,y_up_5d,l2
2024-06-11 22:00:00,0,0,0.21624680048704634,tech_momentum_regime,y_up_5d,l2
2024-06-12 22:00:00,0,0,0.010313580302913468,tech_momentum_regime,y_up_5d,l2
2024-06-13 22:00:00,0,0,0.45945063324022056,tech_momentum_regime,y_up_5d,l2
2024-06-16 22:00:00,0,0,9.964322562897421e-05,tech_momentum_regime,y_up_5d,l2
2024-06-17 22:00:00,0,0,0.32156595562133616,tech_momentum_regime,y_up_5d,l2
2024-06-19 22:00:00,1,1,0.9999787955081106,tech_momentum_regime,y_up_5d,l2
2024-06-20 22:00:00,1,1,0.9999999668994957,tech_momentum_regime,y_up_5d,l2
2024-06-23 22:00:00,1,1,0.9999999964570865,tech_momentum_regime,y_up_5d,l2
2024-06-24 22:00:00,1,1,0.9999999988839554,tech_momentum_regime,y_up_5d,l2
2024-06-25 22:00:00,1,1,0.9999993846289988,tech_momentum_regime,y_up_5d,l2
2024-06-26 22:00:00,1,1,0.9999999201239741,tech_momentum_regime,y_up_5d,l2
2024-06-27 22:00:00,1,1,0.999999999999365,tech_momentum_regime,y_up_5d,l2
2024-06-30 22:00:00,1,1,0.9999999991406674,tech_momentum_regime,y_up_5d,l2
2024-07-01 22:00:00,1,1,0.9999999346078482,tech_momentum_regime,y_up_5d,l2
2024-07-02 22:00:00,1,1,0.9999999750669006,tech_momentum_regime,y_up_5d,l2
2024-07-04 22:00:00,1,1,0.9998580459403541,tech_momentum_regime,y_up_5d,l2
2024-07-07 22:00:00,1,1,0.9962380457057792,tech_momentum_regime,y_up_5d,l2
2024-07-08 22:00:00,1,1,0.9764311252128622,tech_momentum_regime,y_up_5d,l2
2024-07-09 22:00:00,0,0,0.001193789052452436,tech_momentum_regime,y_up_5d,l2
2024-07-10 22:00:00,0,1,0.997630215972161,tech_momentum_regime,y_up_5d,l2
2024-07-11 22:00:00,0,0,0.0516722644012328,tech_momentum_regime,y_up_5d,l2
2024-07-14 22:00:00,0,0,5.404739739198597e-07,tech_momentum_regime,y_up_5d,l2
2024-07-15 22:00:00,0,0,2.800269830726339e-09,tech_momentum_regime,y_up_5d,l2
2024-07-16 22:00:00,0,0,9.939542341463191e-06,tech_momentum_regime,y_up_5d,l2
2024-07-17 22:00:00,0,0,0.05356645788791154,tech_momentum_regime,y_up_5d,l2
2024-07-18 22:00:00,0,0,0.03296153696574606,tech_momentum_regime,y_up_5d,l2
2024-07-21 22:00:00,0,0,0.015838682519343433,tech_momentum_regime,y_up_5d,l2
2024-07-22 22:00:00,0,0,0.0001484853549986165,tech_momentum_regime,y_up_5d,l2
2024-07-23 22:00:00,1,1,0.7450618137786328,tech_momentum_regime,y_up_5d,l2
2024-07-24 22:00:00,1,0,0.19991564269413367,tech_momentum_regime,y_up_5d,l2
2024-07-25 22:00:00,1,0,0.00964114765523433,tech_momentum_regime,y_up_5d,l2
2024-07-28 22:00:00,0,0,0.0014424046501455442,tech_momentum_regime,y_up_5d,l2
2024-07-29 22:00:00,0,0,0.0001786277889682414,tech_momentum_regime,y_up_5d,l2
2024-07-30 22:00:00,0,0,9.963048428112893e-08,tech_momentum_regime,y_up_5d,l2
2024-07-31 22:00:00,0,0,0.002283621471149468,tech_momentum_regime,y_up_5d,l2
2024-08-01 22:00:00,0,0,0.00011814707754177925,tech_momentum_regime,y_up_5d,l2
2024-08-04 22:00:00,1,1,0.9999997499227334,tech_momentum_regime,y_up_5d,l2
2024-08-05 22:00:00,1,1,0.9999999999933589,tech_momentum_regime,y_up_5d,l2
2024-08-06 22:00:00,1,1,0.9999999999943718,tech_momentum_regime,y_up_5d,l2
2024-08-07 22:00:00,1,1,0.9999999977903888,tech_momentum_regime,y_up_5d,l2
2024-08-08 22:00:00,1,1,0.9999998463799497,tech_momentum_regime,y_up_5d,l2
2024-08-11 22:00:00,1,1,0.9999984193275772,tech_momentum_regime,y_up_5d,l2
2024-08-12 22:00:00,1,1,0.9997846719880833,tech_momentum_regime,y_up_5d,l2
2024-08-13 22:00:00,1,1,0.9999783314772672,tech_momentum_regime,y_up_5d,l2
2024-08-14 22:00:00,0,1,0.9970792692906053,tech_momentum_regime,y_up_5d,l2
2024-08-15 22:00:00,1,1,0.982621608648763,tech_momentum_regime,y_up_5d,l2
2024-08-18 22:00:00,1,1,0.9933992177679134,tech_momentum_regime,y_up_5d,l2
2024-08-19 22:00:00,1,1,0.9932807243364737,tech_momentum_regime,y_up_5d,l2
2024-08-20 22:00:00,1,1,0.990145432191852,tech_momentum_regime,y_up_5d,l2
2024-08-21 22:00:00,1,1,0.9994305045310241,tech_momentum_regime,y_up_5d,l2
2024-08-22 22:00:00,1,1,0.8935469591804767,tech_momentum_regime,y_up_5d,l2
2024-08-25 22:00:00,0,0,0.37546884929925356,tech_momentum_regime,y_up_5d,l2
2024-08-26 22:00:00,0,0,0.0197674789146693,tech_momentum_regime,y_up_5d,l2
2024-08-27 22:00:00,0,0,0.107769589473573,tech_momentum_regime,y_up_5d,l2
2024-08-28 22:00:00,0,0,2.0906917338035817e-05,tech_momentum_regime,y_up_5d,l2
2024-08-29 22:00:00,0,0,1.1135393100766903e-05,tech_momentum_regime,y_up_5d,l2
2024-09-02 22:00:00,0,1,0.9073131593274207,tech_momentum_regime,y_up_5d,l2
2024-09-03 22:00:00,1,1,0.941902369753802,tech_momentum_regime,y_up_5d,l2
2024-09-04 22:00:00,1,0,0.2859393053836261,tech_momentum_regime,y_up_5d,l2
2024-09-05 22:00:00,1,1,0.8928461174565918,tech_momentum_regime,y_up_5d,l2
2024-09-08 22:00:00,0,1,0.7256552946744683,tech_momentum_regime,y_up_5d,l2
2024-09-09 22:00:00,0,1,0.9776690287245068,tech_momentum_regime,y_up_5d,l2
2024-09-10 22:00:00,0,1,0.5399988882509912,tech_momentum_regime,y_up_5d,l2
2024-09-11 22:00:00,1,1,0.8506089961921673,tech_momentum_regime,y_up_5d,l2
2024-09-12 22:00:00,1,1,0.9596343325170472,tech_momentum_regime,y_up_5d,l2
2024-09-15 22:00:00,1,1,0.9999999771909404,tech_momentum_regime,y_up_5d,l2
2024-09-16 22:00:00,1,1,0.9999999973962352,tech_momentum_regime,y_up_5d,l2
2024-09-17 22:00:00,1,1,0.9999999723760783,tech_momentum_regime,y_up_5d,l2
2024-09-18 22:00:00,0,0,0.31594426071022513,tech_momentum_regime,y_up_5d,l2
2024-09-19 22:00:00,0,0,0.4080934820328045,tech_momentum_regime,y_up_5d,l2
2024-09-22 22:00:00,1,1,0.9485883636231197,tech_momentum_regime,y_up_5d,l2
2024-09-23 22:00:00,0,1,0.8954418823677345,tech_momentum_regime,y_up_5d,l2
2024-09-24 22:00:00,1,1,0.9695344396220021,tech_momentum_regime,y_up_5d,l2
2024-09-25 22:00:00,0,1,0.866151995505444,tech_momentum_regime,y_up_5d,l2
2024-09-26 22:00:00,0,1,0.7791873904868701,tech_momentum_regime,y_up_5d,l2
2024-09-29 22:00:00,0,0,1.8394217034049468e-05,tech_momentum_regime,y_up_5d,l2
2024-09-30 22:00:00,0,1,0.9599258891518854,tech_momentum_regime,y_up_5d,l2
2024-10-01 22:00:00,1,1,0.9275230917686659,tech_momentum_regime,y_up_5d,l2
2024-10-02 22:00:00,1,1,0.9982359643413504,tech_momentum_regime,y_up_5d,l2
2024-10-03 22:00:00,1,1,0.9983552582308153,tech_momentum_regime,y_up_5d,l2
2024-10-06 22:00:00,1,1,0.9999999989439605,tech_momentum_regime,y_up_5d,l2
2024-10-07 22:00:00,1,1,0.9999943840602565,tech_momentum_regime,y_up_5d,l2
2024-10-08 22:00:00,1,1,0.9978121164960665,tech_momentum_regime,y_up_5d,l2
2024-10-09 22:00:00,1,1,0.9996552975283904,tech_momentum_regime,y_up_5d,l2
2024-10-10 22:00:00,1,1,0.9999966797520596,tech_momentum_regime,y_up_5d,l2
2024-10-13 22:00:00,1,1,0.9874544505129035,tech_momentum_regime,y_up_5d,l2
2024-10-14 22:00:00,1,1,0.7281038270831671,tech_momentum_regime,y_up_5d,l2
2024-10-15 22:00:00,0,1,0.9896711926742007,tech_momentum_regime,y_up_5d,l2
2024-10-16 22:00:00,0,1,0.9916884006570346,tech_momentum_regime,y_up_5d,l2
2024-10-17 22:00:00,0,0,0.03212893596923292,tech_momentum_regime,y_up_5d,l2
2024-10-20 22:00:00,0,0,0.0006873070511203705,tech_momentum_regime,y_up_5d,l2
2024-10-21 22:00:00,0,0,0.000126455702040431,tech_momentum_regime,y_up_5d,l2
2024-10-22 22:00:00,0,0,0.4292510390265214,tech_momentum_regime,y_up_5d,l2
2024-10-23 22:00:00,0,0,0.03275102155095723,tech_momentum_regime,y_up_5d,l2
2024-10-24 22:00:00,0,0,0.007622223431690227,tech_momentum_regime,y_up_5d,l2
2024-10-27 23:00:00,0,0,1.3665216493522828e-05,tech_momentum_regime,y_up_5d,l2
2024-10-28 23:00:00,0,0,3.053571825521484e-07,tech_momentum_regime,y_up_5d,l2
2024-10-29 23:00:00,0,0,0.00011117803984711614,tech_momentum_regime,y_up_5d,l2
2024-10-30 23:00:00,1,0,0.3879819771762026,tech_momentum_regime,y_up_5d,l2
2024-10-31 23:00:00,1,1,0.9938817718217048,tech_momentum_regime,y_up_5d,l2
2024-11-03 23:00:00,1,1,0.9995128797210721,tech_momentum_regime,y_up_5d,l2
2024-11-04 23:00:00,1,1,0.9954008646242589,tech_momentum_regime,y_up_5d,l2
2024-11-05 23:00:00,1,1,0.9993775876215432,tech_momentum_regime,y_up_5d,l2
2024-11-06 23:00:00,1,0,0.02595965425575571,tech_momentum_regime,y_up_5d,l2
2024-11-07 23:00:00,0,0,0.09456786623693446,tech_momentum_regime,y_up_5d,l2
2024-11-10 23:00:00,1,1,0.9931556364476587,tech_momentum_regime,y_up_5d,l2
2024-11-11 23:00:00,1,1,0.999594219789637,tech_momentum_regime,y_up_5d,l2
2024-11-12 23:00:00,1,1,0.9998713870637692,tech_momentum_regime,y_up_5d,l2
2024-11-13 23:00:00,1,1,0.9947998871150022,tech_momentum_regime,y_up_5d,l2
2024-11-14 23:00:00,1,1,0.9999982723755882,tech_momentum_regime,y_up_5d,l2
2024-11-17 23:00:00,1,1,0.9999372138477063,tech_momentum_regime,y_up_5d,l2
2024-11-18 23:00:00,1,1,0.9999959883929649,tech_momentum_regime,y_up_5d,l2
2024-11-19 23:00:00,1,1,0.9999995924789369,tech_momentum_regime,y_up_5d,l2
2024-11-20 23:00:00,1,1,0.9999999973591562,tech_momentum_regime,y_up_5d,l2
2024-11-21 23:00:00,1,1,0.999999995767584,tech_momentum_regime,y_up_5d,l2
2024-11-24 23:00:00,1,1,0.9999998807314245,tech_momentum_regime,y_up_5d,l2
2024-11-25 23:00:00,1,1,0.9999996017485097,tech_momentum_regime,y_up_5d,l2
2024-11-26 23:00:00,1,1,0.9999999752565505,tech_momentum_regime,y_up_5d,l2
2024-11-28 23:00:00,1,1,0.9999998095453954,tech_momentum_regime,y_up_5d,l2
2024-12-01 23:00:00,1,1,0.999998785804758,tech_momentum_regime,y_up_5d,l2
2024-12-02 23:00:00,1,1,0.9999032981105799,tech_momentum_regime,y_up_5d,l2
2024-12-03 23:00:00,1,1,0.9999705606143328,tech_momentum_regime,y_up_5d,l2
2024-12-04 23:00:00,1,1,0.9999964245585666,tech_momentum_regime,y_up_5d,l2
2024-12-05 23:00:00,1,1,0.9999997728118216,tech_momentum_regime,y_up_5d,l2
2024-12-08 23:00:00,1,1,0.9997382207729006,tech_momentum_regime,y_up_5d,l2
2024-12-09 23:00:00,1,1,0.9995190558364117,tech_momentum_regime,y_up_5d,l2
2024-12-10 23:00:00,1,1,0.9999978715119394,tech_momentum_regime,y_up_5d,l2
2024-12-11 23:00:00,1,1,0.9999898558725555,tech_momentum_regime,y_up_5d,l2
2024-12-12 23:00:00,1,1,0.999999162005199,tech_momentum_regime,y_up_5d,l2
2024-12-15 23:00:00,1,1,0.9998713035659962,tech_momentum_regime,y_up_5d,l2
2024-12-16 23:00:00,1,1,0.9768394435001697,tech_momentum_regime,y_up_5d,l2
2024-12-17 23:00:00,1,1,0.9999999677507406,tech_momentum_regime,y_up_5d,l2
2024-12-18 23:00:00,1,1,0.9999781820605477,tech_momentum_regime,y_up_5d,l2
2024-12-19 23:00:00,0,0,0.09182091174235245,tech_momentum_regime,y_up_5d,l2
