,contract_name,last_trade_date,strike,last_price,bid,ask,change,change,volume,open_interest,implied_volatility,expiry_sheet,expiry_date,option_type,dte,date,dte_bucket
0,BRKB250620C00190000,2025-06-16 09:32:00,190,300.61,0.00,0.00,0.00,0.00%,5.0,0.0,0.0,"Jun 20, 2025",2025-06-20,call,3,2025-06-16,short
1,BRKB250620C00200000,2025-06-13 14:42:00,200,286.81,0.00,0.00,0.00,0.00%,10.0,0.0,0.0,"Jun 20, 2025",2025-06-20,call,6,2025-06-13,short
2,BRKB250620C00210000,2025-02-06 14:30:00,210,292.22,0.00,0.00,0.00,0.00%,10.0,0.0,0.0,"Jun 20, 2025",2025-06-20,call,133,2025-02-06,long
3,BRKB250620C00220000,2025-03-06 09:42:00,220,282.07,0.00,0.00,0.00,0.00%,29.0,0.0,0.0,"Jun 20, 2025",2025-06-20,call,105,2025-03-06,long
4,BRKB250620C00230000,2025-03-06 09:46:00,230,271.33,0.00,0.00,0.00,0.00%,7.0,0.0,0.0,"Jun 20, 2025",2025-06-20,call,105,2025-03-06,long
5,BRKB250620C00240000,2025-06-13 14:46:00,240,246.88,0.00,0.00,0.00,0.00%,10.0,0.0,0.0,"Jun 20, 2025",2025-06-20,call,6,2025-06-13,short
6,BRKB250620C00250000,2025-06-16 10:18:00,250,241.11,0.00,0.00,0.00,0.00%,5.0,0.0,0.0,"Jun 20, 2025",2025-06-20,call,3,2025-06-16,short
7,BRKB250620C00260000,2025-06-16 10:18:00,260,231.12,0.00,0.00,0.00,0.00%,5.0,0.0,0.0,"Jun 20, 2025",2025-06-20,call,3,2025-06-16,short
8,BRKB250620C00270000,2025-06-16 13:56:00,270,219.55,0.00,0.00,0.00,0.00%,9.0,0.0,0.0,"Jun 20, 2025",2025-06-20,call,3,2025-06-16,short
9,BRKB250620C00280000,2025-06-13 09:48:00,280,208.37,0.00,0.00,0.00,0.00%,6.0,0.0,0.0,"Jun 20, 2025",2025-06-20,call,6,2025-06-13,short
10,BRKB250620C00290000,2025-04-06 13:07:00,290,204.02,0.00,0.00,0.00,0.00%,2.0,0.0,0.0,"Jun 20, 2025",2025-06-20,call,74,2025-04-06,long
11,BRKB250620C00300000,2025-06-13 15:04:00,300,187.18,0.00,0.00,0.00,0.00%,1.0,0.0,0.0,"Jun 20, 2025",2025-06-20,call,6,2025-06-13,short
12,BRKB250620C00310000,2025-06-16 11:11:00,310,180.60,0.00,0.00,0.00,0.00%,2.0,0.0,0.0,"Jun 20, 2025",2025-06-20,call,3,2025-06-16,short
13,BRKB250620C00320000,2025-06-16 15:31:00,320,170.40,0.00,0.00,0.00,0.00%,1.0,0.0,0.0,"Jun 20, 2025",2025-06-20,call,3,2025-06-16,short
14,BRKB250620C00330000,2025-06-16 11:12:00,330,160.50,0.00,0.00,0.00,0.00%,1.0,0.0,0.0,"Jun 20, 2025",2025-06-20,call,3,2025-06-16,short
15,BRKB250620C00340000,2025-06-16 14:15:00,340,150.85,0.00,0.00,0.00,0.00%,388.0,0.0,0.0,"Jun 20, 2025",2025-06-20,call,3,2025-06-16,short
16,BRKB250620C00350000,2025-06-16 11:17:00,350,140.80,0.00,0.00,0.00,0.00%,2.0,0.0,0.0,"Jun 20, 2025",2025-06-20,call,3,2025-06-16,short
19,BRKB250620C00370000,2025-06-16 11:13:00,370,120.50,0.00,0.00,0.00,0.00%,2.0,0.0,0.0,"Jun 20, 2025",2025-06-20,call,3,2025-06-16,short
20,BRKB250620C00375000,2025-06-17 10:42:00,375,112.59,0.00,0.00,0.00,0.00%,2.0,0.0,0.0,"Jun 20, 2025",2025-06-20,call,2,2025-06-17,short
21,BRKB250620C00380000,2025-06-17 15:43:00,380,103.90,0.00,0.00,0.00,0.00%,8.0,0.0,0.0,"Jun 20, 2025",2025-06-20,call,2,2025-06-17,short
22,BRKB250620C00385000,2025-06-16 15:51:00,385,105.25,0.00,0.00,0.00,0.00%,2.0,0.0,0.0,"Jun 20, 2025",2025-06-20,call,3,2025-06-16,short
23,BRKB250620C00390000,2025-06-16 10:41:00,390,100.80,0.00,0.00,0.00,0.00%,11.0,0.0,0.0,"Jun 20, 2025",2025-06-20,call,3,2025-06-16,short
24,BRKB250620C00395000,2025-06-16 14:46:00,395,95.50,0.00,0.00,0.00,0.00%,8.0,0.0,0.0,"Jun 20, 2025",2025-06-20,call,3,2025-06-16,short
25,BRKB250620C00400000,2025-06-17 15:59:00,400,83.93,0.00,0.00,0.00,0.00%,19.0,0.0,0.0,"Jun 20, 2025",2025-06-20,call,2,2025-06-17,short
26,BRKB250620C00405000,2025-06-16 14:25:00,405,85.60,0.00,0.00,0.00,0.00%,26.0,0.0,0.0,"Jun 20, 2025",2025-06-20,call,3,2025-06-16,short
27,BRKB250620C00410000,2025-06-17 10:08:00,410,77.85,0.00,0.00,0.00,0.00%,2.0,0.0,0.0,"Jun 20, 2025",2025-06-20,call,2,2025-06-17,short
28,BRKB250620C00415000,2025-06-16 15:57:00,415,75.70,0.00,0.00,0.00,0.00%,52.0,0.0,0.0,"Jun 20, 2025",2025-06-20,call,3,2025-06-16,short
29,BRKB250620C00420000,2025-06-17 15:58:00,420,64.15,0.00,0.00,0.00,0.00%,13.0,0.0,0.0,"Jun 20, 2025",2025-06-20,call,2,2025-06-17,short
30,BRKB250620C00425000,2025-06-17 09:30:00,425,64.35,0.00,0.00,0.00,0.00%,2.0,0.0,0.0,"Jun 20, 2025",2025-06-20,call,2,2025-06-17,short
31,BRKB250620C00430000,2025-06-16 15:18:00,430,59.90,0.00,0.00,0.00,0.00%,6.0,0.0,0.0,"Jun 20, 2025",2025-06-20,call,3,2025-06-16,short
32,BRKB250620C00435000,2025-06-17 14:38:00,435,49.05,0.00,0.00,0.00,0.00%,16.0,0.0,0.0,"Jun 20, 2025",2025-06-20,call,2,2025-06-17,short
33,BRKB250620C00440000,2025-06-17 10:34:00,440,48.40,0.00,0.00,0.00,0.00%,2.0,0.0,0.0,"Jun 20, 2025",2025-06-20,call,2,2025-06-17,short
34,BRKB250620C00445000,2025-06-17 15:12:00,445,39.68,0.00,0.00,0.00,0.00%,13.0,0.0,0.0,"Jun 20, 2025",2025-06-20,call,2,2025-06-17,short
35,BRKB250620C00450000,2025-06-17 15:51:00,450,36.30,0.00,0.00,0.00,0.00%,49.0,0.0,0.0,"Jun 20, 2025",2025-06-20,call,2,2025-06-17,short
36,BRKB250620C00455000,2025-06-17 14:38:00,455,29.30,0.00,0.00,0.00,0.00%,10.0,0.0,0.0,"Jun 20, 2025",2025-06-20,call,2,2025-06-17,short
37,BRKB250620C00460000,2025-06-17 15:17:00,460,24.73,0.00,0.00,0.00,0.00%,12.0,0.0,0.0,"Jun 20, 2025",2025-06-20,call,2,2025-06-17,short
38,BRKB250620C00465000,2025-06-17 12:18:00,465,21.25,0.00,0.00,0.00,0.00%,4.0,0.0,0.0,"Jun 20, 2025",2025-06-20,call,2,2025-06-17,short
39,BRKB250620C00470000,2025-06-17 15:34:00,470,14.94,0.00,0.00,0.00,0.00%,17.0,0.0,0.0,"Jun 20, 2025",2025-06-20,call,2,2025-06-17,short
40,BRKB250620C00475000,2025-06-17 15:56:00,475,10.30,0.00,0.00,0.00,0.00%,38.0,0.0,0.0,"Jun 20, 2025",2025-06-20,call,2,2025-06-17,short
41,BRKB250620C00480000,2025-06-17 15:57:00,480,5.70,0.00,0.00,0.00,0.00%,122.0,0.0,0.0,"Jun 20, 2025",2025-06-20,call,2,2025-06-17,short
42,BRKB250620C00482500,2025-06-17 15:57:00,482.5,4.15,0.00,0.00,0.00,0.00%,10.0,0.0,0.0,"Jun 20, 2025",2025-06-20,call,2,2025-06-17,short
43,BRKB250620C00485000,2025-06-17 15:59:00,485,2.60,0.00,0.00,0.00,0.00%,650.0,0.0,0.0078000000000000005,"Jun 20, 2025",2025-06-20,call,2,2025-06-17,short
44,BRKB250620C00487500,2025-06-17 15:59:00,487.5,1.57,0.00,0.00,0.00,0.00%,682.0,0.0,0.0313,"Jun 20, 2025",2025-06-20,call,2,2025-06-17,short
45,BRKB250620C00490000,2025-06-17 15:57:00,490,1.01,0.00,0.00,0.00,0.00%,571.0,0.0,0.0313,"Jun 20, 2025",2025-06-20,call,2,2025-06-17,short
46,BRKB250620C00492500,2025-06-17 15:58:00,492.5,0.60,0.00,0.00,0.00,0.00%,578.0,0.0,0.0625,"Jun 20, 2025",2025-06-20,call,2,2025-06-17,short
47,BRKB250620C00495000,2025-06-17 15:59:00,495,0.37,0.00,0.00,0.00,0.00%,1.789,0.0,0.0625,"Jun 20, 2025",2025-06-20,call,2,2025-06-17,short
48,BRKB250620C00497500,2025-06-17 15:59:00,497.5,0.24,0.00,0.00,0.00,0.00%,429.0,0.0,0.0625,"Jun 20, 2025",2025-06-20,call,2,2025-06-17,short
49,BRKB250620C00500000,2025-06-17 15:57:00,500,0.18,0.00,0.00,0.00,0.00%,535.0,0.0,0.0625,"Jun 20, 2025",2025-06-20,call,2,2025-06-17,short
50,BRKB250620C00502500,2025-06-17 15:58:00,502.5,0.14,0.00,0.00,0.00,0.00%,254.0,0.0,0.125,"Jun 20, 2025",2025-06-20,call,2,2025-06-17,short
51,BRKB250620C00505000,2025-06-17 15:42:00,505,0.12,0.00,0.00,0.00,0.00%,255.0,0.0,0.125,"Jun 20, 2025",2025-06-20,call,2,2025-06-17,short
52,BRKB250620C00507500,2025-06-17 15:50:00,507.5,0.08,0.00,0.00,0.00,0.00%,15.0,0.0,0.125,"Jun 20, 2025",2025-06-20,call,2,2025-06-17,short
53,BRKB250620C00510000,2025-06-17 15:56:00,510,0.07,0.00,0.00,0.00,0.00%,116.0,0.0,0.125,"Jun 20, 2025",2025-06-20,call,2,2025-06-17,short
54,BRKB250620C00512500,2025-06-17 15:53:00,512.5,0.07,0.00,0.00,0.00,0.00%,26.0,0.0,0.125,"Jun 20, 2025",2025-06-20,call,2,2025-06-17,short
55,BRKB250620C00515000,2025-06-17 15:57:00,515,0.06,0.00,0.00,0.00,0.00%,63.0,0.0,0.125,"Jun 20, 2025",2025-06-20,call,2,2025-06-17,short
56,BRKB250620C00517500,2025-06-17 15:16:00,517.5,0.05,0.00,0.00,0.00,0.00%,28.0,0.0,0.125,"Jun 20, 2025",2025-06-20,call,2,2025-06-17,short
57,BRKB250620C00520000,2025-06-17 15:16:00,520,0.03,0.00,0.00,0.00,0.00%,288.0,0.0,0.125,"Jun 20, 2025",2025-06-20,call,2,2025-06-17,short
58,BRKB250620C00522500,2025-06-17 15:16:00,522.5,0.04,0.00,0.00,0.00,0.00%,28.0,0.0,0.25,"Jun 20, 2025",2025-06-20,call,2,2025-06-17,short
59,BRKB250620C00525000,2025-06-17 15:37:00,525,0.03,0.00,0.00,0.00,0.00%,590.0,0.0,0.25,"Jun 20, 2025",2025-06-20,call,2,2025-06-17,short
60,BRKB250620C00527500,2025-06-17 14:56:00,527.5,0.03,0.00,0.00,0.00,0.00%,12.0,0.0,0.25,"Jun 20, 2025",2025-06-20,call,2,2025-06-17,short
61,BRKB250620C00530000,2025-06-17 15:15:00,530,0.03,0.00,0.00,0.00,0.00%,52.0,0.0,0.25,"Jun 20, 2025",2025-06-20,call,2,2025-06-17,short
62,BRKB250620C00532500,2025-06-16 10:12:00,532.5,0.05,0.00,0.00,0.00,0.00%,4.0,0.0,0.25,"Jun 20, 2025",2025-06-20,call,3,2025-06-16,short
63,BRKB250620C00535000,2025-06-17 13:33:00,535,0.02,0.00,0.00,0.00,0.00%,14.0,0.0,0.25,"Jun 20, 2025",2025-06-20,call,2,2025-06-17,short
64,BRKB250620C00537500,2025-06-17 11:31:00,537.5,0.01,0.00,0.00,0.00,0.00%,1.0,0.0,0.25,"Jun 20, 2025",2025-06-20,call,2,2025-06-17,short
65,BRKB250620C00540000,2025-06-17 14:24:00,540,0.02,0.00,0.00,0.00,0.00%,12.0,0.0,0.25,"Jun 20, 2025",2025-06-20,call,2,2025-06-17,short
66,BRKB250620C00545000,2025-06-17 15:47:00,545,0.01,0.00,0.00,0.00,0.00%,18.0,0.0,0.25,"Jun 20, 2025",2025-06-20,call,2,2025-06-17,short
67,BRKB250620C00550000,2025-06-17 15:43:00,550,0.01,0.00,0.00,0.00,0.00%,26.0,0.0,0.25,"Jun 20, 2025",2025-06-20,call,2,2025-06-17,short
68,BRKB250620C00555000,2025-06-17 15:26:00,555,0.01,0.00,0.00,0.00,0.00%,163.0,0.0,0.25,"Jun 20, 2025",2025-06-20,call,2,2025-06-17,short
69,BRKB250620C00560000,2025-06-17 10:06:00,560,0.02,0.00,0.00,0.00,0.00%,2.0,0.0,0.25,"Jun 20, 2025",2025-06-20,call,2,2025-06-17,short
70,BRKB250620C00565000,2025-06-17 10:08:00,565,0.02,0.00,0.00,0.00,0.00%,2.0,0.0,0.25,"Jun 20, 2025",2025-06-20,call,2,2025-06-17,short
71,BRKB250620C00570000,2025-06-16 11:14:00,570,0.01,0.00,0.00,0.00,0.00%,11.0,0.0,0.5,"Jun 20, 2025",2025-06-20,call,3,2025-06-16,short
72,BRKB250620C00575000,2025-06-16 09:30:00,575,0.02,0.00,0.00,0.00,0.00%,50.0,0.0,0.5,"Jun 20, 2025",2025-06-20,call,3,2025-06-16,short
73,BRKB250620C00580000,2025-06-16 09:39:00,580,0.02,0.00,0.00,0.00,0.00%,1.0,0.0,0.5,"Jun 20, 2025",2025-06-20,call,3,2025-06-16,short
74,BRKB250620C00585000,2025-05-19 12:40:00,585,0.16,0.00,0.00,0.00,0.00%,,0.0,0.5,"Jun 20, 2025",2025-06-20,call,31,2025-05-19,medium
75,BRKB250620C00590000,2025-03-06 15:03:00,590,0.06,0.00,0.00,0.00,0.00%,3.0,0.0,0.5,"Jun 20, 2025",2025-06-20,call,105,2025-03-06,long
77,BRKB250620C00600000,2025-06-17 10:00:00,600,0.01,0.00,0.00,0.00,0.00%,4.0,0.0,0.5,"Jun 20, 2025",2025-06-20,call,2,2025-06-17,short
80,BRKB250620C00620000,2025-05-22 10:04:00,620,0.05,0.00,0.00,0.00,0.00%,10.0,0.0,0.5,"Jun 20, 2025",2025-06-20,call,28,2025-05-22,medium
81,BRKB250620C00630000,2025-05-23 10:28:00,630,0.08,0.00,0.00,0.00,0.00%,1.0,0.0,0.5,"Jun 20, 2025",2025-06-20,call,27,2025-05-23,medium
82,BRKB250620C00640000,2025-03-06 10:58:00,640,0.01,0.00,0.00,0.00,0.00%,6.0,0.0,0.5,"Jun 20, 2025",2025-06-20,call,105,2025-03-06,long
83,BRKB250620C00650000,2025-03-06 11:00:00,650,0.01,0.00,0.00,0.00,0.00%,7.0,0.0,0.5,"Jun 20, 2025",2025-06-20,call,105,2025-03-06,long
84,BRKB250620C00660000,2025-05-30 13:20:00,660,0.03,0.00,0.00,0.00,0.00%,5.0,0.0,0.5,"Jun 20, 2025",2025-06-20,call,20,2025-05-30,medium
85,BRKB250620C00670000,2025-05-16 11:43:00,670,0.02,0.00,0.02,0.00,0.00%,1.0,21.0,1.125,"Jun 20, 2025",2025-06-20,call,34,2025-05-16,medium
86,BRKB250620C00680000,2025-05-16 10:30:00,680,0.02,0.00,0.02,0.00,0.00%,1.0,205.0,1.1562999999999999,"Jun 20, 2025",2025-06-20,call,34,2025-05-16,medium
91,BRKB250620P00190000,2025-05-23 15:02:00,190,0.01,0.00,0.00,0.00,0.00%,2.0,0.0,0.5,"Jun 20, 2025",2025-06-20,put,27,2025-05-23,medium
92,BRKB250620P00200000,2025-04-29 10:14:00,200,0.03,0.00,0.22,0.00,0.00%,1.0,1.818,3.6172000000000004,"Jun 20, 2025",2025-06-20,put,51,2025-04-29,long
94,BRKB250620P00220000,2025-05-19 09:30:00,220,0.01,0.00,0.00,0.00,0.00%,1.0,0.0,0.5,"Jun 20, 2025",2025-06-20,put,31,2025-05-19,medium
95,BRKB250620P00230000,2025-04-29 14:43:00,230,0.01,0.00,0.02,0.00,0.00%,1.0,31.0,2.5,"Jun 20, 2025",2025-06-20,put,51,2025-04-29,long
96,BRKB250620P00240000,2025-05-23 14:18:00,240,0.01,0.00,0.00,0.00,0.00%,100.0,0.0,0.5,"Jun 20, 2025",2025-06-20,put,27,2025-05-23,medium
100,BRKB250620P00280000,2025-05-14 12:08:00,280,0.01,0.00,0.02,0.00,0.00%,2.0,85.0,1.875,"Jun 20, 2025",2025-06-20,put,36,2025-05-14,medium
103,BRKB250620P00310000,2025-04-06 12:29:00,310,0.02,0.00,0.00,0.00,0.00%,100.0,0.0,0.5,"Jun 20, 2025",2025-06-20,put,74,2025-04-06,long
104,BRKB250620P00320000,2025-06-13 15:33:00,320,0.01,0.00,0.00,0.00,0.00%,3.0,0.0,0.5,"Jun 20, 2025",2025-06-20,put,6,2025-06-13,short
106,BRKB250620P00340000,2025-06-13 11:50:00,340,0.01,0.00,0.00,0.00,0.00%,3.0,0.0,0.5,"Jun 20, 2025",2025-06-20,put,6,2025-06-13,short
107,BRKB250620P00350000,2025-06-13 11:50:00,350,0.01,0.00,0.00,0.00,0.00%,2.0,0.0,0.5,"Jun 20, 2025",2025-06-20,put,6,2025-06-13,short
110,BRKB250620P00370000,2025-06-17 11:34:00,370,0.01,0.00,0.00,0.00,0.00%,1.0,0.0,0.5,"Jun 20, 2025",2025-06-20,put,2,2025-06-17,short
111,BRKB250620P00375000,2025-06-16 09:57:00,375,0.01,0.00,0.00,0.00,0.00%,5.0,0.0,0.5,"Jun 20, 2025",2025-06-20,put,3,2025-06-16,short
112,BRKB250620P00380000,2025-06-17 15:53:00,380,0.03,0.00,0.00,0.00,0.00%,1.0,0.0,0.5,"Jun 20, 2025",2025-06-20,put,2,2025-06-17,short
113,BRKB250620P00385000,2025-06-17 14:45:00,385,0.03,0.00,0.00,0.00,0.00%,1.0,0.0,0.5,"Jun 20, 2025",2025-06-20,put,2,2025-06-17,short
114,BRKB250620P00390000,2025-06-16 14:52:00,390,0.01,0.00,0.00,0.00,0.00%,30.0,0.0,0.5,"Jun 20, 2025",2025-06-20,put,3,2025-06-16,short
116,BRKB250620P00400000,2025-06-17 14:23:00,400,0.02,0.00,0.00,0.00,0.00%,101.0,0.0,0.5,"Jun 20, 2025",2025-06-20,put,2,2025-06-17,short
117,BRKB250620P00405000,2025-06-17 15:59:00,405,0.02,0.00,0.00,0.00,0.00%,22.0,0.0,0.5,"Jun 20, 2025",2025-06-20,put,2,2025-06-17,short
118,BRKB250620P00410000,2025-06-17 11:19:00,410,0.04,0.00,0.00,0.00,0.00%,11.0,0.0,0.5,"Jun 20, 2025",2025-06-20,put,2,2025-06-17,short
119,BRKB250620P00415000,2025-06-17 12:57:00,415,0.04,0.00,0.00,0.00,0.00%,1.0,0.0,0.25,"Jun 20, 2025",2025-06-20,put,2,2025-06-17,short
120,BRKB250620P00420000,2025-06-17 15:53:00,420,0.06,0.00,0.00,0.00,0.00%,10.0,0.0,0.25,"Jun 20, 2025",2025-06-20,put,2,2025-06-17,short
121,BRKB250620P00425000,2025-06-17 15:32:00,425,0.05,0.00,0.00,0.00,0.00%,41.0,0.0,0.25,"Jun 20, 2025",2025-06-20,put,2,2025-06-17,short
122,BRKB250620P00430000,2025-06-17 15:21:00,430,0.05,0.00,0.00,0.00,0.00%,256.0,0.0,0.25,"Jun 20, 2025",2025-06-20,put,2,2025-06-17,short
123,BRKB250620P00435000,2025-06-17 14:25:00,435,0.07,0.00,0.00,0.00,0.00%,12.0,0.0,0.25,"Jun 20, 2025",2025-06-20,put,2,2025-06-17,short
124,BRKB250620P00440000,2025-06-17 15:51:00,440,0.08,0.00,0.00,0.00,0.00%,44.0,0.0,0.25,"Jun 20, 2025",2025-06-20,put,2,2025-06-17,short
125,BRKB250620P00445000,2025-06-17 14:51:00,445,0.10,0.00,0.00,0.00,0.00%,36.0,0.0,0.25,"Jun 20, 2025",2025-06-20,put,2,2025-06-17,short
126,BRKB250620P00450000,2025-06-17 13:35:00,450,0.12,0.00,0.00,0.00,0.00%,28.0,0.0,0.125,"Jun 20, 2025",2025-06-20,put,2,2025-06-17,short
127,BRKB250620P00455000,2025-06-17 14:05:00,455,0.15,0.00,0.00,0.00,0.00%,36.0,0.0,0.125,"Jun 20, 2025",2025-06-20,put,2,2025-06-17,short
128,BRKB250620P00460000,2025-06-17 15:28:00,460,0.17,0.00,0.00,0.00,0.00%,81.0,0.0,0.125,"Jun 20, 2025",2025-06-20,put,2,2025-06-17,short
129,BRKB250620P00465000,2025-06-17 15:20:00,465,0.26,0.00,0.00,0.00,0.00%,67.0,0.0,0.125,"Jun 20, 2025",2025-06-20,put,2,2025-06-17,short
130,BRKB250620P00470000,2025-06-17 15:53:00,470,0.40,0.00,0.00,0.00,0.00%,237.0,0.0,0.0625,"Jun 20, 2025",2025-06-20,put,2,2025-06-17,short
131,BRKB250620P00475000,2025-06-17 15:57:00,475,0.81,0.00,0.00,0.00,0.00%,273.0,0.0,0.0625,"Jun 20, 2025",2025-06-20,put,2,2025-06-17,short
132,BRKB250620P00480000,2025-06-17 15:59:00,480,1.79,0.00,0.00,0.00,0.00%,448.0,0.0,0.015600000000000001,"Jun 20, 2025",2025-06-20,put,2,2025-06-17,short
133,BRKB250620P00482500,2025-06-17 15:54:00,482.5,2.55,0.00,0.00,0.00,0.00%,274.0,0.0,0.0078000000000000005,"Jun 20, 2025",2025-06-20,put,2,2025-06-17,short
134,BRKB250620P00485000,2025-06-17 15:58:00,485,3.74,0.00,0.00,0.00,0.00%,780.0,0.0,0.0,"Jun 20, 2025",2025-06-20,put,2,2025-06-17,short
135,BRKB250620P00487500,2025-06-17 15:52:00,487.5,5.00,0.00,0.00,0.00,0.00%,404.0,0.0,0.0,"Jun 20, 2025",2025-06-20,put,2,2025-06-17,short
136,BRKB250620P00490000,2025-06-17 15:59:00,490,7.25,0.00,0.00,0.00,0.00%,128.0,0.0,0.0,"Jun 20, 2025",2025-06-20,put,2,2025-06-17,short
137,BRKB250620P00492500,2025-06-17 15:02:00,492.5,8.63,0.00,0.00,0.00,0.00%,19.0,0.0,0.0,"Jun 20, 2025",2025-06-20,put,2,2025-06-17,short
138,BRKB250620P00495000,2025-06-17 15:22:00,495,11.02,0.00,0.00,0.00,0.00%,27.0,0.0,0.0,"Jun 20, 2025",2025-06-20,put,2,2025-06-17,short
139,BRKB250620P00497500,2025-06-17 15:31:00,497.5,13.31,0.00,0.00,0.00,0.00%,39.0,0.0,0.0,"Jun 20, 2025",2025-06-20,put,2,2025-06-17,short
140,BRKB250620P00500000,2025-06-17 15:12:00,500,15.89,0.00,0.00,0.00,0.00%,151.0,0.0,0.0,"Jun 20, 2025",2025-06-20,put,2,2025-06-17,short
141,BRKB250620P00502500,2025-06-17 12:23:00,502.5,17.03,0.00,0.00,0.00,0.00%,20.0,0.0,0.0,"Jun 20, 2025",2025-06-20,put,2,2025-06-17,short
142,BRKB250620P00505000,2025-06-17 15:55:00,505,21.51,0.00,0.00,0.00,0.00%,9.0,0.0,0.0,"Jun 20, 2025",2025-06-20,put,2,2025-06-17,short
143,BRKB250620P00507500,2025-06-17 15:53:00,507.5,22.50,0.00,0.00,0.00,0.00%,221.0,0.0,0.0,"Jun 20, 2025",2025-06-20,put,2,2025-06-17,short
144,BRKB250620P00510000,2025-06-17 15:54:00,510,26.40,0.00,0.00,0.00,0.00%,5.707,0.0,0.0,"Jun 20, 2025",2025-06-20,put,2,2025-06-17,short
145,BRKB250620P00512500,2025-06-17 15:53:00,512.5,30.00,0.00,0.00,0.00,0.00%,210.0,0.0,0.0,"Jun 20, 2025",2025-06-20,put,2,2025-06-17,short
146,BRKB250620P00515000,2025-06-17 15:57:00,515,31.05,0.00,0.00,0.00,0.00%,7.342,0.0,0.0,"Jun 20, 2025",2025-06-20,put,2,2025-06-17,short
147,BRKB250620P00517500,2025-05-20 12:59:00,517.5,13.40,0.00,0.00,0.00,0.00%,,0.0,0.0,"Jun 20, 2025",2025-06-20,put,30,2025-05-20,medium
148,BRKB250620P00520000,2025-06-17 15:57:00,520,35.95,0.00,0.00,0.00,0.00%,1.85,0.0,0.0,"Jun 20, 2025",2025-06-20,put,2,2025-06-17,short
149,BRKB250620P00522500,2025-06-16 11:02:00,522.5,31.70,0.00,0.00,0.00,0.00%,20.0,0.0,0.0,"Jun 20, 2025",2025-06-20,put,3,2025-06-16,short
150,BRKB250620P00525000,2025-06-17 15:57:00,525,41.35,0.00,0.00,0.00,0.00%,760.0,0.0,0.0,"Jun 20, 2025",2025-06-20,put,2,2025-06-17,short
151,BRKB250620P00527500,2025-05-30 09:36:00,527.5,23.21,0.00,0.00,0.00,0.00%,2.0,0.0,0.0,"Jun 20, 2025",2025-06-20,put,20,2025-05-30,medium
152,BRKB250620P00530000,2025-06-17 09:30:00,530,41.11,0.00,0.00,0.00,0.00%,1.0,0.0,0.0,"Jun 20, 2025",2025-06-20,put,2,2025-06-17,short
154,BRKB250620P00537500,2025-06-13 12:19:00,537.5,47.00,0.00,0.00,0.00,0.00%,2.0,0.0,0.0,"Jun 20, 2025",2025-06-20,put,6,2025-06-13,short
155,BRKB250620P00540000,2025-06-16 15:42:00,540,50.44,0.00,0.00,0.00,0.00%,6.0,0.0,0.0,"Jun 20, 2025",2025-06-20,put,3,2025-06-16,short
156,BRKB250620P00545000,2025-06-17 15:44:00,545,61.08,0.00,0.00,0.00,0.00%,7.0,0.0,0.0,"Jun 20, 2025",2025-06-20,put,2,2025-06-17,short
157,BRKB250620P00550000,2025-06-16 15:40:00,550,60.51,0.00,0.00,0.00,0.00%,5.0,0.0,0.0,"Jun 20, 2025",2025-06-20,put,3,2025-06-16,short
158,BRKB250620P00555000,2025-06-17 15:45:00,555,71.24,0.00,0.00,0.00,0.00%,2.0,0.0,0.0,"Jun 20, 2025",2025-06-20,put,2,2025-06-17,short
159,BRKB250620P00560000,2025-06-17 15:53:00,560,74.50,0.00,0.00,0.00,0.00%,20.0,0.0,0.0,"Jun 20, 2025",2025-06-20,put,2,2025-06-17,short
160,BRKB250620P00565000,2025-06-16 15:42:00,565,75.45,0.00,0.00,0.00,0.00%,6.0,0.0,0.0,"Jun 20, 2025",2025-06-20,put,3,2025-06-16,short
162,BRKB250620P00575000,2025-06-17 15:45:00,575,91.25,0.00,0.00,0.00,0.00%,9.0,0.0,0.0,"Jun 20, 2025",2025-06-20,put,2,2025-06-17,short
164,BRKB250620P00585000,2025-05-22 15:46:00,585,79.54,0.00,0.00,0.00,0.00%,2.0,0.0,0.0,"Jun 20, 2025",2025-06-20,put,28,2025-05-22,medium
176,BRKB250627C00380000,2025-06-06 10:32:00,380,115.99,0.00,0.00,0.00,0.00%,1.0,0.0,0.0,"Jun 27, 2025",2025-06-27,call,20,2025-06-06,medium
177,BRKB250627C00390000,2025-06-06 12:59:00,390,102.35,0.00,0.00,0.00,0.00%,2.0,0.0,0.0,"Jun 27, 2025",2025-06-27,call,20,2025-06-06,medium
179,BRKB250627C00440000,2025-06-06 14:15:00,440,55.32,0.00,0.00,0.00,0.00%,10.0,0.0,0.0,"Jun 27, 2025",2025-06-27,call,20,2025-06-06,medium
180,BRKB250627C00445000,2025-04-06 10:40:00,445,52.27,0.00,0.00,0.00,0.00%,1.0,0.0,0.0,"Jun 27, 2025",2025-06-27,call,81,2025-04-06,long
182,BRKB250627C00455000,2025-06-17 15:30:00,455,30.58,0.00,0.00,0.00,0.00%,5.0,0.0,0.0,"Jun 27, 2025",2025-06-27,call,9,2025-06-17,short
183,BRKB250627C00460000,2025-06-17 14:17:00,460,25.32,0.00,0.00,0.00,0.00%,4.0,0.0,0.0,"Jun 27, 2025",2025-06-27,call,9,2025-06-17,short
184,BRKB250627C00470000,2025-06-17 14:00:00,470,16.40,0.00,0.00,0.00,0.00%,25.0,0.0,0.0,"Jun 27, 2025",2025-06-27,call,9,2025-06-17,short
185,BRKB250627C00475000,2025-06-17 15:53:00,475,12.07,0.00,0.00,0.00,0.00%,25.0,0.0,0.0,"Jun 27, 2025",2025-06-27,call,9,2025-06-17,short
186,BRKB250627C00477500,2025-06-17 15:53:00,477.5,10.12,0.00,0.00,0.00,0.00%,7.0,0.0,0.0,"Jun 27, 2025",2025-06-27,call,9,2025-06-17,short
187,BRKB250627C00480000,2025-06-17 11:40:00,480,9.60,0.00,0.00,0.00,0.00%,11.0,0.0,0.0,"Jun 27, 2025",2025-06-27,call,9,2025-06-17,short
188,BRKB250627C00482500,2025-06-17 15:58:00,482.5,6.60,0.00,0.00,0.00,0.00%,20.0,0.0,0.0,"Jun 27, 2025",2025-06-27,call,9,2025-06-17,short
189,BRKB250627C00485000,2025-06-17 15:59:00,485,5.20,0.00,0.00,0.00,0.00%,254.0,0.0,0.0039000000000000003,"Jun 27, 2025",2025-06-27,call,9,2025-06-17,short
190,BRKB250627C00487500,2025-06-17 15:47:00,487.5,4.17,0.00,0.00,0.00,0.00%,124.0,0.0,0.015600000000000001,"Jun 27, 2025",2025-06-27,call,9,2025-06-17,short
191,BRKB250627C00490000,2025-06-17 15:54:00,490,3.00,0.00,0.00,0.00,0.00%,246.0,0.0,0.015600000000000001,"Jun 27, 2025",2025-06-27,call,9,2025-06-17,short
192,BRKB250627C00492500,2025-06-17 15:46:00,492.5,2.31,0.00,0.00,0.00,0.00%,44.0,0.0,0.0313,"Jun 27, 2025",2025-06-27,call,9,2025-06-17,short
193,BRKB250627C00495000,2025-06-17 15:59:00,495,1.73,0.00,0.00,0.00,0.00%,913.0,0.0,0.0313,"Jun 27, 2025",2025-06-27,call,9,2025-06-17,short
194,BRKB250627C00497500,2025-06-17 15:30:00,497.5,1.30,0.00,0.00,0.00,0.00%,53.0,0.0,0.0313,"Jun 27, 2025",2025-06-27,call,9,2025-06-17,short
195,BRKB250627C00500000,2025-06-17 15:47:00,500,0.98,0.00,0.00,0.00,0.00%,165.0,0.0,0.0625,"Jun 27, 2025",2025-06-27,call,9,2025-06-17,short
196,BRKB250627C00502500,2025-06-17 15:07:00,502.5,0.61,0.00,0.00,0.00,0.00%,33.0,0.0,0.0625,"Jun 27, 2025",2025-06-27,call,9,2025-06-17,short
197,BRKB250627C00505000,2025-06-17 15:54:00,505,0.53,0.00,0.00,0.00,0.00%,15.0,0.0,0.0625,"Jun 27, 2025",2025-06-27,call,9,2025-06-17,short
198,BRKB250627C00507500,2025-06-17 15:54:00,507.5,0.43,0.00,0.00,0.00,0.00%,16.0,0.0,0.0625,"Jun 27, 2025",2025-06-27,call,9,2025-06-17,short
199,BRKB250627C00510000,2025-06-17 15:58:00,510,0.35,0.00,0.00,0.00,0.00%,225.0,0.0,0.0625,"Jun 27, 2025",2025-06-27,call,9,2025-06-17,short
200,BRKB250627C00512500,2025-06-17 15:16:00,512.5,0.25,0.00,0.00,0.00,0.00%,23.0,0.0,0.0625,"Jun 27, 2025",2025-06-27,call,9,2025-06-17,short
201,BRKB250627C00515000,2025-06-17 15:28:00,515,0.21,0.00,0.00,0.00,0.00%,33.0,0.0,0.0625,"Jun 27, 2025",2025-06-27,call,9,2025-06-17,short
202,BRKB250627C00517500,2025-06-17 15:30:00,517.5,0.19,0.00,0.00,0.00,0.00%,36.0,0.0,0.0625,"Jun 27, 2025",2025-06-27,call,9,2025-06-17,short
203,BRKB250627C00520000,2025-06-17 15:47:00,520,0.20,0.00,0.00,0.00,0.00%,28.0,0.0,0.125,"Jun 27, 2025",2025-06-27,call,9,2025-06-17,short
204,BRKB250627C00525000,2025-06-17 13:19:00,525,0.13,0.00,0.00,0.00,0.00%,2.0,0.0,0.125,"Jun 27, 2025",2025-06-27,call,9,2025-06-17,short
205,BRKB250627C00530000,2025-06-17 14:38:00,530,0.10,0.00,0.00,0.00,0.00%,23.0,0.0,0.125,"Jun 27, 2025",2025-06-27,call,9,2025-06-17,short
206,BRKB250627C00535000,2025-06-16 12:52:00,535,0.11,0.00,0.00,0.00,0.00%,6.0,0.0,0.125,"Jun 27, 2025",2025-06-27,call,10,2025-06-16,short
207,BRKB250627C00540000,2025-06-17 11:05:00,540,0.07,0.00,0.00,0.00,0.00%,1.0,0.0,0.125,"Jun 27, 2025",2025-06-27,call,9,2025-06-17,short
208,BRKB250627C00545000,2025-06-17 15:31:00,545,0.09,0.00,0.00,0.00,0.00%,2.0,0.0,0.125,"Jun 27, 2025",2025-06-27,call,9,2025-06-17,short
209,BRKB250627C00550000,2025-06-16 15:46:00,550,0.08,0.00,0.00,0.00,0.00%,7.0,0.0,0.125,"Jun 27, 2025",2025-06-27,call,10,2025-06-16,short
211,BRKB250627C00560000,2025-05-30 12:25:00,560,0.24,0.00,0.00,0.00,0.00%,9.0,0.0,0.125,"Jun 27, 2025",2025-06-27,call,27,2025-05-30,medium
212,BRKB250627C00565000,2025-05-30 15:41:00,565,0.19,0.00,0.00,0.00,0.00%,1.0,0.0,0.25,"Jun 27, 2025",2025-06-27,call,27,2025-05-30,medium
213,BRKB250627C00570000,2025-06-16 10:20:00,570,0.05,0.00,0.00,0.00,0.00%,15.0,0.0,0.25,"Jun 27, 2025",2025-06-27,call,10,2025-06-16,short
214,BRKB250627C00575000,2025-06-17 10:50:00,575,0.03,0.00,0.00,0.00,0.00%,1.0,0.0,0.25,"Jun 27, 2025",2025-06-27,call,9,2025-06-17,short
215,BRKB250627C00580000,2025-06-17 11:16:00,580,0.04,0.00,0.00,0.00,0.00%,6.0,0.0,0.25,"Jun 27, 2025",2025-06-27,call,9,2025-06-17,short
216,BRKB250627C00585000,2025-06-06 10:57:00,585,0.08,0.00,0.00,0.00,0.00%,1.0,0.0,0.25,"Jun 27, 2025",2025-06-27,call,20,2025-06-06,medium
217,BRKB250627C00590000,2025-06-17 11:22:00,590,0.03,0.00,0.00,0.00,0.00%,3.0,0.0,0.25,"Jun 27, 2025",2025-06-27,call,9,2025-06-17,short
218,BRKB250627C00595000,2025-06-17 11:33:00,595,0.03,0.00,0.00,0.00,0.00%,5.0,0.0,0.25,"Jun 27, 2025",2025-06-27,call,9,2025-06-17,short
219,BRKB250627C00600000,2025-06-17 11:27:00,600,0.03,0.00,0.00,0.00,0.00%,7.0,0.0,0.25,"Jun 27, 2025",2025-06-27,call,9,2025-06-17,short
224,BRKB250627P00290000,2025-05-30 11:12:00,290,0.02,0.00,0.00,0.00,0.00%,2.0,0.0,0.5,"Jun 27, 2025",2025-06-27,put,27,2025-05-30,medium
227,BRKB250627P00330000,2025-05-06 15:06:00,330,0.05,0.00,0.00,0.00,0.00%,,0.0,0.5,"Jun 27, 2025",2025-06-27,put,51,2025-05-06,long
228,BRKB250627P00340000,2025-03-06 15:20:00,340,0.05,0.00,0.00,0.00,0.00%,,0.0,0.5,"Jun 27, 2025",2025-06-27,put,112,2025-03-06,long
232,BRKB250627P00365000,2025-06-16 15:06:00,365,0.01,0.00,0.00,0.00,0.00%,5.0,0.0,0.25,"Jun 27, 2025",2025-06-27,put,10,2025-06-16,short
234,BRKB250627P00375000,2025-06-16 10:50:00,375,0.02,0.00,0.00,0.00,0.00%,6.0,0.0,0.25,"Jun 27, 2025",2025-06-27,put,10,2025-06-16,short
236,BRKB250627P00385000,2025-06-16 11:21:00,385,0.03,0.00,0.00,0.00,0.00%,17.0,0.0,0.25,"Jun 27, 2025",2025-06-27,put,10,2025-06-16,short
237,BRKB250627P00390000,2025-06-16 10:48:00,390,0.04,0.00,0.00,0.00,0.00%,12.0,0.0,0.25,"Jun 27, 2025",2025-06-27,put,10,2025-06-16,short
240,BRKB250627P00405000,2025-06-17 09:39:00,405,0.07,0.00,0.00,0.00,0.00%,3.0,0.0,0.25,"Jun 27, 2025",2025-06-27,put,9,2025-06-17,short
241,BRKB250627P00410000,2025-06-16 10:20:00,410,0.10,0.00,0.00,0.00,0.00%,5.0,0.0,0.25,"Jun 27, 2025",2025-06-27,put,10,2025-06-16,short
242,BRKB250627P00415000,2025-06-17 15:26:00,415,0.11,0.00,0.00,0.00,0.00%,22.0,0.0,0.25,"Jun 27, 2025",2025-06-27,put,9,2025-06-17,short
243,BRKB250627P00420000,2025-06-17 15:31:00,420,0.14,0.00,0.00,0.00,0.00%,37.0,0.0,0.125,"Jun 27, 2025",2025-06-27,put,9,2025-06-17,short
244,BRKB250627P00425000,2025-06-17 13:35:00,425,0.16,0.00,0.00,0.00,0.00%,38.0,0.0,0.125,"Jun 27, 2025",2025-06-27,put,9,2025-06-17,short
245,BRKB250627P00430000,2025-06-17 14:02:00,430,0.20,0.00,0.00,0.00,0.00%,24.0,0.0,0.125,"Jun 27, 2025",2025-06-27,put,9,2025-06-17,short
246,BRKB250627P00435000,2025-06-17 10:03:00,435,0.21,0.00,0.00,0.00,0.00%,20.0,0.0,0.125,"Jun 27, 2025",2025-06-27,put,9,2025-06-17,short
247,BRKB250627P00440000,2025-06-17 14:01:00,440,0.29,0.00,0.00,0.00,0.00%,10.0,0.0,0.125,"Jun 27, 2025",2025-06-27,put,9,2025-06-17,short
248,BRKB250627P00445000,2025-06-17 14:05:00,445,0.35,0.00,0.00,0.00,0.00%,18.0,0.0,0.125,"Jun 27, 2025",2025-06-27,put,9,2025-06-17,short
249,BRKB250627P00450000,2025-06-17 13:32:00,450,0.40,0.00,0.00,0.00,0.00%,16.0,0.0,0.125,"Jun 27, 2025",2025-06-27,put,9,2025-06-17,short
250,BRKB250627P00455000,2025-06-17 15:30:00,455,0.52,0.00,0.00,0.00,0.00%,57.0,0.0,0.0625,"Jun 27, 2025",2025-06-27,put,9,2025-06-17,short
251,BRKB250627P00460000,2025-06-17 14:19:00,460,0.69,0.00,0.00,0.00,0.00%,44.0,0.0,0.0625,"Jun 27, 2025",2025-06-27,put,9,2025-06-17,short
252,BRKB250627P00465000,2025-06-17 15:46:00,465,1.07,0.00,0.00,0.00,0.00%,94.0,0.0,0.0625,"Jun 27, 2025",2025-06-27,put,9,2025-06-17,short
253,BRKB250627P00470000,2025-06-17 15:54:00,470,1.51,0.00,0.00,0.00,0.00%,397.0,0.0,0.0313,"Jun 27, 2025",2025-06-27,put,9,2025-06-17,short
254,BRKB250627P00475000,2025-06-17 15:54:00,475,2.32,0.00,0.00,0.00,0.00%,149.0,0.0,0.0313,"Jun 27, 2025",2025-06-27,put,9,2025-06-17,short
255,BRKB250627P00477500,2025-06-17 13:59:00,477.5,2.68,0.00,0.00,0.00,0.00%,47.0,0.0,0.015600000000000001,"Jun 27, 2025",2025-06-27,put,9,2025-06-17,short
256,BRKB250627P00480000,2025-06-17 15:49:00,480,3.55,0.00,0.00,0.00,0.00%,117.0,0.0,0.015600000000000001,"Jun 27, 2025",2025-06-27,put,9,2025-06-17,short
257,BRKB250627P00482500,2025-06-17 15:37:00,482.5,4.47,0.00,0.00,0.00,0.00%,85.0,0.0,0.0039000000000000003,"Jun 27, 2025",2025-06-27,put,9,2025-06-17,short
258,BRKB250627P00485000,2025-06-17 15:58:00,485,5.89,0.00,0.00,0.00,0.00%,107.0,0.0,0.0,"Jun 27, 2025",2025-06-27,put,9,2025-06-17,short
259,BRKB250627P00487500,2025-06-17 15:40:00,487.5,7.20,0.00,0.00,0.00,0.00%,10.0,0.0,0.0,"Jun 27, 2025",2025-06-27,put,9,2025-06-17,short
260,BRKB250627P00490000,2025-06-17 15:46:00,490,8.45,0.00,0.00,0.00,0.00%,115.0,0.0,0.0,"Jun 27, 2025",2025-06-27,put,9,2025-06-17,short
261,BRKB250627P00492500,2025-06-17 15:02:00,492.5,9.78,0.00,0.00,0.00,0.00%,8.0,0.0,0.0,"Jun 27, 2025",2025-06-27,put,9,2025-06-17,short
262,BRKB250627P00495000,2025-06-17 10:17:00,495,9.26,0.00,0.00,0.00,0.00%,2.0,0.0,0.0,"Jun 27, 2025",2025-06-27,put,9,2025-06-17,short
263,BRKB250627P00497500,2025-06-17 12:48:00,497.5,12.42,0.00,0.00,0.00,0.00%,5.0,0.0,0.0,"Jun 27, 2025",2025-06-27,put,9,2025-06-17,short
264,BRKB250627P00500000,2025-06-17 15:28:00,500,15.89,0.00,0.00,0.00,0.00%,22.0,0.0,0.0,"Jun 27, 2025",2025-06-27,put,9,2025-06-17,short
265,BRKB250627P00502500,2025-06-17 10:29:00,502.5,15.40,0.00,0.00,0.00,0.00%,9.0,0.0,0.0,"Jun 27, 2025",2025-06-27,put,9,2025-06-17,short
266,BRKB250627P00505000,2025-06-17 11:01:00,505,18.34,0.00,0.00,0.00,0.00%,21.0,0.0,0.0,"Jun 27, 2025",2025-06-27,put,9,2025-06-17,short
267,BRKB250627P00507500,2025-06-17 11:41:00,507.5,21.60,0.00,0.00,0.00,0.00%,4.0,0.0,0.0,"Jun 27, 2025",2025-06-27,put,9,2025-06-17,short
268,BRKB250627P00510000,2025-06-17 15:53:00,510,24.80,0.00,0.00,0.00,0.00%,334.0,0.0,0.0,"Jun 27, 2025",2025-06-27,put,9,2025-06-17,short
270,BRKB250627P00515000,2025-06-17 15:53:00,515,29.70,0.00,0.00,0.00,0.00%,70.0,0.0,0.0,"Jun 27, 2025",2025-06-27,put,9,2025-06-17,short
271,BRKB250627P00520000,2025-06-17 15:53:00,520,37.35,0.00,0.00,0.00,0.00%,60.0,0.0,0.0,"Jun 27, 2025",2025-06-27,put,9,2025-06-17,short
272,BRKB250627P00525000,2025-06-16 12:00:00,525,33.63,0.00,0.00,0.00,0.00%,1.0,0.0,0.0,"Jun 27, 2025",2025-06-27,put,10,2025-06-16,short
275,BRKB250703C00450000,2025-05-28 11:00:00,450,59.80,0.00,0.00,0.00,0.00%,2.0,0.0,0.0,"Jul 3, 2025",2025-07-03,call,35,2025-05-28,medium
277,BRKB250703C00465000,2025-06-06 15:26:00,465,31.90,0.00,0.00,0.00,0.00%,1.0,0.0,0.0,"Jul 3, 2025",2025-07-03,call,26,2025-06-06,medium
299,BRKB250703C00545000,2025-04-06 11:46:00,545,0.33,0.00,0.00,0.00,0.00%,10.0,0.0,0.125,"Jul 3, 2025",2025-07-03,call,87,2025-04-06,long
301,BRKB250703C00555000,2025-05-30 14:19:00,555,0.40,0.00,0.00,0.00,0.00%,3.0,0.0,0.125,"Jul 3, 2025",2025-07-03,call,33,2025-05-30,medium
302,BRKB250703C00560000,2025-05-27 10:44:00,560,0.50,0.00,0.00,0.00,0.00%,,0.0,0.125,"Jul 3, 2025",2025-07-03,call,36,2025-05-27,medium
303,BRKB250703C00565000,2025-05-27 10:54:00,565,0.42,0.00,0.00,0.00,0.00%,,0.0,0.125,"Jul 3, 2025",2025-07-03,call,36,2025-05-27,medium
320,BRKB250703P00385000,2025-05-28 13:14:00,385,0.31,0.00,0.00,0.00,0.00%,2.0,0.0,0.25,"Jul 3, 2025",2025-07-03,put,35,2025-05-28,medium
354,BRKB250703P00530000,2025-04-06 12:22:00,530,37.51,0.00,0.00,0.00,0.00%,1.0,0.0,0.0,"Jul 3, 2025",2025-07-03,put,87,2025-04-06,long
355,BRKB250703P00540000,2025-05-23 09:53:00,540,39.50,0.00,0.00,0.00,0.00%,5.0,0.0,0.0,"Jul 3, 2025",2025-07-03,put,40,2025-05-23,medium
358,BRKB250711C00460000,2025-06-16 14:41:00,460,33.00,0.00,0.00,0.00,0.00%,30.0,0.0,0.0,"Jul 11, 2025",2025-07-11,call,24,2025-06-16,medium
360,BRKB250711C00475000,2025-06-16 09:34:00,475,21.00,0.00,0.00,0.00,0.00%,1.0,0.0,0.0,"Jul 11, 2025",2025-07-11,call,24,2025-06-16,medium
361,BRKB250711C00480000,2025-06-17 13:20:00,480,12.00,0.00,0.00,0.00,0.00%,3.0,0.0,0.0,"Jul 11, 2025",2025-07-11,call,23,2025-06-17,medium
362,BRKB250711C00485000,2025-06-17 14:32:00,485,8.50,0.00,0.00,0.00,0.00%,29.0,0.0,0.0039000000000000003,"Jul 11, 2025",2025-07-11,call,23,2025-06-17,medium
363,BRKB250711C00490000,2025-06-17 15:28:00,490,6.40,0.00,0.00,0.00,0.00%,52.0,0.0,0.015600000000000001,"Jul 11, 2025",2025-07-11,call,23,2025-06-17,medium
364,BRKB250711C00495000,2025-06-17 15:24:00,495,4.31,0.00,0.00,0.00,0.00%,6.0,0.0,0.015600000000000001,"Jul 11, 2025",2025-07-11,call,23,2025-06-17,medium
365,BRKB250711C00500000,2025-06-17 15:40:00,500,2.95,0.00,0.00,0.00,0.00%,35.0,0.0,0.0313,"Jul 11, 2025",2025-07-11,call,23,2025-06-17,medium
366,BRKB250711C00505000,2025-06-17 14:52:00,505,1.79,0.00,0.00,0.00,0.00%,31.0,0.0,0.0313,"Jul 11, 2025",2025-07-11,call,23,2025-06-17,medium
367,BRKB250711C00510000,2025-06-17 15:31:00,510,1.28,0.00,0.00,0.00,0.00%,231.0,0.0,0.0625,"Jul 11, 2025",2025-07-11,call,23,2025-06-17,medium
368,BRKB250711C00515000,2025-06-17 14:08:00,515,0.75,0.00,0.00,0.00,0.00%,25.0,0.0,0.0625,"Jul 11, 2025",2025-07-11,call,23,2025-06-17,medium
369,BRKB250711C00520000,2025-06-17 14:08:00,520,0.51,0.00,0.00,0.00,0.00%,14.0,0.0,0.0625,"Jul 11, 2025",2025-07-11,call,23,2025-06-17,medium
370,BRKB250711C00525000,2025-06-16 15:42:00,525,0.52,0.00,0.00,0.00,0.00%,8.0,0.0,0.0625,"Jul 11, 2025",2025-07-11,call,24,2025-06-16,medium
371,BRKB250711C00530000,2025-06-17 10:54:00,530,0.33,0.00,0.00,0.00,0.00%,2.0,0.0,0.0625,"Jul 11, 2025",2025-07-11,call,23,2025-06-17,medium
372,BRKB250711C00535000,2025-06-17 10:53:00,535,0.26,0.00,0.00,0.00,0.00%,1.0,0.0,0.0625,"Jul 11, 2025",2025-07-11,call,23,2025-06-17,medium
373,BRKB250711C00540000,2025-06-17 15:30:00,540,0.22,0.00,0.00,0.00,0.00%,1.0,0.0,0.0625,"Jul 11, 2025",2025-07-11,call,23,2025-06-17,medium
374,BRKB250711C00545000,2025-06-06 14:15:00,545,0.38,0.00,0.00,0.00,0.00%,4.0,0.0,0.125,"Jul 11, 2025",2025-07-11,call,34,2025-06-06,medium
375,BRKB250711C00550000,2025-06-16 10:47:00,550,0.20,0.00,0.00,0.00,0.00%,1.0,0.0,0.125,"Jul 11, 2025",2025-07-11,call,24,2025-06-16,medium
376,BRKB250711C00555000,2025-06-16 09:34:00,555,0.27,0.00,0.00,0.00,0.00%,1.0,0.0,0.125,"Jul 11, 2025",2025-07-11,call,24,2025-06-16,medium
377,BRKB250711C00565000,2025-03-06 12:29:00,565,0.21,0.00,0.00,0.00,0.00%,,0.0,0.125,"Jul 11, 2025",2025-07-11,call,126,2025-03-06,long
378,BRKB250711C00580000,2025-06-16 09:55:00,580,0.11,0.00,0.00,0.00,0.00%,10.0,0.0,0.125,"Jul 11, 2025",2025-07-11,call,24,2025-06-16,medium
382,BRKB250711P00290000,2025-06-17 10:34:00,290,0.02,0.00,0.00,0.00,0.00%,2.0,0.0,0.5,"Jul 11, 2025",2025-07-11,put,23,2025-06-17,medium
385,BRKB250711P00340000,2025-06-13 12:39:00,340,0.06,0.00,0.00,0.00,0.00%,,0.0,0.25,"Jul 11, 2025",2025-07-11,put,27,2025-06-13,medium
389,BRKB250711P00390000,2025-06-13 15:38:00,390,0.25,0.00,0.00,0.00,0.00%,,0.0,0.125,"Jul 11, 2025",2025-07-11,put,27,2025-06-13,medium
391,BRKB250711P00400000,2025-06-17 10:25:00,400,0.24,0.00,0.00,0.00,0.00%,2.0,0.0,0.125,"Jul 11, 2025",2025-07-11,put,23,2025-06-17,medium
392,BRKB250711P00405000,2025-06-13 14:15:00,405,0.36,0.00,0.00,0.00,0.00%,10.0,0.0,0.125,"Jul 11, 2025",2025-07-11,put,27,2025-06-13,medium
393,BRKB250711P00410000,2025-06-17 10:25:00,410,0.31,0.00,0.00,0.00,0.00%,2.0,0.0,0.125,"Jul 11, 2025",2025-07-11,put,23,2025-06-17,medium
394,BRKB250711P00415000,2025-06-17 10:47:00,415,0.37,0.00,0.00,0.00,0.00%,10.0,0.0,0.125,"Jul 11, 2025",2025-07-11,put,23,2025-06-17,medium
395,BRKB250711P00420000,2025-06-17 13:05:00,420,0.43,0.00,0.00,0.00,0.00%,5.0,0.0,0.125,"Jul 11, 2025",2025-07-11,put,23,2025-06-17,medium
397,BRKB250711P00430000,2025-06-17 09:51:00,430,0.57,0.00,0.00,0.00,0.00%,3.0,0.0,0.125,"Jul 11, 2025",2025-07-11,put,23,2025-06-17,medium
399,BRKB250711P00440000,2025-06-16 15:07:00,440,0.68,0.00,0.00,0.00,0.00%,5.0,0.0,0.0625,"Jul 11, 2025",2025-07-11,put,24,2025-06-16,medium
400,BRKB250711P00445000,2025-06-17 15:31:00,445,1.05,0.00,0.00,0.00,0.00%,3.0,0.0,0.0625,"Jul 11, 2025",2025-07-11,put,23,2025-06-17,medium
401,BRKB250711P00450000,2025-06-17 15:28:00,450,1.23,0.00,0.00,0.00,0.00%,50.0,0.0,0.0625,"Jul 11, 2025",2025-07-11,put,23,2025-06-17,medium
402,BRKB250711P00455000,2025-06-17 14:19:00,455,1.55,0.00,0.00,0.00,0.00%,24.0,0.0,0.0625,"Jul 11, 2025",2025-07-11,put,23,2025-06-17,medium
403,BRKB250711P00460000,2025-06-17 14:21:00,460,1.96,0.00,0.00,0.00,0.00%,6.0,0.0,0.0313,"Jul 11, 2025",2025-07-11,put,23,2025-06-17,medium
404,BRKB250711P00465000,2025-06-17 13:28:00,465,2.50,0.00,0.00,0.00,0.00%,6.0,0.0,0.0313,"Jul 11, 2025",2025-07-11,put,23,2025-06-17,medium
405,BRKB250711P00470000,2025-06-17 13:50:00,470,3.35,0.00,0.00,0.00,0.00%,32.0,0.0,0.0313,"Jul 11, 2025",2025-07-11,put,23,2025-06-17,medium
406,BRKB250711P00475000,2025-06-17 15:27:00,475,4.45,0.00,0.00,0.00,0.00%,49.0,0.0,0.015600000000000001,"Jul 11, 2025",2025-07-11,put,23,2025-06-17,medium
407,BRKB250711P00480000,2025-06-17 15:27:00,480,5.97,0.00,0.00,0.00,0.00%,20.0,0.0,0.0078000000000000005,"Jul 11, 2025",2025-07-11,put,23,2025-06-17,medium
408,BRKB250711P00485000,2025-06-17 14:28:00,485,8.45,0.00,0.00,0.00,0.00%,28.0,0.0,0.0,"Jul 11, 2025",2025-07-11,put,23,2025-06-17,medium
409,BRKB250711P00490000,2025-06-17 14:54:00,490,10.86,0.00,0.00,0.00,0.00%,14.0,0.0,0.0,"Jul 11, 2025",2025-07-11,put,23,2025-06-17,medium
410,BRKB250711P00495000,2025-06-17 15:31:00,495,13.81,0.00,0.00,0.00,0.00%,9.0,0.0,0.0,"Jul 11, 2025",2025-07-11,put,23,2025-06-17,medium
411,BRKB250711P00500000,2025-06-17 13:04:00,500,15.90,0.00,0.00,0.00,0.00%,4.0,0.0,0.0,"Jul 11, 2025",2025-07-11,put,23,2025-06-17,medium
412,BRKB250711P00505000,2025-06-16 09:52:00,505,16.93,0.00,0.00,0.00,0.00%,2.0,0.0,0.0,"Jul 11, 2025",2025-07-11,put,24,2025-06-16,medium
413,BRKB250711P00510000,2025-06-17 09:34:00,510,22.59,0.00,0.00,0.00,0.00%,1.0,0.0,0.0,"Jul 11, 2025",2025-07-11,put,23,2025-06-17,medium
414,BRKB250711P00515000,2025-06-17 11:17:00,515,28.65,0.00,0.00,0.00,0.00%,2.0,0.0,0.0,"Jul 11, 2025",2025-07-11,put,23,2025-06-17,medium
416,BRKB250711P00555000,2025-06-17 13:16:00,555,70.00,0.00,0.00,0.00,0.00%,1.0,0.0,0.0,"Jul 11, 2025",2025-07-11,put,23,2025-06-17,medium
419,BRKB250725C00450000,2025-04-29 10:24:00,450,227.54,201.20,203.80,0.00,0.00%,1.0,4.0,1.9136000000000002,"Jul 18, 2025",2025-07-18,call,79,2025-04-29,long
426,BRKB250725C00490000,2025-04-23 09:38:00,490,193.95,164.85,167.70,0.00,0.00%,1.0,1.0,1.5590000000000002,"Jul 18, 2025",2025-07-18,call,85,2025-04-23,long
428,BRKB250725C00500000,2025-05-05 13:15:00,500,170.59,142.65,145.55,0.00,0.00%,,1.0,1.0957999999999999,"Jul 18, 2025",2025-07-18,call,73,2025-05-05,long
433,BRKB250725C00525000,2025-05-14 11:05:00,525,125.20,102.40,105.75,0.00,0.00%,,23.0,0.6912,"Jul 18, 2025",2025-07-18,call,64,2025-05-14,long
434,BRKB250725C00530000,2025-04-16 11:43:00,530,141.83,126.05,129.50,0.00,0.00%,1.0,1.0,1.4242,"Jul 18, 2025",2025-07-18,call,92,2025-04-16,long
435,BRKB250725C00535000,2025-05-16 12:51:00,535,121.72,89.20,92.30,0.00,0.00%,2.0,25.0,0.5655,"Jul 18, 2025",2025-07-18,call,62,2025-05-16,long
436,BRKB250725C00540000,2025-06-13 11:45:00,540,92.81,0.00,0.00,0.00,0.00%,1.0,0.0,0.0,"Jul 18, 2025",2025-07-18,call,34,2025-06-13,medium
437,BRKB250725C00545000,2025-04-14 09:31:00,545,130.65,0.00,0.00,0.00,0.00%,,0.0,0.0,"Jul 18, 2025",2025-07-18,call,94,2025-04-14,long
440,BRKB250718C00420000,2025-06-13 12:15:00,420,73.04,0.00,0.00,0.00,0.00%,62.0,0.0,0.0,"Jul 18, 2025",2025-07-18,call,34,2025-06-13,medium
441,BRKB250718C00425000,2025-06-13 15:48:00,425,64.81,0.00,0.00,0.00,0.00%,6.0,0.0,0.0,"Jul 18, 2025",2025-07-18,call,34,2025-06-13,medium
443,BRKB250718C00435000,2025-06-17 10:56:00,435,54.95,0.00,0.00,0.00,0.00%,8.0,0.0,0.0,"Jul 18, 2025",2025-07-18,call,30,2025-06-17,medium
444,BRKB250718C00440000,2025-06-13 15:42:00,440,50.10,0.00,0.00,0.00,0.00%,5.0,0.0,0.0,"Jul 18, 2025",2025-07-18,call,34,2025-06-13,medium
445,BRKB250718C00445000,2025-06-17 15:12:00,445,42.58,0.00,0.00,0.00,0.00%,9.0,0.0,0.0,"Jul 18, 2025",2025-07-18,call,30,2025-06-17,medium
446,BRKB250718C00450000,2025-06-16 12:43:00,450,43.80,0.00,0.00,0.00,0.00%,3.0,0.0,0.0,"Jul 18, 2025",2025-07-18,call,31,2025-06-16,medium
447,BRKB250718C00455000,2025-06-17 09:56:00,455,37.00,0.00,0.00,0.00,0.00%,30.0,0.0,0.0,"Jul 18, 2025",2025-07-18,call,30,2025-06-17,medium
448,BRKB250718C00460000,2025-06-17 13:03:00,460,30.44,0.00,0.00,0.00,0.00%,12.0,0.0,0.0,"Jul 18, 2025",2025-07-18,call,30,2025-06-17,medium
450,BRKB250718C00470000,2025-06-17 12:09:00,470,21.50,0.00,0.00,0.00,0.00%,13.0,0.0,0.0,"Jul 18, 2025",2025-07-18,call,30,2025-06-17,medium
451,BRKB250718C00475000,2025-06-17 14:12:00,475,16.70,0.00,0.00,0.00,0.00%,2.0,0.0,0.0,"Jul 18, 2025",2025-07-18,call,30,2025-06-17,medium
452,BRKB250718C00480000,2025-06-17 15:14:00,480,13.55,0.00,0.00,0.00,0.00%,5.0,0.0,0.0,"Jul 18, 2025",2025-07-18,call,30,2025-06-17,medium
453,BRKB250718C00485000,2025-06-17 15:55:00,485,10.30,0.00,0.00,0.00,0.00%,51.0,0.0,0.0039000000000000003,"Jul 18, 2025",2025-07-18,call,30,2025-06-17,medium
454,BRKB250718C00490000,2025-06-17 15:59:00,490,7.75,0.00,0.00,0.00,0.00%,149.0,0.0,0.0078000000000000005,"Jul 18, 2025",2025-07-18,call,30,2025-06-17,medium
455,BRKB250718C00495000,2025-06-17 15:22:00,495,5.81,0.00,0.00,0.00,0.00%,185.0,0.0,0.015600000000000001,"Jul 18, 2025",2025-07-18,call,30,2025-06-17,medium
456,BRKB250718C00500000,2025-06-17 15:59:00,500,4.10,0.00,0.00,0.00,0.00%,151.0,0.0,0.0313,"Jul 18, 2025",2025-07-18,call,30,2025-06-17,medium
457,BRKB250718C00505000,2025-06-17 15:42:00,505,3.03,0.00,0.00,0.00,0.00%,401.0,0.0,0.0313,"Jul 18, 2025",2025-07-18,call,30,2025-06-17,medium
458,BRKB250718C00510000,2025-06-17 15:51:00,510,2.10,0.00,0.00,0.00,0.00%,448.0,0.0,0.0313,"Jul 18, 2025",2025-07-18,call,30,2025-06-17,medium
459,BRKB250718C00515000,2025-06-17 15:54:00,515,1.45,0.00,0.00,0.00,0.00%,144.0,0.0,0.0625,"Jul 18, 2025",2025-07-18,call,30,2025-06-17,medium
460,BRKB250718C00520000,2025-06-17 15:42:00,520,1.06,0.00,0.00,0.00,0.00%,189.0,0.0,0.0625,"Jul 18, 2025",2025-07-18,call,30,2025-06-17,medium
461,BRKB250718C00525000,2025-06-17 15:44:00,525,0.84,0.00,0.00,0.00,0.00%,59.0,0.0,0.0625,"Jul 18, 2025",2025-07-18,call,30,2025-06-17,medium
462,BRKB250718C00530000,2025-06-17 15:29:00,530,0.60,0.00,0.00,0.00,0.00%,91.0,0.0,0.0625,"Jul 18, 2025",2025-07-18,call,30,2025-06-17,medium
463,BRKB250718C00535000,2025-06-17 13:03:00,535,0.45,0.00,0.00,0.00,0.00%,7.0,0.0,0.0625,"Jul 18, 2025",2025-07-18,call,30,2025-06-17,medium
464,BRKB250718C00540000,2025-06-17 13:58:00,540,0.37,0.00,0.00,0.00,0.00%,6.0,0.0,0.0625,"Jul 18, 2025",2025-07-18,call,30,2025-06-17,medium
465,BRKB250718C00545000,2025-06-17 13:33:00,545,0.28,0.00,0.00,0.00,0.00%,10.0,0.0,0.0625,"Jul 18, 2025",2025-07-18,call,30,2025-06-17,medium
466,BRKB250718C00550000,2025-06-17 12:01:00,550,0.28,0.00,0.00,0.00,0.00%,3.0,0.0,0.125,"Jul 18, 2025",2025-07-18,call,30,2025-06-17,medium
467,BRKB250718C00555000,2025-06-13 12:46:00,555,0.40,0.00,0.00,0.00,0.00%,2.0,0.0,0.125,"Jul 18, 2025",2025-07-18,call,34,2025-06-13,medium
468,BRKB250718C00560000,2025-06-17 13:27:00,560,0.19,0.00,0.00,0.00,0.00%,11.0,0.0,0.125,"Jul 18, 2025",2025-07-18,call,30,2025-06-17,medium
469,BRKB250718C00565000,2025-06-17 11:16:00,565,0.19,0.00,0.00,0.00,0.00%,11.0,0.0,0.125,"Jul 18, 2025",2025-07-18,call,30,2025-06-17,medium
470,BRKB250718C00570000,2025-06-17 14:12:00,570,0.16,0.00,0.00,0.00,0.00%,5.0,0.0,0.125,"Jul 18, 2025",2025-07-18,call,30,2025-06-17,medium
471,BRKB250718C00575000,2025-06-13 12:46:00,575,0.24,0.00,0.00,0.00,0.00%,1.0,0.0,0.125,"Jul 18, 2025",2025-07-18,call,34,2025-06-13,medium
472,BRKB250718C00580000,2025-06-16 13:04:00,580,0.14,0.00,0.00,0.00,0.00%,2.0,0.0,0.125,"Jul 18, 2025",2025-07-18,call,31,2025-06-16,medium
473,BRKB250718C00585000,2025-06-17 10:11:00,585,0.12,0.00,0.00,0.00,0.00%,1.0,0.0,0.125,"Jul 18, 2025",2025-07-18,call,30,2025-06-17,medium
475,BRKB250718C00595000,2025-06-16 11:23:00,595,0.10,0.00,0.00,0.00,0.00%,1.0,0.0,0.125,"Jul 18, 2025",2025-07-18,call,31,2025-06-16,medium
476,BRKB250718C00600000,2025-06-16 10:05:00,600,0.13,0.00,0.00,0.00,0.00%,4.0,0.0,0.125,"Jul 18, 2025",2025-07-18,call,31,2025-06-16,medium
477,BRKB250718C00605000,2025-04-06 15:03:00,605,0.15,0.00,0.00,0.00,0.00%,1.0,0.0,0.125,"Jul 18, 2025",2025-07-18,call,102,2025-04-06,long
480,BRKB250718C00620000,2025-06-17 14:25:00,620,0.07,0.00,0.00,0.00,0.00%,10.0,0.0,0.125,"Jul 18, 2025",2025-07-18,call,30,2025-06-17,medium
482,BRKB250718C00630000,2025-06-17 09:30:00,630,0.03,0.00,0.00,0.00,0.00%,1.0,0.0,0.125,"Jul 18, 2025",2025-07-18,call,30,2025-06-17,medium
483,BRKB250718C00635000,2025-06-16 10:33:00,635,0.05,0.00,0.00,0.00,0.00%,10.0,0.0,0.25,"Jul 18, 2025",2025-07-18,call,31,2025-06-16,medium
490,BRKB250718C00680000,2025-05-06 15:14:00,680,0.05,0.00,0.00,0.00,0.00%,5.0,0.0,0.25,"Jul 18, 2025",2025-07-18,call,72,2025-05-06,long
492,BRKB250718C00690000,2025-05-15 15:56:00,690,0.07,0.01,0.05,0.00,0.00%,1.0,10.0,0.4316,"Jul 18, 2025",2025-07-18,call,63,2025-05-15,long
493,BRKB250718C00695000,2025-04-06 10:24:00,695,0.06,0.00,0.00,0.00,0.00%,12.0,0.0,0.25,"Jul 18, 2025",2025-07-18,call,102,2025-04-06,long
498,BRKB250725P00355000,2025-06-17 15:31:00,355,0.02,0.00,0.00,0.00,0.00%,2.0,0.0,0.25,"Jul 18, 2025",2025-07-18,put,30,2025-06-17,medium
499,BRKB250725P00360000,2025-06-13 13:33:00,360,0.02,0.00,0.00,0.00,0.00%,2.0,0.0,0.25,"Jul 18, 2025",2025-07-18,put,34,2025-06-13,medium
500,BRKB250725P00375000,2025-06-13 13:35:00,375,0.03,0.00,0.00,0.00,0.00%,10.0,0.0,0.25,"Jul 18, 2025",2025-07-18,put,34,2025-06-13,medium
501,BRKB250725P00380000,2025-06-13 13:35:00,380,0.03,0.00,0.00,0.00,0.00%,2.0,0.0,0.25,"Jul 18, 2025",2025-07-18,put,34,2025-06-13,medium
503,BRKB250725P00395000,2025-06-13 13:59:00,395,0.04,0.00,0.00,0.00,0.00%,176.0,0.0,0.25,"Jul 18, 2025",2025-07-18,put,34,2025-06-13,medium
507,BRKB250725P00420000,2025-03-06 10:04:00,420,0.19,0.00,0.00,0.00,0.00%,1.0,0.0,0.25,"Jul 18, 2025",2025-07-18,put,133,2025-03-06,long
508,BRKB250725P00425000,2025-06-13 11:07:00,425,0.12,0.00,0.00,0.00,0.00%,1.0,0.0,0.25,"Jul 18, 2025",2025-07-18,put,34,2025-06-13,medium
511,BRKB250725P00440000,2025-06-13 10:01:00,440,0.23,0.00,0.00,0.00,0.00%,10.0,0.0,0.25,"Jul 18, 2025",2025-07-18,put,34,2025-06-13,medium
512,BRKB250725P00445000,2025-06-13 15:16:00,445,0.19,0.00,0.00,0.00,0.00%,1.0,0.0,0.25,"Jul 18, 2025",2025-07-18,put,34,2025-06-13,medium
513,BRKB250725P00450000,2025-06-16 11:16:00,450,0.16,0.00,0.00,0.00,0.00%,6.0,0.0,0.125,"Jul 18, 2025",2025-07-18,put,31,2025-06-16,medium
515,BRKB250725P00460000,2025-06-17 10:31:00,460,0.23,0.00,0.00,0.00,0.00%,10.0,0.0,0.125,"Jul 18, 2025",2025-07-18,put,30,2025-06-17,medium
516,BRKB250725P00465000,2025-06-17 13:14:00,465,0.27,0.00,0.00,0.00,0.00%,10.0,0.0,0.125,"Jul 18, 2025",2025-07-18,put,30,2025-06-17,medium
517,BRKB250725P00470000,2025-06-17 15:30:00,470,0.34,0.00,0.00,0.00,0.00%,1.0,0.0,0.125,"Jul 18, 2025",2025-07-18,put,30,2025-06-17,medium
518,BRKB250725P00475000,2025-06-17 15:16:00,475,0.39,0.00,0.00,0.00,0.00%,8.0,0.0,0.125,"Jul 18, 2025",2025-07-18,put,30,2025-06-17,medium
519,BRKB250725P00480000,2025-06-17 15:11:00,480,0.43,0.00,0.00,0.00,0.00%,1.0,0.0,0.125,"Jul 18, 2025",2025-07-18,put,30,2025-06-17,medium
520,BRKB250725P00485000,2025-06-17 15:21:00,485,0.50,0.00,0.00,0.00,0.00%,1.0,0.0,0.125,"Jul 18, 2025",2025-07-18,put,30,2025-06-17,medium
521,BRKB250725P00490000,2025-06-16 12:08:00,490,0.48,0.00,0.00,0.00,0.00%,3.0,0.0,0.125,"Jul 18, 2025",2025-07-18,put,31,2025-06-16,medium
522,BRKB250725P00495000,2025-06-17 15:41:00,495,0.73,0.00,0.00,0.00,0.00%,28.0,0.0,0.125,"Jul 18, 2025",2025-07-18,put,30,2025-06-17,medium
523,BRKB250725P00500000,2025-06-17 15:12:00,500,0.80,0.00,0.00,0.00,0.00%,7.0,0.0,0.125,"Jul 18, 2025",2025-07-18,put,30,2025-06-17,medium
524,BRKB250725P00505000,2025-06-17 13:29:00,505,0.89,0.00,0.00,0.00,0.00%,5.0,0.0,0.0625,"Jul 18, 2025",2025-07-18,put,30,2025-06-17,medium
525,BRKB250725P00510000,2025-06-17 15:43:00,510,1.13,0.00,0.00,0.00,0.00%,9.0,0.0,0.0625,"Jul 18, 2025",2025-07-18,put,30,2025-06-17,medium
526,BRKB250725P00515000,2025-06-17 15:55:00,515,1.30,0.00,0.00,0.00,0.00%,22.0,0.0,0.0625,"Jul 18, 2025",2025-07-18,put,30,2025-06-17,medium
527,BRKB250725P00520000,2025-06-17 14:42:00,520,1.56,0.00,0.00,0.00,0.00%,40.0,0.0,0.0625,"Jul 18, 2025",2025-07-18,put,30,2025-06-17,medium
528,BRKB250725P00525000,2025-06-17 15:41:00,525,1.88,0.00,0.00,0.00,0.00%,82.0,0.0,0.0625,"Jul 18, 2025",2025-07-18,put,30,2025-06-17,medium
529,BRKB250725P00560000,2025-06-17 15:41:00,560,2.33,0.00,0.00,0.00,0.00%,11.0,0.0,0.0625,"Jul 18, 2025",2025-07-18,put,30,2025-06-17,medium
530,BRKB250718P00460000,2025-06-17 15:05:00,460,2.75,0.00,0.00,0.00,0.00%,26.0,0.0,0.0313,"Jul 18, 2025",2025-07-18,put,30,2025-06-17,medium
531,BRKB250718P00465000,2025-06-17 13:50:00,465,3.42,0.00,0.00,0.00,0.00%,22.0,0.0,0.0313,"Jul 18, 2025",2025-07-18,put,30,2025-06-17,medium
532,BRKB250718P00470000,2025-06-17 15:39:00,470,4.55,0.00,0.00,0.00,0.00%,39.0,0.0,0.015600000000000001,"Jul 18, 2025",2025-07-18,put,30,2025-06-17,medium
533,BRKB250718P00475000,2025-06-17 15:58:00,475,6.00,0.00,0.00,0.00,0.00%,47.0,0.0,0.015600000000000001,"Jul 18, 2025",2025-07-18,put,30,2025-06-17,medium
534,BRKB250718P00480000,2025-06-17 15:55:00,480,7.61,0.00,0.00,0.00,0.00%,90.0,0.0,0.0078000000000000005,"Jul 18, 2025",2025-07-18,put,30,2025-06-17,medium
535,BRKB250718P00485000,2025-06-17 15:16:00,485,9.24,0.00,0.00,0.00,0.00%,127.0,0.0,0.0,"Jul 18, 2025",2025-07-18,put,30,2025-06-17,medium
536,BRKB250718P00490000,2025-06-17 15:22:00,490,11.75,0.00,0.00,0.00,0.00%,61.0,0.0,0.0,"Jul 18, 2025",2025-07-18,put,30,2025-06-17,medium
537,BRKB250718P00495000,2025-06-17 13:30:00,495,14.83,0.00,0.00,0.00,0.00%,23.0,0.0,0.0,"Jul 18, 2025",2025-07-18,put,30,2025-06-17,medium
538,BRKB250718P00500000,2025-06-17 15:29:00,500,18.07,0.00,0.00,0.00,0.00%,48.0,0.0,0.0,"Jul 18, 2025",2025-07-18,put,30,2025-06-17,medium
539,BRKB250718P00505000,2025-06-17 15:29:00,505,22.03,0.00,0.00,0.00,0.00%,7.0,0.0,0.0,"Jul 18, 2025",2025-07-18,put,30,2025-06-17,medium
540,BRKB250718P00510000,2025-06-17 09:34:00,510,23.05,0.00,0.00,0.00,0.00%,1.0,0.0,0.0,"Jul 18, 2025",2025-07-18,put,30,2025-06-17,medium
541,BRKB250718P00515000,2025-06-17 14:32:00,515,31.75,0.00,0.00,0.00,0.00%,6.0,0.0,0.0,"Jul 18, 2025",2025-07-18,put,30,2025-06-17,medium
542,BRKB250718P00520000,2025-06-17 15:49:00,520,35.60,0.00,0.00,0.00,0.00%,1.904,0.0,0.0,"Jul 18, 2025",2025-07-18,put,30,2025-06-17,medium
543,BRKB250718P00525000,2025-06-17 15:49:00,525,40.05,0.00,0.00,0.00,0.00%,1.3,0.0,0.0,"Jul 18, 2025",2025-07-18,put,30,2025-06-17,medium
544,BRKB250718P00530000,2025-06-17 09:43:00,530,41.39,0.00,0.00,0.00,0.00%,2.0,0.0,0.0,"Jul 18, 2025",2025-07-18,put,30,2025-06-17,medium
545,BRKB250718P00535000,2025-06-16 15:45:00,535,45.97,0.00,0.00,0.00,0.00%,1.0,0.0,0.0,"Jul 18, 2025",2025-07-18,put,31,2025-06-16,medium
546,BRKB250718P00540000,2025-04-06 14:39:00,540,46.60,0.00,0.00,0.00,0.00%,31.0,0.0,0.0,"Jul 18, 2025",2025-07-18,put,102,2025-04-06,long
547,BRKB250718P00545000,2025-04-06 14:39:00,545,54.45,0.00,0.00,0.00,0.00%,20.0,0.0,0.0,"Jul 18, 2025",2025-07-18,put,102,2025-04-06,long
548,BRKB250718P00550000,2025-06-16 10:40:00,550,59.59,0.00,0.00,0.00,0.00%,2.0,0.0,0.0,"Jul 18, 2025",2025-07-18,put,31,2025-06-16,medium
549,BRKB250718P00555000,2025-05-06 15:48:00,555,67.35,0.00,0.00,0.00,0.00%,30.0,0.0,0.0,"Jul 18, 2025",2025-07-18,put,72,2025-05-06,long
552,BRKB250718P00570000,2025-04-23 13:34:00,570,47.15,65.25,68.10,0.00,0.00%,4.0,0.0,0.0,"Jul 18, 2025",2025-07-18,put,85,2025-04-23,long
553,BRKB250718P00575000,2025-04-30 10:31:00,575,48.35,70.45,72.55,0.00,0.00%,,0.0,0.0,"Jul 18, 2025",2025-07-18,put,78,2025-04-30,long
554,BRKB250718P00580000,2025-05-05 09:49:00,580,74.15,0.00,0.00,0.00,0.00%,1.0,0.0,0.0,"Jul 18, 2025",2025-07-18,put,73,2025-05-05,long
555,BRKB250718P00585000,2025-05-05 09:30:00,585,64.70,0.00,0.00,0.00,0.00%,1.0,0.0,0.0,"Jul 18, 2025",2025-07-18,put,73,2025-05-05,long
559,BRKB250718P00620000,2025-05-05 10:03:00,620,114.30,123.85,126.75,0.00,0.00%,,0.0,0.0,"Jul 18, 2025",2025-07-18,put,73,2025-05-05,long
560,BRKB250718P00650000,2025-05-23 12:50:00,650,146.49,0.00,0.00,0.00,0.00%,3.0,0.0,0.0,"Jul 18, 2025",2025-07-18,put,55,2025-05-23,long
562,BRKB250718P00685000,2025-04-23 09:37:00,685,157.20,180.30,182.80,0.00,0.00%,1.0,0.0,0.0,"Jul 18, 2025",2025-07-18,put,85,2025-04-23,long
563,BRKB250718P00700000,2025-05-21 13:18:00,700,193.55,0.00,0.00,0.00,0.00%,,0.0,0.0,"Jul 18, 2025",2025-07-18,put,57,2025-05-21,long
565,BRKB250725C00450000,2025-06-17 14:02:00,450,38.73,0.00,0.00,0.00,0.00%,20.0,0.0,0.0,"Jul 25, 2025",2025-07-25,call,37,2025-06-17,medium
566,BRKB250725C00455000,2025-06-17 14:02:00,455,34.23,0.00,0.00,0.00,0.00%,20.0,0.0,0.0,"Jul 25, 2025",2025-07-25,call,37,2025-06-17,medium
567,BRKB250725C00460000,2025-06-17 10:17:00,460,32.85,0.00,0.00,0.00,0.00%,1.0,0.0,0.0,"Jul 25, 2025",2025-07-25,call,37,2025-06-17,medium
570,BRKB250725C00480000,2025-06-17 15:52:00,480,14.95,0.00,0.00,0.00,0.00%,12.0,0.0,0.0,"Jul 25, 2025",2025-07-25,call,37,2025-06-17,medium
571,BRKB250725C00485000,2025-06-16 12:56:00,485,15.25,0.00,0.00,0.00,0.00%,1.0,0.0,0.002,"Jul 25, 2025",2025-07-25,call,38,2025-06-16,medium
572,BRKB250725C00490000,2025-06-17 15:48:00,490,9.40,0.00,0.00,0.00,0.00%,6.0,0.0,0.0078000000000000005,"Jul 25, 2025",2025-07-25,call,37,2025-06-17,medium
573,BRKB250725C00495000,2025-06-17 12:38:00,495,7.70,0.00,0.00,0.00,0.00%,8.0,0.0,0.015600000000000001,"Jul 25, 2025",2025-07-25,call,37,2025-06-17,medium
574,BRKB250725C00500000,2025-06-17 15:54:00,500,5.25,0.00,0.00,0.00,0.00%,1.654,0.0,0.0313,"Jul 25, 2025",2025-07-25,call,37,2025-06-17,medium
575,BRKB250725C00505000,2025-06-17 11:49:00,505,4.14,0.00,0.00,0.00,0.00%,13.0,0.0,0.0313,"Jul 25, 2025",2025-07-25,call,37,2025-06-17,medium
576,BRKB250725C00510000,2025-06-17 15:48:00,510,3.05,0.00,0.00,0.00,0.00%,1.0,0.0,0.0313,"Jul 25, 2025",2025-07-25,call,37,2025-06-17,medium
577,BRKB250725C00515000,2025-06-17 11:19:00,515,2.17,0.00,0.00,0.00,0.00%,3.0,0.0,0.0313,"Jul 25, 2025",2025-07-25,call,37,2025-06-17,medium
578,BRKB250725C00520000,2025-06-17 13:32:00,520,1.41,0.00,0.00,0.00,0.00%,23.0,0.0,0.0625,"Jul 25, 2025",2025-07-25,call,37,2025-06-17,medium
579,BRKB250725C00525000,2025-06-17 11:19:00,525,1.12,0.00,0.00,0.00,0.00%,4.0,0.0,0.0625,"Jul 25, 2025",2025-07-25,call,37,2025-06-17,medium
580,BRKB250725C00530000,2025-06-17 12:33:00,530,0.82,0.00,0.00,0.00,0.00%,1.0,0.0,0.0625,"Jul 25, 2025",2025-07-25,call,37,2025-06-17,medium
582,BRKB250725C00540000,2025-06-16 11:53:00,540,0.66,0.00,0.00,0.00,0.00%,1.0,0.0,0.0625,"Jul 25, 2025",2025-07-25,call,38,2025-06-16,medium
586,BRKB250718C00420000,2025-06-16 09:44:00,420,0.37,0.00,0.00,0.00,0.00%,6.0,0.0,0.125,"Jul 25, 2025",2025-07-25,call,38,2025-06-16,medium
593,BRKB250725P00360000,2025-06-16 15:01:00,360,0.16,0.00,0.00,0.00,0.00%,1.0,0.0,0.125,"Jul 25, 2025",2025-07-25,put,38,2025-06-16,medium
594,BRKB250725P00375000,2025-06-17 10:20:00,375,0.26,0.00,0.00,0.00,0.00%,4.0,0.0,0.125,"Jul 25, 2025",2025-07-25,put,37,2025-06-17,medium
595,BRKB250725P00380000,2025-06-17 12:41:00,380,0.32,0.00,0.00,0.00,0.00%,2.0,0.0,0.125,"Jul 25, 2025",2025-07-25,put,37,2025-06-17,medium
596,BRKB250725P00385000,2025-06-17 10:20:00,385,0.34,0.00,0.00,0.00,0.00%,4.0,0.0,0.125,"Jul 25, 2025",2025-07-25,put,37,2025-06-17,medium
598,BRKB250725P00400000,2025-06-16 15:00:00,400,0.45,0.00,0.00,0.00,0.00%,1.0,0.0,0.125,"Jul 25, 2025",2025-07-25,put,38,2025-06-16,medium
600,BRKB250725P00415000,2025-06-17 11:11:00,415,0.72,0.00,0.00,0.00,0.00%,6.0,0.0,0.125,"Jul 25, 2025",2025-07-25,put,37,2025-06-17,medium
602,BRKB250725P00425000,2025-06-16 13:54:00,425,0.89,0.00,0.00,0.00,0.00%,8.0,0.0,0.0625,"Jul 25, 2025",2025-07-25,put,38,2025-06-16,medium
603,BRKB250725P00430000,2025-06-17 10:11:00,430,1.06,0.00,0.00,0.00,0.00%,11.0,0.0,0.0625,"Jul 25, 2025",2025-07-25,put,37,2025-06-17,medium
604,BRKB250725P00435000,2025-06-17 13:16:00,435,1.35,0.00,0.00,0.00,0.00%,8.0,0.0,0.0625,"Jul 25, 2025",2025-07-25,put,37,2025-06-17,medium
605,BRKB250725P00440000,2025-06-16 12:51:00,440,1.29,0.00,0.00,0.00,0.00%,16.0,0.0,0.0625,"Jul 25, 2025",2025-07-25,put,38,2025-06-16,medium
606,BRKB250725P00445000,2025-06-17 12:43:00,445,1.77,0.00,0.00,0.00,0.00%,1.0,0.0,0.0625,"Jul 25, 2025",2025-07-25,put,37,2025-06-17,medium
607,BRKB250725P00450000,2025-06-17 14:01:00,450,2.32,0.00,0.00,0.00,0.00%,9.0,0.0,0.0625,"Jul 25, 2025",2025-07-25,put,37,2025-06-17,medium
608,BRKB250725P00455000,2025-06-17 13:16:00,455,2.65,0.00,0.00,0.00,0.00%,6.0,0.0,0.0313,"Jul 25, 2025",2025-07-25,put,37,2025-06-17,medium
609,BRKB250725P00460000,2025-06-17 15:42:00,460,3.65,0.00,0.00,0.00,0.00%,7.0,0.0,0.0313,"Jul 25, 2025",2025-07-25,put,37,2025-06-17,medium
610,BRKB250725P00465000,2025-06-17 15:45:00,465,4.40,0.00,0.00,0.00,0.00%,1.0,0.0,0.0313,"Jul 25, 2025",2025-07-25,put,37,2025-06-17,medium
611,BRKB250725P00470000,2025-06-17 14:01:00,470,5.32,0.00,0.00,0.00,0.00%,15.0,0.0,0.015600000000000001,"Jul 25, 2025",2025-07-25,put,37,2025-06-17,medium
612,BRKB250725P00475000,2025-06-17 15:57:00,475,6.80,0.00,0.00,0.00,0.00%,38.0,0.0,0.015600000000000001,"Jul 25, 2025",2025-07-25,put,37,2025-06-17,medium
613,BRKB250725P00480000,2025-06-17 15:54:00,480,8.45,0.00,0.00,0.00,0.00%,16.0,0.0,0.0078000000000000005,"Jul 25, 2025",2025-07-25,put,37,2025-06-17,medium
614,BRKB250725P00485000,2025-06-17 15:54:00,485,10.48,0.00,0.00,0.00,0.00%,26.0,0.0,0.0,"Jul 25, 2025",2025-07-25,put,37,2025-06-17,medium
615,BRKB250725P00490000,2025-06-17 13:32:00,490,12.50,0.00,0.00,0.00,0.00%,10.0,0.0,0.0,"Jul 25, 2025",2025-07-25,put,37,2025-06-17,medium
616,BRKB250725P00495000,2025-06-17 10:58:00,495,13.69,0.00,0.00,0.00,0.00%,30.0,0.0,0.0,"Jul 25, 2025",2025-07-25,put,37,2025-06-17,medium
617,BRKB250725P00500000,2025-06-17 14:48:00,500,19.10,0.00,0.00,0.00,0.00%,33.0,0.0,0.0,"Jul 25, 2025",2025-07-25,put,37,2025-06-17,medium
618,BRKB250725P00505000,2025-06-17 10:59:00,505,20.26,0.00,0.00,0.00,0.00%,4.0,0.0,0.0,"Jul 25, 2025",2025-07-25,put,37,2025-06-17,medium
662,BRKB250815C00270000,2025-06-13 09:47:00,270,219.90,0.00,0.00,0.00,0.00%,,0.0,0.0,"Aug 15, 2025",2025-08-15,call,62,2025-06-13,long
663,BRKB250815C00280000,2025-06-13 09:48:00,280,210.44,0.00,0.00,0.00,0.00%,,0.0,0.0,"Aug 15, 2025",2025-08-15,call,62,2025-06-13,long
665,BRKB250815C00330000,2025-05-28 09:30:00,330,181.50,0.00,0.00,0.00,0.00%,1.0,0.0,0.0,"Aug 15, 2025",2025-08-15,call,78,2025-05-28,long
666,BRKB250815C00390000,2025-05-13 13:33:00,390,130.39,99.70,103.20,0.00,0.00%,,1.0,0.5396,"Aug 15, 2025",2025-08-15,call,93,2025-05-13,long
669,BRKB250815C00420000,2025-06-17 15:55:00,420,69.00,0.00,0.00,0.00,0.00%,10.0,0.0,0.0,"Aug 15, 2025",2025-08-15,call,58,2025-06-17,long
670,BRKB250815C00430000,2025-06-16 10:54:00,430,66.50,0.00,0.00,0.00,0.00%,1.0,0.0,0.0,"Aug 15, 2025",2025-08-15,call,59,2025-06-16,long
671,BRKB250815C00440000,2025-05-06 14:07:00,440,56.65,0.00,0.00,0.00,0.00%,,0.0,0.0,"Aug 15, 2025",2025-08-15,call,100,2025-05-06,long
672,BRKB250815C00450000,2025-06-17 13:03:00,450,43.86,0.00,0.00,0.00,0.00%,2.0,0.0,0.0,"Aug 15, 2025",2025-08-15,call,58,2025-06-17,long
673,BRKB250815C00460000,2025-06-17 14:32:00,460,33.60,0.00,0.00,0.00,0.00%,6.0,0.0,0.0,"Aug 15, 2025",2025-08-15,call,58,2025-06-17,long
674,BRKB250815C00470000,2025-06-17 15:30:00,470,26.83,0.00,0.00,0.00,0.00%,16.0,0.0,0.0,"Aug 15, 2025",2025-08-15,call,58,2025-06-17,long
675,BRKB250815C00480000,2025-06-17 15:55:00,480,20.00,0.00,0.00,0.00,0.00%,67.0,0.0,0.0,"Aug 15, 2025",2025-08-15,call,58,2025-06-17,long
676,BRKB250815C00490000,2025-06-17 15:55:00,490,14.10,0.00,0.00,0.00,0.00%,171.0,0.0,0.0078000000000000005,"Aug 15, 2025",2025-08-15,call,58,2025-06-17,long
677,BRKB250815C00500000,2025-06-17 15:28:00,500,9.95,0.00,0.00,0.00,0.00%,127.0,0.0,0.015600000000000001,"Aug 15, 2025",2025-08-15,call,58,2025-06-17,long
678,BRKB250815C00510000,2025-06-17 15:57:00,510,6.50,0.00,0.00,0.00,0.00%,106.0,0.0,0.0313,"Aug 15, 2025",2025-08-15,call,58,2025-06-17,long
679,BRKB250815C00520000,2025-06-17 15:40:00,520,4.13,0.00,0.00,0.00,0.00%,88.0,0.0,0.0313,"Aug 15, 2025",2025-08-15,call,58,2025-06-17,long
680,BRKB250815C00530000,2025-06-17 15:58:00,530,2.49,0.00,0.00,0.00,0.00%,442.0,0.0,0.0625,"Aug 15, 2025",2025-08-15,call,58,2025-06-17,long
681,BRKB250815C00540000,2025-06-17 15:28:00,540,1.59,0.00,0.00,0.00,0.00%,40.0,0.0,0.0625,"Aug 15, 2025",2025-08-15,call,58,2025-06-17,long
682,BRKB250815C00550000,2025-06-17 15:53:00,550,1.03,0.00,0.00,0.00,0.00%,28.0,0.0,0.0625,"Aug 15, 2025",2025-08-15,call,58,2025-06-17,long
683,BRKB250815C00560000,2025-06-17 14:33:00,560,0.67,0.00,0.00,0.00,0.00%,2.0,0.0,0.0625,"Aug 15, 2025",2025-08-15,call,58,2025-06-17,long
684,BRKB250815C00570000,2025-06-17 11:17:00,570,0.60,0.00,0.00,0.00,0.00%,10.0,0.0,0.0625,"Aug 15, 2025",2025-08-15,call,58,2025-06-17,long
685,BRKB250815C00580000,2025-06-17 14:29:00,580,0.41,0.00,0.00,0.00,0.00%,31.0,0.0,0.125,"Aug 15, 2025",2025-08-15,call,58,2025-06-17,long
686,BRKB250815C00590000,2025-04-06 11:27:00,590,0.54,0.00,0.00,0.00,0.00%,19.0,0.0,0.125,"Aug 15, 2025",2025-08-15,call,130,2025-04-06,long
687,BRKB250815C00600000,2025-06-13 10:38:00,600,0.49,0.00,0.00,0.00,0.00%,3.0,0.0,0.125,"Aug 15, 2025",2025-08-15,call,62,2025-06-13,long
688,BRKB250815C00610000,2025-06-17 14:29:00,610,0.30,0.00,0.00,0.00,0.00%,15.0,0.0,0.125,"Aug 15, 2025",2025-08-15,call,58,2025-06-17,long
691,BRKB250815C00640000,2025-05-28 10:28:00,640,0.33,0.00,0.00,0.00,0.00%,1.0,0.0,0.125,"Aug 15, 2025",2025-08-15,call,78,2025-05-28,long
692,BRKB250815C00680000,2025-05-06 10:00:00,680,0.18,0.00,0.00,0.00,0.00%,1.0,0.0,0.125,"Aug 15, 2025",2025-08-15,call,100,2025-05-06,long
693,BRKB250815C00690000,2025-06-17 15:51:00,690,0.15,0.00,0.00,0.00,0.00%,10.0,0.0,0.125,"Aug 15, 2025",2025-08-15,call,58,2025-06-17,long
694,BRKB250815C00710000,2025-05-27 12:23:00,710,0.16,0.00,0.00,0.00,0.00%,1.0,0.0,0.25,"Aug 15, 2025",2025-08-15,call,79,2025-05-27,long
695,BRKB250815C00730000,2025-06-06 10:01:00,730,0.15,0.00,0.00,0.00,0.00%,1.0,0.0,0.25,"Aug 15, 2025",2025-08-15,call,69,2025-06-06,long
696,BRKB250815C00760000,2025-05-20 12:01:00,760,0.12,0.00,0.00,0.00,0.00%,,0.0,0.25,"Aug 15, 2025",2025-08-15,call,86,2025-05-20,long
697,BRKB250815C00770000,2025-06-17 10:20:00,770,0.10,0.00,0.00,0.00,0.00%,3.0,0.0,0.25,"Aug 15, 2025",2025-08-15,call,58,2025-06-17,long
698,BRKB250815C00780000,2025-06-17 10:20:00,780,0.09,0.00,0.00,0.00,0.00%,1.0,0.0,0.25,"Aug 15, 2025",2025-08-15,call,58,2025-06-17,long
703,BRKB250815P00270000,2025-06-16 13:56:00,270,0.07,0.00,0.00,0.00,0.00%,25.0,0.0,0.25,"Aug 15, 2025",2025-08-15,put,59,2025-06-16,long
704,BRKB250815P00280000,2025-06-16 13:55:00,280,0.08,0.00,0.00,0.00,0.00%,20.0,0.0,0.25,"Aug 15, 2025",2025-08-15,put,59,2025-06-16,long
705,BRKB250815P00290000,2025-06-17 12:05:00,290,0.09,0.00,0.00,0.00,0.00%,16.0,0.0,0.25,"Aug 15, 2025",2025-08-15,put,58,2025-06-17,long
706,BRKB250815P00300000,2025-06-17 12:07:00,300,0.12,0.00,0.00,0.00,0.00%,40.0,0.0,0.25,"Aug 15, 2025",2025-08-15,put,58,2025-06-17,long
707,BRKB250815P00310000,2025-06-16 14:17:00,310,0.14,0.00,0.00,0.00,0.00%,12.0,0.0,0.25,"Aug 15, 2025",2025-08-15,put,59,2025-06-16,long
708,BRKB250815P00320000,2025-05-19 11:12:00,320,0.28,0.00,0.00,0.00,0.00%,1.0,0.0,0.25,"Aug 15, 2025",2025-08-15,put,87,2025-05-19,long
709,BRKB250815P00330000,2025-06-17 12:16:00,330,0.27,0.00,0.00,0.00,0.00%,1.0,0.0,0.25,"Aug 15, 2025",2025-08-15,put,58,2025-06-17,long
710,BRKB250815P00340000,2025-06-17 13:12:00,340,0.33,0.00,0.00,0.00,0.00%,2.0,0.0,0.125,"Aug 15, 2025",2025-08-15,put,58,2025-06-17,long
711,BRKB250815P00350000,2025-06-17 14:23:00,350,0.45,0.00,0.00,0.00,0.00%,1.0,0.0,0.125,"Aug 15, 2025",2025-08-15,put,58,2025-06-17,long
712,BRKB250815P00360000,2025-06-17 14:09:00,360,0.54,0.00,0.00,0.00,0.00%,3.0,0.0,0.125,"Aug 15, 2025",2025-08-15,put,58,2025-06-17,long
713,BRKB250815P00370000,2025-06-17 14:01:00,370,0.69,0.00,0.00,0.00,0.00%,3.0,0.0,0.125,"Aug 15, 2025",2025-08-15,put,58,2025-06-17,long
714,BRKB250815P00380000,2025-06-17 09:30:00,380,0.80,0.00,0.00,0.00,0.00%,1.0,0.0,0.125,"Aug 15, 2025",2025-08-15,put,58,2025-06-17,long
715,BRKB250815P00390000,2025-06-17 14:45:00,390,1.06,0.00,0.00,0.00,0.00%,2.0,0.0,0.125,"Aug 15, 2025",2025-08-15,put,58,2025-06-17,long
716,BRKB250815P00400000,2025-06-17 14:04:00,400,1.32,0.00,0.00,0.00,0.00%,8.0,0.0,0.125,"Aug 15, 2025",2025-08-15,put,58,2025-06-17,long
717,BRKB250815P00410000,2025-06-13 15:54:00,410,1.80,0.00,0.00,0.00,0.00%,11.0,0.0,0.0625,"Aug 15, 2025",2025-08-15,put,62,2025-06-13,long
718,BRKB250815P00420000,2025-06-17 14:16:00,420,2.05,0.00,0.00,0.00,0.00%,40.0,0.0,0.0625,"Aug 15, 2025",2025-08-15,put,58,2025-06-17,long
719,BRKB250815P00430000,2025-06-17 15:43:00,430,2.70,0.00,0.00,0.00,0.00%,10.0,0.0,0.0625,"Aug 15, 2025",2025-08-15,put,58,2025-06-17,long
720,BRKB250815P00440000,2025-06-17 14:59:00,440,3.50,0.00,0.00,0.00,0.00%,39.0,0.0,0.0625,"Aug 15, 2025",2025-08-15,put,58,2025-06-17,long
721,BRKB250815P00450000,2025-06-17 15:41:00,450,4.80,0.00,0.00,0.00,0.00%,42.0,0.0,0.0313,"Aug 15, 2025",2025-08-15,put,58,2025-06-17,long
722,BRKB250815P00460000,2025-06-17 15:58:00,460,6.45,0.00,0.00,0.00,0.00%,55.0,0.0,0.0313,"Aug 15, 2025",2025-08-15,put,58,2025-06-17,long
723,BRKB250815P00470000,2025-06-17 15:46:00,470,8.95,0.00,0.00,0.00,0.00%,20.0,0.0,0.015600000000000001,"Aug 15, 2025",2025-08-15,put,58,2025-06-17,long
724,BRKB250815P00480000,2025-06-17 15:56:00,480,12.20,0.00,0.00,0.00,0.00%,36.0,0.0,0.0039000000000000003,"Aug 15, 2025",2025-08-15,put,58,2025-06-17,long
725,BRKB250815P00490000,2025-06-17 15:12:00,490,16.30,0.00,0.00,0.00,0.00%,23.0,0.0,0.0,"Aug 15, 2025",2025-08-15,put,58,2025-06-17,long
726,BRKB250815P00500000,2025-06-17 15:22:00,500,21.95,0.00,0.00,0.00,0.00%,13.0,0.0,0.0,"Aug 15, 2025",2025-08-15,put,58,2025-06-17,long
727,BRKB250815P00510000,2025-06-17 11:18:00,510,27.20,0.00,0.00,0.00,0.00%,4.0,0.0,0.0,"Aug 15, 2025",2025-08-15,put,58,2025-06-17,long
728,BRKB250815P00520000,2025-06-17 10:48:00,520,34.40,0.00,0.00,0.00,0.00%,1.0,0.0,0.0,"Aug 15, 2025",2025-08-15,put,58,2025-06-17,long
729,BRKB250815P00530000,2025-06-17 10:48:00,530,43.35,0.00,0.00,0.00,0.00%,1.0,0.0,0.0,"Aug 15, 2025",2025-08-15,put,58,2025-06-17,long
730,BRKB250815P00540000,2025-06-17 09:47:00,540,52.00,0.00,0.00,0.00,0.00%,1.0,0.0,0.0,"Aug 15, 2025",2025-08-15,put,58,2025-06-17,long
732,BRKB250815P00780000,2025-06-16 10:26:00,780,289.30,0.00,0.00,0.00,0.00%,2.0,0.0,0.0,"Aug 15, 2025",2025-08-15,put,59,2025-06-16,long
733,BRKB250919C00250000,2025-06-06 12:55:00,250,246.05,0.00,0.00,0.00,0.00%,1.0,0.0,0.0,"Sep 19, 2025",2025-09-19,call,104,2025-06-06,long
734,BRKB250919C00260000,2025-05-06 09:31:00,260,233.95,0.00,0.00,0.00,0.00%,1.0,0.0,0.0,"Sep 19, 2025",2025-09-19,call,135,2025-05-06,long
736,BRKB250919C00280000,2025-05-06 09:31:00,280,214.30,0.00,0.00,0.00,0.00%,2.0,0.0,0.0,"Sep 19, 2025",2025-09-19,call,135,2025-05-06,long
738,BRKB250919C00300000,2025-05-06 09:57:00,300,191.90,0.00,0.00,0.00,0.00%,2.0,0.0,0.0,"Sep 19, 2025",2025-09-19,call,135,2025-05-06,long
740,BRKB250919C00320000,2025-05-06 09:31:00,320,175.15,0.00,0.00,0.00,0.00%,1.0,0.0,0.0,"Sep 19, 2025",2025-09-19,call,135,2025-05-06,long
741,BRKB250919C00330000,2025-05-30 15:54:00,330,178.95,0.00,0.00,0.00,0.00%,1.0,0.0,0.0,"Sep 19, 2025",2025-09-19,call,111,2025-05-30,long
742,BRKB250919C00340000,2025-05-20 14:53:00,340,174.88,0.00,0.00,0.00,0.00%,2.0,0.0,0.0,"Sep 19, 2025",2025-09-19,call,121,2025-05-20,long
750,BRKB250919C00385000,2025-05-06 12:39:00,385,111.05,0.00,0.00,0.00,0.00%,3.0,0.0,0.0,"Sep 19, 2025",2025-09-19,call,135,2025-05-06,long
754,BRKB250919C00405000,2025-06-16 14:46:00,405,92.45,0.00,0.00,0.00,0.00%,8.0,0.0,0.0,"Sep 19, 2025",2025-09-19,call,94,2025-06-16,long
756,BRKB250919C00415000,2025-05-22 13:06:00,415,99.85,0.00,0.00,0.00,0.00%,40.0,0.0,0.0,"Sep 19, 2025",2025-09-19,call,119,2025-05-22,long
757,BRKB250919C00420000,2025-06-16 15:56:00,420,78.69,0.00,0.00,0.00,0.00%,1.0,0.0,0.0,"Sep 19, 2025",2025-09-19,call,94,2025-06-16,long
758,BRKB250919C00425000,2025-05-06 11:12:00,425,71.85,0.00,0.00,0.00,0.00%,513.0,0.0,0.0,"Sep 19, 2025",2025-09-19,call,135,2025-05-06,long
759,BRKB250919C00430000,2025-06-17 15:58:00,430,63.73,0.00,0.00,0.00,0.00%,9.0,0.0,0.0,"Sep 19, 2025",2025-09-19,call,93,2025-06-17,long
761,BRKB250919C00440000,2025-06-17 09:30:00,440,59.35,0.00,0.00,0.00,0.00%,2.0,0.0,0.0,"Sep 19, 2025",2025-09-19,call,93,2025-06-17,long
763,BRKB250919C00450000,2025-06-17 13:17:00,450,47.44,0.00,0.00,0.00,0.00%,7.0,0.0,0.0,"Sep 19, 2025",2025-09-19,call,93,2025-06-17,long
764,BRKB250919C00455000,2025-06-17 13:57:00,455,43.40,0.00,0.00,0.00,0.00%,2.0,0.0,0.0,"Sep 19, 2025",2025-09-19,call,93,2025-06-17,long
765,BRKB250919C00460000,2025-06-17 11:39:00,460,40.22,0.00,0.00,0.00,0.00%,8.0,0.0,0.0,"Sep 19, 2025",2025-09-19,call,93,2025-06-17,long
767,BRKB250919C00470000,2025-06-17 13:33:00,470,32.10,0.00,0.00,0.00,0.00%,11.0,0.0,0.0,"Sep 19, 2025",2025-09-19,call,93,2025-06-17,long
768,BRKB250919C00475000,2025-06-16 14:38:00,475,32.00,0.00,0.00,0.00,0.00%,5.0,0.0,0.0,"Sep 19, 2025",2025-09-19,call,94,2025-06-16,long
769,BRKB250919C00480000,2025-06-17 15:55:00,480,25.00,0.00,0.00,0.00,0.00%,28.0,0.0,0.0,"Sep 19, 2025",2025-09-19,call,93,2025-06-17,long
770,BRKB250919C00485000,2025-06-17 15:59:00,485,21.85,0.00,0.00,0.00,0.00%,77.0,0.0,0.002,"Sep 19, 2025",2025-09-19,call,93,2025-06-17,long
771,BRKB250919C00490000,2025-06-17 15:56:00,490,19.45,0.00,0.00,0.00,0.00%,26.0,0.0,0.0078000000000000005,"Sep 19, 2025",2025-09-19,call,93,2025-06-17,long
772,BRKB250919C00495000,2025-06-17 15:12:00,495,17.05,0.00,0.00,0.00,0.00%,36.0,0.0,0.0078000000000000005,"Sep 19, 2025",2025-09-19,call,93,2025-06-17,long
773,BRKB250919C00500000,2025-06-17 15:22:00,500,14.60,0.00,0.00,0.00,0.00%,42.0,0.0,0.015600000000000001,"Sep 19, 2025",2025-09-19,call,93,2025-06-17,long
774,BRKB250919C00505000,2025-06-17 15:15:00,505,12.50,0.00,0.00,0.00,0.00%,55.0,0.0,0.015600000000000001,"Sep 19, 2025",2025-09-19,call,93,2025-06-17,long
775,BRKB250919C00510000,2025-06-17 15:23:00,510,10.60,0.00,0.00,0.00,0.00%,48.0,0.0,0.0313,"Sep 19, 2025",2025-09-19,call,93,2025-06-17,long
776,BRKB250919C00515000,2025-06-17 15:21:00,515,8.80,0.00,0.00,0.00,0.00%,29.0,0.0,0.0313,"Sep 19, 2025",2025-09-19,call,93,2025-06-17,long
777,BRKB250919C00520000,2025-06-17 15:46:00,520,7.35,0.00,0.00,0.00,0.00%,68.0,0.0,0.0313,"Sep 19, 2025",2025-09-19,call,93,2025-06-17,long
778,BRKB250919C00525000,2025-06-17 14:55:00,525,6.10,0.00,0.00,0.00,0.00%,35.0,0.0,0.0313,"Sep 19, 2025",2025-09-19,call,93,2025-06-17,long
779,BRKB250919C00530000,2025-06-17 14:57:00,530,5.10,0.00,0.00,0.00,0.00%,7.0,0.0,0.0313,"Sep 19, 2025",2025-09-19,call,93,2025-06-17,long
780,BRKB250919C00535000,2025-06-17 14:25:00,535,4.05,0.00,0.00,0.00,0.00%,18.0,0.0,0.0313,"Sep 19, 2025",2025-09-19,call,93,2025-06-17,long
781,BRKB250919C00540000,2025-06-17 15:54:00,540,3.40,0.00,0.00,0.00,0.00%,71.0,0.0,0.0313,"Sep 19, 2025",2025-09-19,call,93,2025-06-17,long
782,BRKB250919C00545000,2025-06-17 15:39:00,545,2.93,0.00,0.00,0.00,0.00%,1.0,0.0,0.0625,"Sep 19, 2025",2025-09-19,call,93,2025-06-17,long
783,BRKB250919C00550000,2025-06-17 14:58:00,550,2.35,0.00,0.00,0.00,0.00%,36.0,0.0,0.0625,"Sep 19, 2025",2025-09-19,call,93,2025-06-17,long
784,BRKB250919C00560000,2025-06-17 15:45:00,560,1.67,0.00,0.00,0.00,0.00%,12.0,0.0,0.0625,"Sep 19, 2025",2025-09-19,call,93,2025-06-17,long
785,BRKB250919C00570000,2025-06-17 13:39:00,570,1.19,0.00,0.00,0.00,0.00%,23.0,0.0,0.0625,"Sep 19, 2025",2025-09-19,call,93,2025-06-17,long
786,BRKB250919C00580000,2025-06-17 15:57:00,580,0.92,0.00,0.00,0.00,0.00%,5.0,0.0,0.0625,"Sep 19, 2025",2025-09-19,call,93,2025-06-17,long
787,BRKB250919C00590000,2025-06-17 10:35:00,590,0.77,0.00,0.00,0.00,0.00%,2.0,0.0,0.0625,"Sep 19, 2025",2025-09-19,call,93,2025-06-17,long
788,BRKB250919C00600000,2025-06-17 10:45:00,600,0.63,0.00,0.00,0.00,0.00%,1.0,0.0,0.0625,"Sep 19, 2025",2025-09-19,call,93,2025-06-17,long
789,BRKB250919C00610000,2025-06-13 14:41:00,610,0.62,0.00,0.00,0.00,0.00%,3.0,0.0,0.0625,"Sep 19, 2025",2025-09-19,call,97,2025-06-13,long
790,BRKB250919C00620000,2025-06-06 12:07:00,620,0.54,0.00,0.00,0.00,0.00%,5.0,0.0,0.125,"Sep 19, 2025",2025-09-19,call,104,2025-06-06,long
791,BRKB250919C00630000,2025-06-13 09:34:00,630,0.47,0.00,0.00,0.00,0.00%,1.0,0.0,0.125,"Sep 19, 2025",2025-09-19,call,97,2025-06-13,long
794,BRKB250919C00660000,2025-06-16 11:59:00,660,0.30,0.00,0.00,0.00,0.00%,25.0,0.0,0.125,"Sep 19, 2025",2025-09-19,call,94,2025-06-16,long
795,BRKB250919C00670000,2025-06-16 15:01:00,670,0.28,0.00,0.00,0.00,0.00%,2.0,0.0,0.125,"Sep 19, 2025",2025-09-19,call,94,2025-06-16,long
797,BRKB250919C00690000,2025-06-06 15:21:00,690,0.25,0.00,0.00,0.00,0.00%,1.0,0.0,0.125,"Sep 19, 2025",2025-09-19,call,104,2025-06-06,long
798,BRKB250919C00700000,2025-06-17 15:15:00,700,0.20,0.00,0.00,0.00,0.00%,2.0,0.0,0.125,"Sep 19, 2025",2025-09-19,call,93,2025-06-17,long
802,BRKB250919P00250000,2025-06-13 09:34:00,250,0.12,0.00,0.00,0.00,0.00%,2.0,0.0,0.25,"Sep 19, 2025",2025-09-19,put,97,2025-06-13,long
803,BRKB250919P00260000,2025-06-16 13:57:00,260,0.13,0.00,0.00,0.00,0.00%,25.0,0.0,0.25,"Sep 19, 2025",2025-09-19,put,94,2025-06-16,long
804,BRKB250919P00270000,2025-06-16 13:57:00,270,0.15,0.00,0.00,0.00,0.00%,20.0,0.0,0.25,"Sep 19, 2025",2025-09-19,put,94,2025-06-16,long
805,BRKB250919P00280000,2025-06-17 15:03:00,280,0.21,0.00,0.00,0.00,0.00%,5.0,0.0,0.25,"Sep 19, 2025",2025-09-19,put,93,2025-06-17,long
808,BRKB250919P00310000,2025-06-17 12:51:00,310,0.40,0.00,0.00,0.00,0.00%,1.0,0.0,0.125,"Sep 19, 2025",2025-09-19,put,93,2025-06-17,long
811,BRKB250919P00340000,2025-06-17 12:51:00,340,0.73,0.00,0.00,0.00,0.00%,1.0,0.0,0.125,"Sep 19, 2025",2025-09-19,put,93,2025-06-17,long
812,BRKB250919P00350000,2025-06-13 13:18:00,350,0.89,0.00,0.00,0.00,0.00%,1.0,0.0,0.125,"Sep 19, 2025",2025-09-19,put,97,2025-06-13,long
813,BRKB250919P00355000,2025-05-23 10:12:00,355,1.42,0.00,0.00,0.00,0.00%,52.0,0.0,0.125,"Sep 19, 2025",2025-09-19,put,118,2025-05-23,long
814,BRKB250919P00360000,2025-06-17 10:12:00,360,1.00,0.00,0.00,0.00,0.00%,1.0,0.0,0.125,"Sep 19, 2025",2025-09-19,put,93,2025-06-17,long
815,BRKB250919P00365000,2025-06-16 10:05:00,365,0.96,0.00,0.00,0.00,0.00%,1.0,0.0,0.125,"Sep 19, 2025",2025-09-19,put,94,2025-06-16,long
816,BRKB250919P00370000,2025-06-16 13:12:00,370,1.11,0.00,0.00,0.00,0.00%,1.0,0.0,0.125,"Sep 19, 2025",2025-09-19,put,94,2025-06-16,long
818,BRKB250919P00380000,2025-06-16 15:55:00,380,1.35,0.00,0.00,0.00,0.00%,1.0,0.0,0.125,"Sep 19, 2025",2025-09-19,put,94,2025-06-16,long
819,BRKB250919P00385000,2025-06-17 14:41:00,385,1.75,0.00,0.00,0.00,0.00%,32.0,0.0,0.0625,"Sep 19, 2025",2025-09-19,put,93,2025-06-17,long
820,BRKB250919P00390000,2025-06-17 09:30:00,390,1.72,0.00,0.00,0.00,0.00%,1.0,0.0,0.0625,"Sep 19, 2025",2025-09-19,put,93,2025-06-17,long
821,BRKB250919P00395000,2025-05-27 13:27:00,395,2.05,0.00,0.00,0.00,0.00%,5.0,0.0,0.0625,"Sep 19, 2025",2025-09-19,put,114,2025-05-27,long
822,BRKB250919P00400000,2025-06-17 11:29:00,400,2.16,0.00,0.00,0.00,0.00%,9.0,0.0,0.0625,"Sep 19, 2025",2025-09-19,put,93,2025-06-17,long
823,BRKB250919P00405000,2025-06-16 13:26:00,405,2.15,0.00,0.00,0.00,0.00%,1.0,0.0,0.0625,"Sep 19, 2025",2025-09-19,put,94,2025-06-16,long
824,BRKB250919P00410000,2025-06-17 15:38:00,410,2.92,0.00,0.00,0.00,0.00%,2.0,0.0,0.0625,"Sep 19, 2025",2025-09-19,put,93,2025-06-17,long
825,BRKB250919P00415000,2025-06-17 15:39:00,415,3.25,0.00,0.00,0.00,0.00%,1.0,0.0,0.0625,"Sep 19, 2025",2025-09-19,put,93,2025-06-17,long
826,BRKB250919P00420000,2025-06-17 15:33:00,420,3.60,0.00,0.00,0.00,0.00%,7.0,0.0,0.0625,"Sep 19, 2025",2025-09-19,put,93,2025-06-17,long
827,BRKB250919P00425000,2025-06-17 15:39:00,425,4.05,0.00,0.00,0.00,0.00%,1.0,0.0,0.0625,"Sep 19, 2025",2025-09-19,put,93,2025-06-17,long
828,BRKB250919P00430000,2025-06-17 15:38:00,430,4.55,0.00,0.00,0.00,0.00%,2.0,0.0,0.0625,"Sep 19, 2025",2025-09-19,put,93,2025-06-17,long
829,BRKB250919P00435000,2025-06-17 15:28:00,435,5.00,0.00,0.00,0.00,0.00%,2.0,0.0,0.0313,"Sep 19, 2025",2025-09-19,put,93,2025-06-17,long
830,BRKB250919P00440000,2025-06-17 15:52:00,440,5.65,0.00,0.00,0.00,0.00%,22.0,0.0,0.0313,"Sep 19, 2025",2025-09-19,put,93,2025-06-17,long
831,BRKB250919P00445000,2025-06-17 15:37:00,445,6.50,0.00,0.00,0.00,0.00%,2.0,0.0,0.0313,"Sep 19, 2025",2025-09-19,put,93,2025-06-17,long
832,BRKB250919P00450000,2025-06-17 15:41:00,450,7.35,0.00,0.00,0.00,0.00%,16.0,0.0,0.0313,"Sep 19, 2025",2025-09-19,put,93,2025-06-17,long
833,BRKB250919P00455000,2025-06-17 13:44:00,455,7.75,0.00,0.00,0.00,0.00%,14.0,0.0,0.0313,"Sep 19, 2025",2025-09-19,put,93,2025-06-17,long
834,BRKB250919P00460000,2025-06-17 15:30:00,460,9.30,0.00,0.00,0.00,0.00%,34.0,0.0,0.015600000000000001,"Sep 19, 2025",2025-09-19,put,93,2025-06-17,long
835,BRKB250919P00465000,2025-06-17 14:48:00,465,10.65,0.00,0.00,0.00,0.00%,47.0,0.0,0.015600000000000001,"Sep 19, 2025",2025-09-19,put,93,2025-06-17,long
836,BRKB250919P00470000,2025-06-17 15:21:00,470,11.95,0.00,0.00,0.00,0.00%,39.0,0.0,0.015600000000000001,"Sep 19, 2025",2025-09-19,put,93,2025-06-17,long
837,BRKB250919P00475000,2025-06-17 15:55:00,475,13.80,0.00,0.00,0.00,0.00%,66.0,0.0,0.0078000000000000005,"Sep 19, 2025",2025-09-19,put,93,2025-06-17,long
838,BRKB250919P00480000,2025-06-17 15:44:00,480,15.55,0.00,0.00,0.00,0.00%,67.0,0.0,0.0039000000000000003,"Sep 19, 2025",2025-09-19,put,93,2025-06-17,long
839,BRKB250919P00485000,2025-06-17 15:58:00,485,17.80,0.00,0.00,0.00,0.00%,80.0,0.0,0.0,"Sep 19, 2025",2025-09-19,put,93,2025-06-17,long
840,BRKB250919P00490000,2025-06-17 14:49:00,490,19.90,0.00,0.00,0.00,0.00%,52.0,0.0,0.0,"Sep 19, 2025",2025-09-19,put,93,2025-06-17,long
841,BRKB250919P00495000,2025-06-17 14:32:00,495,22.30,0.00,0.00,0.00,0.00%,3.0,0.0,0.0,"Sep 19, 2025",2025-09-19,put,93,2025-06-17,long
842,BRKB250919P00500000,2025-06-17 13:20:00,500,24.50,0.00,0.00,0.00,0.00%,5.0,0.0,0.0,"Sep 19, 2025",2025-09-19,put,93,2025-06-17,long
843,BRKB250919P00505000,2025-06-13 12:25:00,505,24.25,0.00,0.00,0.00,0.00%,1.0,0.0,0.0,"Sep 19, 2025",2025-09-19,put,97,2025-06-13,long
844,BRKB250919P00510000,2025-06-17 10:45:00,510,28.76,0.00,0.00,0.00,0.00%,3.0,0.0,0.0,"Sep 19, 2025",2025-09-19,put,93,2025-06-17,long
845,BRKB250919P00515000,2025-06-17 11:53:00,515,33.08,0.00,0.00,0.00,0.00%,1.0,0.0,0.0,"Sep 19, 2025",2025-09-19,put,93,2025-06-17,long
846,BRKB250919P00520000,2025-06-13 12:57:00,520,34.30,0.00,0.00,0.00,0.00%,9.0,0.0,0.0,"Sep 19, 2025",2025-09-19,put,97,2025-06-13,long
847,BRKB250919P00525000,2025-06-17 10:45:00,525,39.83,0.00,0.00,0.00,0.00%,3.0,0.0,0.0,"Sep 19, 2025",2025-09-19,put,93,2025-06-17,long
848,BRKB250919P00530000,2025-06-16 09:33:00,530,40.18,0.00,0.00,0.00,0.00%,1.0,0.0,0.0,"Sep 19, 2025",2025-09-19,put,94,2025-06-16,long
849,BRKB250919P00535000,2025-06-13 13:14:00,535,47.40,0.00,0.00,0.00,0.00%,13.0,0.0,0.0,"Sep 19, 2025",2025-09-19,put,97,2025-06-13,long
850,BRKB250919P00540000,2025-06-13 13:15:00,540,51.85,0.00,0.00,0.00,0.00%,13.0,0.0,0.0,"Sep 19, 2025",2025-09-19,put,97,2025-06-13,long
851,BRKB250919P00545000,2025-06-17 15:49:00,545,61.80,0.00,0.00,0.00,0.00%,600.0,0.0,0.0,"Sep 19, 2025",2025-09-19,put,93,2025-06-17,long
853,BRKB250919P00560000,2025-05-19 15:14:00,560,48.56,0.00,0.00,0.00,0.00%,1.0,0.0,0.0,"Sep 19, 2025",2025-09-19,put,122,2025-05-19,long
855,BRKB250919P00580000,2025-05-16 15:09:00,580,66.35,94.95,97.25,0.00,0.00%,2.0,0.0,0.1984,"Sep 19, 2025",2025-09-19,put,125,2025-05-16,long
856,BRKB250919P00590000,2025-04-25 10:23:00,590,65.05,84.55,87.75,0.00,0.00%,1.0,0.0,0.0,"Sep 19, 2025",2025-09-19,put,146,2025-04-25,long
857,BRKB250919P00600000,2025-05-16 15:09:00,600,86.16,114.85,117.40,0.00,0.00%,2.0,0.0,0.2351,"Sep 19, 2025",2025-09-19,put,125,2025-05-16,long
860,BRKB250919P00650000,2025-04-28 11:54:00,650,120.00,144.80,147.70,0.00,0.00%,2.0,0.0,0.0,"Sep 19, 2025",2025-09-19,put,143,2025-04-28,long
862,BRKB250919P00700000,2025-07-05 15:29:00,700,181.85,205.30,208.25,0.00,0.00%,1.0,0.0,0.0,"Sep 19, 2025",2025-09-19,put,75,2025-07-05,long
863,BRKB251017C00390000,2025-09-06 13:48:00,390,111.96,0.00,0.00,0.00,0.00%,2.0,0.0,0.0,"Oct 17, 2025",2025-10-17,call,40,2025-09-06,medium
864,BRKB251017C00400000,2025-06-16 15:55:00,400,99.60,0.00,0.00,0.00,0.00%,1.0,0.0,0.0,"Oct 17, 2025",2025-10-17,call,122,2025-06-16,long
865,BRKB251017C00410000,2025-06-17 09:38:00,410,88.10,0.00,0.00,0.00,0.00%,1.0,0.0,0.0,"Oct 17, 2025",2025-10-17,call,121,2025-06-17,long
866,BRKB251017C00420000,2025-09-06 13:49:00,420,84.80,0.00,0.00,0.00,0.00%,2.0,0.0,0.0,"Oct 17, 2025",2025-10-17,call,40,2025-09-06,medium
867,BRKB251017C00430000,2025-06-16 10:51:00,430,72.70,0.00,0.00,0.00,0.00%,1.0,0.0,0.0,"Oct 17, 2025",2025-10-17,call,122,2025-06-16,long
868,BRKB251017C00440000,2025-06-17 14:58:00,440,58.40,0.00,0.00,0.00,0.00%,1.0,0.0,0.0,"Oct 17, 2025",2025-10-17,call,121,2025-06-17,long
870,BRKB251017C00460000,2025-06-17 11:25:00,460,43.67,0.00,0.00,0.00,0.00%,12.0,0.0,0.0,"Oct 17, 2025",2025-10-17,call,121,2025-06-17,long
871,BRKB251017C00470000,2025-06-13 13:25:00,470,37.65,0.00,0.00,0.00,0.00%,3.0,0.0,0.0,"Oct 17, 2025",2025-10-17,call,125,2025-06-13,long
872,BRKB251017C00475000,2025-06-17 13:19:00,475,31.85,0.00,0.00,0.00,0.00%,2.0,0.0,0.0,"Oct 17, 2025",2025-10-17,call,121,2025-06-17,long
873,BRKB251017C00480000,2025-06-17 14:41:00,480,28.00,0.00,0.00,0.00,0.00%,1.0,0.0,0.0,"Oct 17, 2025",2025-10-17,call,121,2025-06-17,long
874,BRKB251017C00485000,2025-06-17 14:38:00,485,25.14,0.00,0.00,0.00,0.00%,8.0,0.0,0.002,"Oct 17, 2025",2025-10-17,call,121,2025-06-17,long
875,BRKB251017C00490000,2025-06-17 12:09:00,490,23.00,0.00,0.00,0.00,0.00%,13.0,0.0,0.0078000000000000005,"Oct 17, 2025",2025-10-17,call,121,2025-06-17,long
876,BRKB251017C00495000,2025-06-17 15:54:00,495,19.90,0.00,0.00,0.00,0.00%,8.0,0.0,0.0078000000000000005,"Oct 17, 2025",2025-10-17,call,121,2025-06-17,long
877,BRKB251017C00500000,2025-06-17 15:07:00,500,17.70,0.00,0.00,0.00,0.00%,9.0,0.0,0.015600000000000001,"Oct 17, 2025",2025-10-17,call,121,2025-06-17,long
878,BRKB251017C00505000,2025-06-17 14:26:00,505,15.30,0.00,0.00,0.00,0.00%,5.0,0.0,0.015600000000000001,"Oct 17, 2025",2025-10-17,call,121,2025-06-17,long
879,BRKB251017C00510000,2025-06-17 14:26:00,510,13.25,0.00,0.00,0.00,0.00%,24.0,0.0,0.015600000000000001,"Oct 17, 2025",2025-10-17,call,121,2025-06-17,long
880,BRKB251017C00515000,2025-06-17 14:02:00,515,11.40,0.00,0.00,0.00,0.00%,9.0,0.0,0.0313,"Oct 17, 2025",2025-10-17,call,121,2025-06-17,long
881,BRKB251017C00520000,2025-06-17 14:26:00,520,9.80,0.00,0.00,0.00,0.00%,10.0,0.0,0.0313,"Oct 17, 2025",2025-10-17,call,121,2025-06-17,long
882,BRKB251017C00525000,2025-06-17 14:26:00,525,8.35,0.00,0.00,0.00,0.00%,24.0,0.0,0.0313,"Oct 17, 2025",2025-10-17,call,121,2025-06-17,long
883,BRKB251017C00530000,2025-06-17 11:07:00,530,7.60,0.00,0.00,0.00,0.00%,1.0,0.0,0.0313,"Oct 17, 2025",2025-10-17,call,121,2025-06-17,long
884,BRKB251017C00535000,2025-06-17 12:09:00,535,6.20,0.00,0.00,0.00,0.00%,4.0,0.0,0.0313,"Oct 17, 2025",2025-10-17,call,121,2025-06-17,long
886,BRKB251017C00550000,2025-06-17 14:43:00,550,3.45,0.00,0.00,0.00,0.00%,8.0,0.0,0.0625,"Oct 17, 2025",2025-10-17,call,121,2025-06-17,long
887,BRKB251017C00555000,2025-06-06 12:06:00,555,4.82,0.00,0.00,0.00,0.00%,2.0,0.0,0.0625,"Oct 17, 2025",2025-10-17,call,132,2025-06-06,long
888,BRKB251017C00560000,2025-06-17 13:11:00,560,2.68,0.00,0.00,0.00,0.00%,13.0,0.0,0.0625,"Oct 17, 2025",2025-10-17,call,121,2025-06-17,long
889,BRKB251017C00565000,2025-06-06 15:26:00,565,3.40,0.00,0.00,0.00,0.00%,3.0,0.0,0.0625,"Oct 17, 2025",2025-10-17,call,132,2025-06-06,long
890,BRKB251017C00570000,2025-06-16 10:02:00,570,2.40,0.00,0.00,0.00,0.00%,3.0,0.0,0.0625,"Oct 17, 2025",2025-10-17,call,122,2025-06-16,long
891,BRKB251017C00580000,2025-06-17 14:06:00,580,1.40,0.00,0.00,0.00,0.00%,1.0,0.0,0.0625,"Oct 17, 2025",2025-10-17,call,121,2025-06-17,long
892,BRKB251017C00585000,2025-10-06 11:18:00,585,1.65,0.00,0.00,0.00,0.00%,,0.0,0.0625,"Oct 17, 2025",2025-10-17,call,10,2025-10-06,short
893,BRKB251017C00590000,2025-09-06 14:39:00,590,1.58,0.00,0.00,0.00,0.00%,1.0,0.0,0.0625,"Oct 17, 2025",2025-10-17,call,40,2025-09-06,medium
894,BRKB251017C00730000,2025-06-13 09:34:00,730,0.26,0.00,0.00,0.00,0.00%,,0.0,0.125,"Oct 17, 2025",2025-10-17,call,125,2025-06-13,long
898,BRKB251017P00250000,2025-06-16 13:58:00,250,0.18,0.00,0.00,0.00,0.00%,10.0,0.0,0.25,"Oct 17, 2025",2025-10-17,put,122,2025-06-16,long
899,BRKB251017P00300000,2025-06-16 15:31:00,300,0.48,0.00,0.00,0.00,0.00%,1.0,0.0,0.125,"Oct 17, 2025",2025-10-17,put,122,2025-06-16,long
900,BRKB251017P00340000,2025-06-17 10:34:00,340,1.01,0.00,0.00,0.00,0.00%,1.0,0.0,0.125,"Oct 17, 2025",2025-10-17,put,121,2025-06-17,long
901,BRKB251017P00350000,2025-06-16 13:30:00,350,1.12,0.00,0.00,0.00,0.00%,3.0,0.0,0.125,"Oct 17, 2025",2025-10-17,put,122,2025-06-16,long
902,BRKB251017P00380000,2025-06-06 10:17:00,380,1.80,0.00,0.00,0.00,0.00%,10.0,0.0,0.0625,"Oct 17, 2025",2025-10-17,put,132,2025-06-06,long
903,BRKB251017P00390000,2025-06-13 15:53:00,390,2.62,0.00,0.00,0.00,0.00%,,0.0,0.0625,"Oct 17, 2025",2025-10-17,put,125,2025-06-13,long
905,BRKB251017P00410000,2025-09-06 15:06:00,410,3.19,0.00,0.00,0.00,0.00%,2.0,0.0,0.0625,"Oct 17, 2025",2025-10-17,put,40,2025-09-06,medium
906,BRKB251017P00420000,2025-06-17 10:50:00,420,4.11,0.00,0.00,0.00,0.00%,4.0,0.0,0.0625,"Oct 17, 2025",2025-10-17,put,121,2025-06-17,long
907,BRKB251017P00425000,2025-06-17 15:02:00,425,4.90,0.00,0.00,0.00,0.00%,1.0,0.0,0.0625,"Oct 17, 2025",2025-10-17,put,121,2025-06-17,long
908,BRKB251017P00430000,2025-06-16 10:06:00,430,4.43,0.00,0.00,0.00,0.00%,1.0,0.0,0.0313,"Oct 17, 2025",2025-10-17,put,122,2025-06-16,long
910,BRKB251017P00440000,2025-06-16 12:50:00,440,5.70,0.00,0.00,0.00,0.00%,1.0,0.0,0.0313,"Oct 17, 2025",2025-10-17,put,122,2025-06-16,long
912,BRKB251017P00450000,2025-06-13 15:38:00,450,8.40,0.00,0.00,0.00,0.00%,1.0,0.0,0.0313,"Oct 17, 2025",2025-10-17,put,125,2025-06-13,long
914,BRKB251017P00460000,2025-06-17 14:00:00,460,10.75,0.00,0.00,0.00,0.00%,3.0,0.0,0.015600000000000001,"Oct 17, 2025",2025-10-17,put,121,2025-06-17,long
915,BRKB251017P00465000,2025-06-17 12:21:00,465,11.55,0.00,0.00,0.00,0.00%,1.0,0.0,0.015600000000000001,"Oct 17, 2025",2025-10-17,put,121,2025-06-17,long
916,BRKB251017P00470000,2025-06-17 11:00:00,470,12.50,0.00,0.00,0.00,0.00%,3.0,0.0,0.0078000000000000005,"Oct 17, 2025",2025-10-17,put,121,2025-06-17,long
917,BRKB251017P00475000,2025-06-16 10:55:00,475,12.65,0.00,0.00,0.00,0.00%,1.0,0.0,0.0078000000000000005,"Oct 17, 2025",2025-10-17,put,122,2025-06-16,long
918,BRKB251017P00480000,2025-06-17 11:59:00,480,16.10,0.00,0.00,0.00,0.00%,4.0,0.0,0.0039000000000000003,"Oct 17, 2025",2025-10-17,put,121,2025-06-17,long
919,BRKB251017P00485000,2025-06-17 12:05:00,485,18.20,0.00,0.00,0.00,0.00%,3.0,0.0,0.0,"Oct 17, 2025",2025-10-17,put,121,2025-06-17,long
920,BRKB251017P00490000,2025-06-16 12:33:00,490,17.80,0.00,0.00,0.00,0.00%,23.0,0.0,0.0,"Oct 17, 2025",2025-10-17,put,122,2025-06-16,long
921,BRKB251017P00495000,2025-06-16 12:34:00,495,20.00,0.00,0.00,0.00,0.00%,5.0,0.0,0.0,"Oct 17, 2025",2025-10-17,put,122,2025-06-16,long
922,BRKB251017P00500000,2025-06-17 14:37:00,500,26.70,0.00,0.00,0.00,0.00%,4.0,0.0,0.0,"Oct 17, 2025",2025-10-17,put,121,2025-06-17,long
923,BRKB251017P00505000,2025-06-13 10:08:00,505,27.40,0.00,0.00,0.00,0.00%,1.0,0.0,0.0,"Oct 17, 2025",2025-10-17,put,125,2025-06-13,long
924,BRKB251017P00510000,2025-06-17 14:37:00,510,32.72,0.00,0.00,0.00,0.00%,3.0,0.0,0.0,"Oct 17, 2025",2025-10-17,put,121,2025-06-17,long
925,BRKB251017P00515000,2025-10-06 14:49:00,515,31.38,0.00,0.00,0.00,0.00%,1.0,0.0,0.0,"Oct 17, 2025",2025-10-17,put,10,2025-10-06,short
926,BRKB251017P00525000,2025-06-13 10:08:00,525,40.98,0.00,0.00,0.00,0.00%,1.0,0.0,0.0,"Oct 17, 2025",2025-10-17,put,125,2025-06-13,long
927,BRKB251017P00540000,2025-09-06 09:31:00,540,48.50,0.00,0.00,0.00,0.00%,1.0,0.0,0.0,"Oct 17, 2025",2025-10-17,put,40,2025-09-06,medium
930,BRKB251121C00405000,2025-09-06 13:49:00,405,101.45,0.00,0.00,0.00,0.00%,2.0,0.0,0.0,"Nov 21, 2025",2025-11-21,call,75,2025-09-06,long
1010,BRKB251219C00270000,2025-09-04 13:02:00,270,237.25,250.40,254.10,0.00,0.00%,2.0,68.0,1.1396,"Dec 19, 2025",2025-12-19,call,105,2025-09-04,long
1017,BRKB251219C00340000,2025-09-06 10:31:00,340,161.75,0.00,0.00,0.00,0.00%,3.0,0.0,0.0,"Dec 19, 2025",2025-12-19,call,103,2025-09-06,long
1064,BRKB251219C00620000,2025-10-06 14:31:00,620,1.70,0.00,0.00,0.00,0.00%,1.0,0.0,0.0625,"Dec 19, 2025",2025-12-19,call,73,2025-10-06,long
1077,BRKB251219P00250000,2025-10-06 13:31:00,250,0.44,0.00,0.00,0.00,0.00%,80.0,0.0,0.125,"Dec 19, 2025",2025-12-19,put,73,2025-10-06,long
1086,BRKB251219P00340000,2025-10-06 12:49:00,340,1.70,0.00,0.00,0.00,0.00%,3.0,0.0,0.125,"Dec 19, 2025",2025-12-19,put,73,2025-10-06,long
1112,BRKB251219P00515000,2025-09-06 13:47:00,515,32.88,0.00,0.00,0.00,0.00%,1.0,0.0,0.0,"Dec 19, 2025",2025-12-19,put,103,2025-09-06,long
1119,BRKB251219P00550000,2025-09-06 13:28:00,550,57.37,0.00,0.00,0.00,0.00%,2.0,0.0,0.0,"Dec 19, 2025",2025-12-19,put,103,2025-09-06,long
1127,BRKB251219P00590000,2025-10-04 13:34:00,590,85.55,76.00,78.20,0.00,0.00%,1.0,9.0,0.0,"Dec 19, 2025",2025-12-19,put,75,2025-10-04,long
1133,BRKB251219P00630000,2025-08-04 09:50:00,630,122.34,115.30,117.15,0.00,0.00%,1.0,0.0,0.0,"Dec 19, 2025",2025-12-19,put,136,2025-08-04,long
1143,BRKB260116C00240000,2025-12-06 15:57:00,240,256.82,0.00,0.00,0.00,0.00%,2.0,0.0,0.0,"Jan 16, 2026",2026-01-16,call,40,2025-12-06,medium
1144,BRKB260116C00250000,2025-10-06 10:21:00,250,248.85,0.00,0.00,0.00,0.00%,2.0,0.0,0.0,"Jan 16, 2026",2026-01-16,call,101,2025-10-06,long
1145,BRKB260116C00260000,2025-10-06 10:05:00,260,239.10,0.00,0.00,0.00,0.00%,1.0,0.0,0.0,"Jan 16, 2026",2026-01-16,call,101,2025-10-06,long
1150,BRKB260116C00310000,2025-12-06 13:10:00,310,188.45,0.00,0.00,0.00,0.00%,2.0,0.0,0.0,"Jan 16, 2026",2026-01-16,call,40,2025-12-06,medium
1153,BRKB260116C00340000,2025-11-06 15:49:00,340,159.30,0.00,0.00,0.00,0.00%,4.0,0.0,0.0,"Jan 16, 2026",2026-01-16,call,70,2025-11-06,long
1156,BRKB260116C00370000,2025-10-06 10:58:00,370,136.45,0.00,0.00,0.00,0.00%,2.0,0.0,0.0,"Jan 16, 2026",2026-01-16,call,101,2025-10-06,long
1158,BRKB260116C00390000,2025-11-06 12:06:00,390,115.52,0.00,0.00,0.00,0.00%,3.0,0.0,0.0,"Jan 16, 2026",2026-01-16,call,70,2025-11-06,long
1161,BRKB260116C00420000,2025-11-06 12:30:00,420,88.99,0.00,0.00,0.00,0.00%,4.0,0.0,0.0,"Jan 16, 2026",2026-01-16,call,70,2025-11-06,long
1183,BRKB260116C00640000,2025-09-06 11:53:00,640,1.69,0.00,0.00,0.00,0.00%,50.0,0.0,0.0625,"Jan 16, 2026",2026-01-16,call,131,2025-09-06,long
1189,BRKB260116C00700000,2025-12-06 09:41:00,700,0.82,0.00,0.00,0.00,0.00%,20.0,0.0,0.125,"Jan 16, 2026",2026-01-16,call,40,2025-12-06,medium
1200,BRKB260116P00210000,2025-12-06 13:35:00,210,0.30,0.00,0.00,0.00,0.00%,15.0,0.0,0.25,"Jan 16, 2026",2026-01-16,put,40,2025-12-06,medium
1201,BRKB260116P00220000,2025-12-06 13:35:00,220,0.39,0.00,0.00,0.00,0.00%,12.0,0.0,0.25,"Jan 16, 2026",2026-01-16,put,40,2025-12-06,medium
1203,BRKB260116P00240000,2025-12-06 13:34:00,240,0.54,0.00,0.00,0.00,0.00%,10.0,0.0,0.125,"Jan 16, 2026",2026-01-16,put,40,2025-12-06,medium
1204,BRKB260116P00250000,2025-12-06 13:33:00,250,0.66,0.00,0.00,0.00,0.00%,10.0,0.0,0.125,"Jan 16, 2026",2026-01-16,put,40,2025-12-06,medium
1231,BRKB260116P00520000,2025-11-06 15:51:00,520,40.80,0.00,0.00,0.00,0.00%,16.0,0.0,0.0,"Jan 16, 2026",2026-01-16,put,70,2025-11-06,long
1232,BRKB260116P00530000,2025-12-06 14:26:00,530,46.60,0.00,0.00,0.00,0.00%,1.0,0.0,0.0,"Jan 16, 2026",2026-01-16,put,40,2025-12-06,medium
1233,BRKB260116P00540000,2025-11-06 12:02:00,540,52.45,0.00,0.00,0.00,0.00%,3.0,0.0,0.0,"Jan 16, 2026",2026-01-16,put,70,2025-11-06,long
1235,BRKB260116P00560000,2025-09-06 10:11:00,560,70.65,0.00,0.00,0.00,0.00%,1.0,0.0,0.0,"Jan 16, 2026",2026-01-16,put,131,2025-09-06,long
1257,BRKB260320C00310000,2025-11-06 15:42:00,310,191.14,0.00,0.00,0.00,0.00%,1.0,0.0,0.0,"Mar 20, 2026",2026-03-20,call,133,2025-11-06,long
1259,BRKB260320C00330000,2025-11-06 15:40:00,330,172.57,0.00,0.00,0.00,0.00%,1.0,0.0,0.0,"Mar 20, 2026",2026-03-20,call,133,2025-11-06,long
1270,BRKB260320C00440000,2025-12-06 09:51:00,440,74.90,0.00,0.00,0.00,0.00%,1.0,0.0,0.0,"Mar 20, 2026",2026-03-20,call,103,2025-12-06,long
1283,BRKB260320C00570000,2025-12-06 14:13:00,570,9.78,0.00,0.00,0.00,0.00%,2.0,0.0,0.0313,"Mar 20, 2026",2026-03-20,call,103,2025-12-06,long
1287,BRKB260320C00610000,2025-11-06 10:38:00,610,4.50,0.00,0.00,0.00,0.00%,1.0,0.0,0.0625,"Mar 20, 2026",2026-03-20,call,133,2025-11-06,long
1294,BRKB260320C00680000,2025-11-06 09:39:00,680,1.30,0.00,0.00,0.00,0.00%,1.0,0.0,0.0625,"Mar 20, 2026",2026-03-20,call,133,2025-11-06,long
1305,BRKB260320P00240000,2025-11-06 10:55:00,240,0.82,0.00,0.00,0.00,0.00%,3.0,0.0,0.125,"Mar 20, 2026",2026-03-20,put,133,2025-11-06,long
1313,BRKB260320P00320000,2025-12-06 09:51:00,320,2.39,0.00,0.00,0.00,0.00%,10.0,0.0,0.125,"Mar 20, 2026",2026-03-20,put,103,2025-12-06,long
1318,BRKB260320P00370000,2025-12-06 15:05:00,370,4.42,0.00,0.00,0.00,0.00%,10.0,0.0,0.0625,"Mar 20, 2026",2026-03-20,put,103,2025-12-06,long
1320,BRKB260320P00390000,2025-11-06 10:33:00,390,5.50,0.00,0.00,0.00,0.00%,1.0,0.0,0.0625,"Mar 20, 2026",2026-03-20,put,133,2025-11-06,long
1324,BRKB260320P00430000,2025-12-06 10:42:00,430,10.55,0.00,0.00,0.00,0.00%,10.0,0.0,0.0313,"Mar 20, 2026",2026-03-20,put,103,2025-12-06,long
1340,BRKB260320P00590000,2025-12-06 15:54:00,590,100.55,0.00,0.00,0.00,0.00%,3.0,0.0,0.0,"Mar 20, 2026",2026-03-20,put,103,2025-12-06,long
1341,BRKB260320P00600000,2025-12-05 10:40:00,600,88.20,108.45,110.75,0.00,0.00%,2.0,0.0,0.0,"Mar 20, 2026",2026-03-20,put,104,2025-12-05,long
1344,BRKB260320P00630000,2025-12-06 15:54:00,630,140.46,0.00,0.00,0.00,0.00%,3.0,0.0,0.0,"Mar 20, 2026",2026-03-20,put,103,2025-12-06,long
