date,y_true,y_pred,residual
2022-10-11 22:00:00,0.03990169148474787,0.0594927656691913,-0.019591074184443433
2022-10-12 22:00:00,0.0027973984194697987,0.03087659994129794,-0.02807920152182814
2022-10-13 22:00:00,0.0642433877727997,0.08550885362877625,-0.02126546585597655
2022-10-16 22:00:00,0.04943473070711324,0.042439545506871026,0.006995185200242213
2022-10-17 22:00:00,0.059756521739130486,0.05059484596392573,0.009161675775204756
2022-10-18 22:00:00,0.038162102043653334,0.06541105187035706,-0.027248949826703728
2022-10-19 22:00:00,0.009833321710021714,0.08763772068166215,-0.07780439897164043
2022-10-20 22:00:00,0.0575134107421742,0.0373812842066349,0.0201321265355393
2022-10-23 22:00:00,0.026028772164603753,0.00573042622684788,0.020298345937755872
2022-10-24 22:00:00,-0.011093606406721745,-0.055928240172404664,0.04483463376568292
2022-10-25 22:00:00,-0.028925343153665795,-0.04930977879541809,0.020384435641752296
2022-10-26 22:00:00,-0.04088397790055265,-0.011572982269719121,-0.029310995630833527
2022-10-27 22:00:00,-0.11146783100038538,-0.15611540869073035,0.04464757769034497
2022-10-30 23:00:00,-0.09403938959175695,-0.13984265399816062,0.04580326440640367
2022-10-31 23:00:00,-0.07401261201460341,-0.11475343354213671,0.040740821527533305
2022-11-01 23:00:00,-0.07005447148865751,-0.061276448609824466,-0.008778022878833044
2022-11-02 23:00:00,0.05753168202764991,0.014316763013105152,0.04321491901454476
2022-11-03 23:00:00,0.08180372886255238,0.057101996009164435,0.024701732853387948
2022-11-06 23:00:00,0.06737690757270376,0.06527353815827179,0.0021033694144319687
2022-11-07 23:00:00,0.0755555555555556,0.07849453787647036,-0.0029389823209147597
2022-11-08 23:00:00,0.10321049899903612,0.15286741174377771,-0.0496569127447416
2022-11-09 23:00:00,0.026213658337305157,0.02523195851435907,0.0009816998229460853
2022-11-10 23:00:00,0.010621242484969873,-0.0023948272880208975,0.01301606977299077
2022-11-13 23:00:00,-0.001820879417318677,0.010598002110618948,-0.012418881527937626
2022-11-14 23:00:00,0.0009330845107973218,-0.011456973500881672,0.012390058011678994
2022-11-15 23:00:00,0.01532361045769215,-0.01133089597366162,0.02665450643135377
2022-11-16 23:00:00,-0.017316878980891626,-0.020781016760841254,0.0034641377799496283
2022-11-17 23:00:00,-0.046731442924185296,-0.02768077557506955,-0.019050667349115747
2022-11-20 23:00:00,-0.04621309370988447,-0.0012955076429145337,-0.04491758606696993
2022-11-21 23:00:00,-0.01431615394859509,-0.02821267156416263,0.013896517615567542
2022-11-22 23:00:00,-0.018269676308995786,-0.04874966960206843,0.030479993293072646
2022-11-24 23:00:00,-0.0020255215718048003,-0.031464052194307215,0.029438530622502415
2022-11-27 23:00:00,0.016710581056718965,0.010365803515652005,0.00634477754106696
2022-11-28 23:00:00,0.01232556492172554,0.049807155946261825,-0.037481591024536284
2022-11-29 23:00:00,-0.047895696818212596,-0.011055908687771142,-0.036839788130441455
2022-11-30 23:00:00,-0.03816330658755307,-0.02257309610119296,-0.015590210486360109
2022-12-01 23:00:00,-0.03822474798728104,-0.03097682033297042,-0.007247927654310617
2022-12-04 23:00:00,-0.014594557730341573,-0.03413644608759621,0.019541888357254636
2022-12-05 23:00:00,0.01791337205234056,-0.008917753846486472,0.02683112589882703
2022-12-06 23:00:00,0.016106144458635008,0.007908283608835569,0.008197860849799439
2022-12-07 23:00:00,-0.04311251314405895,-0.024223383935652067,-0.018889129208406883
2022-12-08 23:00:00,-0.05381260551491285,-0.02737670543270195,-0.0264359000822109
2022-12-11 23:00:00,-0.08388123745587928,-0.06868893609168512,-0.015192301364194152
2022-12-12 23:00:00,-0.09053413074860783,-0.09947834699338728,0.008944216244779452
2022-12-13 23:00:00,-0.054186160184344856,-0.09877374441224276,0.04458758422789791
2022-12-14 23:00:00,-0.031282051282051304,-0.04776604018775339,0.016483988905702088
2022-12-15 23:00:00,-0.01970113746189861,-0.02649307337233524,0.006791935910436631
2022-12-18 23:00:00,-0.017677721538112867,-0.007974793478539483,-0.009702928059573384
2022-12-19 23:00:00,-0.0473167044595616,-0.02107882197132851,-0.02623788248823309
2022-12-20 23:00:00,-0.04311554078995916,-0.06538494503593144,0.022269404245972277
2022-12-21 23:00:00,-0.017393934810557288,-0.05188584170986628,0.03449190689930899
2022-12-22 23:00:00,-0.051494008797209334,-0.05395451845346877,0.0024605096562594353
2022-12-26 23:00:00,-0.028224255940936693,-0.037167638722086185,0.008943382781149492
2022-12-27 23:00:00,-0.008092668993970209,0.012031411843775455,-0.020124080837745664
2022-12-28 23:00:00,7.715454054468829e-05,-0.002541763556489227,0.0026189180970339152
2022-12-29 23:00:00,0.001693219425844772,-0.004588466971776669,0.006281686397621441
2023-01-02 23:00:00,0.04525465739186063,0.05749916540589742,-0.012244508014036787
2023-01-08 23:00:00,0.04448713023434503,0.06641463793090725,-0.021927507696562223
2023-01-09 23:00:00,0.034269104260690186,0.07089520700863372,-0.036626102747943534
2023-01-10 23:00:00,0.013334332159712359,0.057860656099525745,-0.044526323939813386
2023-01-11 23:00:00,0.033430777303050885,0.06882562262546967,-0.03539484532241878
2023-01-12 23:00:00,0.04712080736123503,0.06920544942391628,-0.02208464206268125
2023-01-16 23:00:00,0.04847726938355157,0.07107325320265136,-0.022595983819099788
2023-01-17 23:00:00,0.049182752754973746,0.08956728942695244,-0.040384536671978694
2023-01-18 23:00:00,0.06424188659717589,0.10268979061011957,-0.03844790401294368
2023-01-19 23:00:00,0.05846086893450364,0.08074085525428554,-0.022279986319781897
2023-01-22 23:00:00,0.013393806250442841,0.04950522827812938,-0.03611142202768654
2023-01-23 23:00:00,0.012348277555602305,0.04740309850927778,-0.03505482095367547
2023-01-24 23:00:00,0.02516565628084022,0.06379648207154656,-0.03863082579070634
2023-01-25 23:00:00,0.04765212559044163,0.060835251362626505,-0.013183125772184875
2023-01-26 23:00:00,0.05872678681559651,0.05291931435651179,0.005807472459084723
2023-01-29 23:00:00,0.06104895104895092,0.09403461924320707,-0.03298566819425615
2023-01-30 23:00:00,0.07179984752928137,0.09086201139746146,-0.01906216386818009
2023-01-31 23:00:00,0.044626280684865405,0.09078156484980478,-0.04615528416493937
2023-02-01 23:00:00,0.0003315210184327011,0.03426585605941081,-0.033934335040978106
2023-02-02 23:00:00,-0.022588996763754143,-0.005039631765647598,-0.017549364998106547
2023-02-05 23:00:00,0.013972187438212602,0.01764259396425486,-0.0036704065260422594
2023-02-06 23:00:00,-0.009376010345942598,-0.018833502505118102,0.009457492159175504
2023-02-07 23:00:00,0.022446024223275574,0.0067925999225963455,0.015653424300679227
2023-02-08 23:00:00,0.01882415324451525,0.021979498327287322,-0.003155345082772071
2023-02-09 23:00:00,0.010198000132441765,0.02130100898931042,-0.011103008856868657
2023-02-12 23:00:00,-0.03490412739681514,-0.01764769939074076,-0.017256428006074385
2023-02-13 23:00:00,-0.028002610966057384,-0.01824295811937724,-0.009759652846680143
2023-02-14 23:00:00,-0.038176784909547457,-0.04964946493390021,0.011472680024352755
2023-02-15 23:00:00,-0.04554030316830393,-0.04712396115497251,0.0015836579866685824
2023-02-16 23:00:00,-0.030350704686987973,-0.04921621787931617,0.018865513192328195
2023-02-20 23:00:00,-0.007206357758620663,0.0018744633867186326,-0.009080821145339295
2023-02-21 23:00:00,-0.02417567658317099,0.013255567901128201,-0.03743124448429919
2023-02-22 23:00:00,-0.023360107095046878,0.014736930267273915,-0.03809703736232079
2023-02-23 23:00:00,0.02944584554563412,0.04322238657849985,-0.013776541032865727
2023-02-26 23:00:00,0.039954029204975816,0.034344528662010404,0.005609500542965412
2023-02-27 23:00:00,0.028424123193813156,0.037279188062497366,-0.00885506486868421
2023-02-28 23:00:00,0.052026701534650055,0.06653259565998183,-0.014505894125331778
2023-03-01 23:00:00,0.03207456651360441,0.07270370944626539,-0.04062914293266098
2023-03-02 23:00:00,-0.016751638747268816,0.019077148312552705,-0.035828787059821524
2023-03-05 23:00:00,-0.021842293440811344,0.0013095433171019114,-0.023151836757913255
2023-03-06 23:00:00,0.006530343007915551,0.024240335903164434,-0.017709992895248883
2023-03-07 23:00:00,0.0007849807025577249,0.016397416303315746,-0.01561243560075802
2023-03-08 23:00:00,0.03492927817252145,0.05193475509559427,-0.017005476923072818
2023-03-09 23:00:00,0.04377104377104368,0.09287989701200519,-0.04910885324096151
2023-03-12 23:00:00,0.04605569216455119,0.08651337922337728,-0.04045768705882609
2023-03-13 23:00:00,0.0438429779146734,0.07092397494191754,-0.027080997027244147
2023-03-14 23:00:00,0.03163605464409436,0.0722066816439209,-0.04057062699982654
2023-03-15 23:00:00,0.019762592236124643,0.047827733556823154,-0.02806514132069851
2023-03-16 23:00:00,0.03387096774193554,0.06237929577232479,-0.028508328030389246
2023-03-19 23:00:00,0.005590851334180469,0.04264854836654747,-0.037057697032367
2023-03-20 23:00:00,-0.010233550979407258,0.03591697359209293,-0.046150524571500186
2023-03-21 23:00:00,0.018627637331305902,0.06476637899273158,-0.046138741661425675
2023-03-22 23:00:00,0.02158182847794632,0.06254526127208439,-0.04096343279413807
2023-03-23 23:00:00,0.029017160686427568,0.04748809000927076,-0.018470929322843194
2023-03-26 22:00:00,0.04984836997725539,0.07733070110898216,-0.027482331131726767
2023-03-27 22:00:00,0.050618458610846684,0.08641240535696702,-0.03579394674612034
2023-03-28 22:00:00,0.01859799713876953,0.05463333094480355,-0.03603533380603402
2023-03-29 22:00:00,0.014166050751416526,0.039856376071700256,-0.02569032532028373
2023-03-30 22:00:00,-0.017404487568223215,0.018083037027453265,-0.03548752459567648
2023-04-02 22:00:00,-0.03231630258169327,0.001836922373425717,-0.03415322495511899
2023-04-03 22:00:00,-0.033387671315582956,0.00248360918592904,-0.035871280501512
2023-04-04 22:00:00,0.01099169516365417,0.020492823543169218,-0.009501128379515049
2023-04-05 22:00:00,0.0033402162030851112,0.016364308962181415,-0.013024092759096304
2023-04-09 22:00:00,0.019749429118064432,0.048300390251283604,-0.02855096113321917
2023-04-10 22:00:00,0.03526119402985062,0.06794392188124344,-0.032682727851392826
2023-04-11 22:00:00,0.04703310430980645,0.08415368612071088,-0.03712058181090443
2023-04-12 22:00:00,0.006583715873399454,0.02069459224719138,-0.014110876373791926
2023-04-13 22:00:00,-0.0011500514496700642,0.02421487436838905,-0.025364925818059113
2023-04-16 22:00:00,0.0006052169702839283,0.024199660371344734,-0.023594443401060806
2023-04-17 22:00:00,-0.016219138583528525,0.012588548969580698,-0.028807687553109224
2023-04-18 22:00:00,-0.023086559685020602,0.006853345478105034,-0.029939905163125637
2023-04-19 22:00:00,0.010561056105610422,0.02518447276478065,-0.014623416659170229
2023-04-20 22:00:00,0.028239001333171698,0.04114245856369643,-0.012903457230524731
2023-04-23 22:00:00,0.025766648521139413,0.03476925737701159,-0.009002608855872181
2023-04-24 22:00:00,0.029126213592232997,0.0696164644739355,-0.04049025088170251
2023-04-25 22:00:00,0.022532975085491014,0.08343756553610115,-0.06090459045061014
2023-04-26 22:00:00,-0.015557270945905866,0.03184359990365295,-0.04740087084955882
2023-04-27 22:00:00,0.022925506836397824,0.025440738494940753,-0.0025152316585429282
2023-04-30 22:00:00,0.02305560469367296,0.03638637945955644,-0.013330774765883478
2023-05-01 22:00:00,0.019164590008306837,0.04918856656824719,-0.030023976559940352
2023-05-02 22:00:00,0.03648850403105408,0.06547838672650538,-0.028989882695451302
2023-05-03 22:00:00,0.04801254599191762,0.08981144311137092,-0.041798897119453296
2023-05-04 22:00:00,-0.005761364291064108,0.007793219268644706,-0.013554583559708814
2023-05-07 22:00:00,-0.008242074927953924,0.0106848809039812,-0.018926955831935124
2023-05-08 22:00:00,0.0017465215113232624,0.027395504149490754,-0.025648982638167492
2023-05-09 22:00:00,-0.005012675731735472,0.008645061698271112,-0.013657737430006584
2023-05-10 22:00:00,0.007482014388489278,0.0029852121540367505,0.004496802234452527
2023-05-11 22:00:00,0.015008402387437059,0.023289781602798154,-0.008281379215361095
2023-05-14 22:00:00,0.012378683094089515,0.028408341439451798,-0.016029658345362283
2023-05-15 22:00:00,-0.0029639100366130045,0.03124903452097568,-0.034212944557588686
2023-05-16 22:00:00,-0.004922114772135,0.0343340446491414,-0.0392561594212764
2023-05-17 22:00:00,-0.011768066266780952,0.012200169501413751,-0.023968235768194703
2023-05-18 22:00:00,0.0015414478191368985,0.021703467611837474,-0.020162019792700575
2023-05-21 22:00:00,0.017795637198622316,0.03400770003265868,-0.016212062834036367
2023-05-22 22:00:00,0.03316623921660056,0.06857048759277054,-0.03540424837616998
2023-05-23 22:00:00,0.048009776536312776,0.08564775906128465,-0.03763798252497187
2023-05-24 22:00:00,0.046014220475171896,0.07795134518791995,-0.03193712471274805
2023-05-25 22:00:00,0.023656159151798528,0.06168092075537103,-0.0380247616035725
2023-05-29 22:00:00,0.01077270163564581,0.05409588229427273,-0.04332318065862692
2023-05-30 22:00:00,0.0032157968970381035,0.05624700857069409,-0.05303121167365599
2023-05-31 22:00:00,0.0026653339996667302,0.027424221397761184,-0.024758887398094453
2023-06-01 22:00:00,5.52638850512821e-05,0.017977505602706882,-0.0179222417176556
2023-06-04 22:00:00,0.023443590600289443,0.04310155636275895,-0.019657965762469504
2023-06-05 22:00:00,0.022878187601138356,0.05865956314104723,-0.03578137553990887
2023-06-06 22:00:00,0.03447306264762107,0.07000507476869378,-0.03553201212107271
2023-06-07 22:00:00,0.030126820623580963,0.05082098721648601,-0.020694166592905044
2023-06-08 22:00:00,0.021883289124668304,0.051821341514914784,-0.02993805239024648
2023-06-11 22:00:00,0.0066380107731649485,0.02880226050768148,-0.02216424973451653
2023-06-12 22:00:00,0.0035459058425617584,0.03824643166077897,-0.03470052581821721
2023-06-13 22:00:00,0.016580592552324136,0.03656778368770316,-0.019987191135379022
2023-06-14 22:00:00,0.0036019568840386373,0.024545338192365377,-0.02094338130832674
2023-06-15 22:00:00,0.001892710361237393,0.042509456323117326,-0.04061674596187993
2023-06-19 22:00:00,0.016485595373223028,0.054453464642191154,-0.03796786926896813
2023-06-20 22:00:00,0.02875625135899096,0.07339056436153173,-0.04463431300254077
2023-06-21 22:00:00,0.013850267379679204,0.04566010731065903,-0.03180983993097983
2023-06-22 22:00:00,0.03905078208699364,0.056001092935685406,-0.016950310848691766
2023-06-25 22:00:00,0.0388082258325686,0.07329668188211375,-0.034488456049545146
2023-06-26 22:00:00,0.017388067637987836,0.04390886118699537,-0.026520793549007535
2023-06-27 22:00:00,0.013527080581241746,0.03657539750589038,-0.023048316924648635
2023-06-28 22:00:00,0.005749248378078997,0.03719609859427507,-0.03144685021619607
2023-06-29 22:00:00,-0.02763313914522858,-0.013062502093694181,-0.0145706370515344
2023-07-02 22:00:00,-0.02275797568325888,-0.00523667759689565,-0.01752129808636323
2023-07-04 22:00:00,-0.008153452150734375,0.0076688057994604,-0.015822257950194776
2023-07-05 22:00:00,-0.006621135498670605,0.0039414068178899725,-0.010562542316560578
2023-07-06 22:00:00,5.244388504288544e-05,0.019393171859403695,-0.01934072797436081
2023-07-09 22:00:00,0.028524468479932175,0.050539175347066714,-0.02201470686713454
2023-07-10 22:00:00,0.03004040833687771,0.06362746229066019,-0.033587053953782475
2023-07-11 22:00:00,0.02808663118511867,0.051713123611563314,-0.023626492426444642
2023-07-12 22:00:00,0.013592946362968483,0.04465829167899703,-0.031065345316028545
2023-07-13 22:00:00,0.006555141853269664,0.0470594334233862,-0.040504291570116535
2023-07-16 22:00:00,-0.00639208206608588,0.014819808941655051,-0.02121189100774093
2023-07-17 22:00:00,-0.0005678005471532188,0.01931016425893811,-0.01987796480609133
2023-07-18 22:00:00,-0.003075345976422339,0.012660168375115924,-0.015735514351538263
2023-07-19 22:00:00,0.0004660073525604158,0.03338768491487911,-0.032921677562318695
2023-07-20 22:00:00,0.02026675002604983,0.03895200613394896,-0.01868525610789913
2023-07-23 22:00:00,0.01919584954604403,0.030410793139936675,-0.011214943593892645
2023-07-24 22:00:00,0.010277863857039549,0.002293732890133706,0.007984130966905843
2023-07-25 22:00:00,-0.009871465295629767,-0.025870172211499103,0.015998706915869337
2023-07-26 22:00:00,-0.010609667736259265,-0.034504998637028717,0.02389533090076945
2023-07-27 22:00:00,-0.07067354337946175,-0.08729498302356284,0.016621439644101094
2023-07-30 22:00:00,-0.08959022652074322,-0.1152806149639436,0.025690388443200374
2023-07-31 22:00:00,-0.08082408874801905,-0.12955297871184523,0.04872888996382618
2023-08-01 22:00:00,-0.07472219337418218,-0.11640274974629988,0.041680556372117705
2023-08-02 22:00:00,-0.06904849087199871,-0.11972182523531996,0.05067333436332125
2023-08-03 22:00:00,-0.02307819110940168,-0.028321457934310876,0.005243266824909196
2023-08-06 22:00:00,0.0034106793402293167,-0.008448488202546376,0.011859167542775693
2023-08-07 22:00:00,-0.013070077864293816,-0.023266037401644832,0.010195959537351015
2023-08-08 22:00:00,-0.009091419271564094,-0.016464125703400136,0.007372706431836042
2023-08-09 22:00:00,-0.022307130415238463,-0.018977892853184738,-0.0033292375620537253
2023-08-10 22:00:00,-0.018561223915855685,-0.028271602911888984,0.0097103789960333
2023-08-13 22:00:00,-0.0201716259890784,-0.05062332424431032,0.030451698255231918
2023-08-14 22:00:00,-0.0012397858551704832,-0.02560940108990722,0.024369615234736738
2023-08-15 22:00:00,0.02576881689981314,-0.011669355902149396,0.03743817280196254
2023-08-16 22:00:00,0.013678160919540217,0.03251726647348954,-0.018839105553949326
2023-08-17 22:00:00,0.023611668290446364,0.05355301747154889,-0.029941349181102528
2023-08-20 22:00:00,0.024738398544130957,0.0632897023304488,-0.03855130378631784
2023-08-21 22:00:00,0.03887603678835427,0.06499285620322473,-0.026116819414870457
2023-08-22 22:00:00,0.0360534452296819,0.03238523170498317,0.0036682135246987324
2023-08-23 22:00:00,0.06514344029935382,0.08635208074838192,-0.021208640449028107
2023-08-24 22:00:00,0.06074687867420625,0.07034736937822328,-0.009600490704017028
2023-08-27 22:00:00,0.05277762361951277,0.05744851049877138,-0.0046708868792586095
2023-08-28 22:00:00,-0.006571800999348287,0.0003347080234639161,-0.006906509022812203
2023-08-29 22:00:00,-0.053770317079669616,-0.04750755868250131,-0.006262758397168305
2023-08-30 22:00:00,-0.0515782189812104,-0.07348881587113176,0.021910596889921363
2023-08-31 22:00:00,-0.05330940567929898,-0.10827028237757128,0.05496087669827229
2023-09-04 22:00:00,-0.0706378492356351,-0.13214812257552874,0.061510273339893645
2023-09-05 22:00:00,-0.04756437592258478,-0.06785980820432526,0.02029543228174048
2023-09-06 22:00:00,-0.010250056318990675,-0.0012615602260333536,-0.008988496092957321
2023-09-07 22:00:00,-0.017790997867325298,-0.010333137319953868,-0.00745786054737143
2023-09-10 22:00:00,-0.007749776984835033,-0.023141733793308767,0.015391956808473734
2023-09-11 22:00:00,0.01571185479296644,0.007570774829313477,0.008141079963652962
2023-09-12 22:00:00,0.007347454221916072,0.022697894119331985,-0.015350439897415913
2023-09-13 22:00:00,-0.010299305792648261,-0.008398739710800514,-0.0019005660818477467
2023-09-14 22:00:00,-0.0012570710245128902,-0.00793996387736515,0.00668289285285226
2023-09-17 22:00:00,-0.010619767376524036,-0.04459118812618272,0.033971420749658685
2023-09-18 22:00:00,-0.03970514324007368,-0.06837941399139451,0.028674270751320827
2023-09-19 22:00:00,-0.028833551769331556,-0.03622456736086779,0.0073910155915362374
2023-09-20 22:00:00,-0.018628183752084193,-0.016120341146845695,-0.002507842605238498
2023-09-21 22:00:00,-0.020481720922249425,-0.022710878148993953,0.0022291572267445284
2023-09-24 22:00:00,-0.013232621535665623,-0.03000053809862634,0.016767916562960717
2023-09-25 22:00:00,0.0025587345894393376,0.01653236635960756,-0.013973631770168221
2023-09-26 22:00:00,0.018952062430323213,0.03747877052971607,-0.018526708099392858
2023-09-27 22:00:00,0.024723182377409225,0.04975081619316113,-0.025027633815751904
2023-09-28 22:00:00,0.03668010046142167,0.05776361093669376,-0.021083510475272085
2023-10-01 22:00:00,0.030158273381295064,0.044619178686807384,-0.01446090530551232
2023-10-02 22:00:00,0.03474477958236655,0.06152668647370396,-0.026781906891337415
2023-10-03 22:00:00,0.03535644362547519,0.05938248984910144,-0.024026046223626252
2023-10-04 22:00:00,0.03315991081127434,0.05464001618764454,-0.021480105376370198
2023-10-05 22:00:00,0.007662403515690919,0.02836487930425678,-0.02070247578856586
2023-10-08 22:00:00,-0.0015084641600090487,0.007135899008929125,-0.008644363168938175
2023-10-09 22:00:00,-0.006951062279275666,0.0029061881557172113,-0.009857250434992876
2023-10-10 22:00:00,-0.0220244716351502,-0.021212377840762135,-0.0008120937943880656
2023-10-11 22:00:00,-0.02905207238116314,-0.04296810977649683,0.013916037395333689
2023-10-12 22:00:00,-0.03337992731339112,-0.03936215443862885,0.00598222712523773
2023-10-15 22:00:00,-0.03200537153088634,-0.05435205567909768,0.022346684148211338
2023-10-16 22:00:00,-0.020942703923228945,-0.05183776215230816,0.030895058229079217
2023-10-17 22:00:00,-0.026956323930846238,-0.04306153966619285,0.01610521573534661
2023-10-18 22:00:00,-0.04884304114897997,-0.04332687614507545,-0.005516165003904519
2023-10-19 22:00:00,-0.026955113373438255,-0.018879455666513674,-0.008075657706924581
2023-10-22 22:00:00,-0.015664739884393097,-0.010196178318269293,-0.005468561566123804
2023-10-23 22:00:00,-0.015394372693726899,-0.011565225413274295,-0.0038291472804526036
2023-10-24 22:00:00,0.01677381648158982,0.021539904151308797,-0.004766087669718977
2023-10-25 22:00:00,0.06399424770807127,0.08703352550426399,-0.02303927779619272
2023-10-26 22:00:00,0.050112947330876345,0.08877529645150019,-0.03866234912062384
2023-10-29 23:00:00,0.052498678724528736,0.09011510346703794,-0.0376164247425092
2023-10-30 23:00:00,0.06470691573461362,0.1071514582800176,-0.042444542545403974
2023-10-31 23:00:00,0.05127320802437185,0.08725729842851122,-0.03598409040413937
2023-11-01 23:00:00,0.027256856450977196,0.05247566208208278,-0.02521880563110558
2023-11-02 23:00:00,0.055193886215680665,0.07804630108460966,-0.022852414868929
2023-11-05 23:00:00,0.031077386598225898,0.06717307891854923,-0.036095692320323336
2023-11-06 23:00:00,0.030909690903091036,0.046362423352176343,-0.015452732449085307
2023-11-07 23:00:00,0.027994969653890367,0.05304195830189977,-0.025046988648009402
2023-11-08 23:00:00,0.04001973576010087,0.07159924616959366,-0.03157951040949279
2023-11-09 23:00:00,0.01765021459227456,0.031866194906364394,-0.014215980314089834
2023-11-12 23:00:00,0.0359848484848484,0.05213514199704479,-0.016150293512196393
2023-11-13 23:00:00,0.01707212974818595,0.03246670650733574,-0.015394576759149792
2023-11-14 23:00:00,0.017552257858624687,0.035144310146228236,-0.01759205228760355
2023-11-15 23:00:00,0.0013705128880923123,0.018689085786263736,-0.017318572898171423
2023-11-16 23:00:00,0.0005271759186040725,0.02548498705611702,-0.02495781113751295
2023-11-19 23:00:00,-0.005484460694698212,0.009373724451861715,-0.014858185146559927
2023-11-20 23:00:00,-0.00666177087704567,0.015305283764706822,-0.02196705464175249
2023-11-21 23:00:00,-0.00710888087397421,0.015223181003348253,-0.022332061877322465
2023-11-23 23:00:00,0.006685266094646591,0.03132625118432315,-0.024640985089676562
2023-11-26 23:00:00,-0.0018968333421148786,0.03572610777892038,-0.03762294112103526
2023-11-27 23:00:00,0.01586134453781507,0.035056336702431384,-0.019194992164616315
2023-11-28 23:00:00,0.015577969055288632,0.045057131288594565,-0.029479162233305933
2023-11-29 23:00:00,0.022742827059752724,0.050958147634683815,-0.02821532057493109
2023-11-30 23:00:00,0.023373771177577884,0.0409011463697478,-0.017527375192169917
2023-12-03 23:00:00,0.019796230797656023,0.06848979804589006,-0.04869356724823404
2023-12-04 23:00:00,0.006669424051287454,0.03545723769493149,-0.028787813643644036
2023-12-05 23:00:00,0.029326123128119885,0.05556710183860458,-0.026240978710484697
2023-12-06 23:00:00,0.019766304627580222,0.038945061787706466,-0.019178757160126243
2023-12-07 23:00:00,0.009503857748709654,0.023593849730275316,-0.014089991981565662
2023-12-10 23:00:00,0.01402836732580992,0.042048856164488266,-0.028020488838678345
2023-12-11 23:00:00,0.01145292999845915,0.02700237839622262,-0.015549448397763472
2023-12-12 23:00:00,-0.01581127500505153,-0.012021421014807684,-0.0037898539902438445
2023-12-13 23:00:00,-0.017313613648982873,-0.02202310264389927,0.004709488994916397
2023-12-14 23:00:00,-0.020094143847750212,-0.01620710113835287,-0.0038870427093973432
2023-12-17 23:00:00,-0.014497932513145018,-0.012011519775830953,-0.0024864127373140643
2023-12-18 23:00:00,-0.01924443993094338,-0.035532437367272754,0.016287997436329374
2023-12-19 23:00:00,-0.0064158497151363125,-0.02657891658674474,0.020163066871608428
2023-12-20 23:00:00,-0.011043764125744815,-0.037945695646077984,0.02690193152033317
2023-12-21 23:00:00,-0.041115702479338934,-0.044424053490447535,0.003308351011108601
2023-12-25 23:00:00,-0.04558404558404561,-0.05372285695086082,0.008138811366815213
2023-12-26 23:00:00,-0.0581931141599793,-0.06331761241109571,0.0051244982511164106
2023-12-27 23:00:00,-0.0640562041533217,-0.07476420799413341,0.01070800384081172
2023-12-28 23:00:00,-0.03620215031423668,-0.07380678219765698,0.037604631883420295
2024-01-01 23:00:00,-0.0026933850463262132,-0.0035959161581660404,0.0009025311118398271
2024-01-08 23:00:00,-0.013287242087069107,0.00874207482207318,-0.022029316909142286
2024-01-09 23:00:00,0.013104892851388383,0.006772050485823388,0.006332842365564995
2024-01-10 23:00:00,0.0321676814483538,0.022505678300956695,0.009662003147397107
2024-01-11 23:00:00,0.04286790017211706,0.034869749141737294,0.007998151030379763
2024-01-15 23:00:00,0.06289821924522143,0.07988038247109162,-0.016982163225870192
2024-01-16 23:00:00,0.06470330632800514,0.10459337493440389,-0.03989006860639875
2024-01-17 23:00:00,0.029369665482690932,0.046218370859540045,-0.016848705376849113
2024-01-18 23:00:00,0.004489455001043918,-0.005799445022029226,0.010288900023073144
2024-01-21 23:00:00,-0.011140337304657244,-0.03601394220417052,0.024873604899513277
2024-01-22 23:00:00,-0.03658161696895179,-0.06639969796159775,0.029818080992645962
2024-01-23 23:00:00,-0.05192802056555268,-0.07213542278296198,0.020207402217409298
2024-01-24 23:00:00,-0.037647422361847704,-0.06668627406209449,0.02903885170024678
2024-01-25 23:00:00,-0.03414405986903646,-0.0535438672494436,0.01939980738040714
2024-01-28 23:00:00,-0.021123454858394508,-0.05322460885113693,0.03210115399274242
2024-01-29 23:00:00,0.006700701978302526,-0.012682994789001159,0.019383696767303685
2024-01-30 23:00:00,0.027169197396962996,0.0410127364681563,-0.013843539071193303
2024-01-31 23:00:00,0.007813336187519893,0.013314584419274716,-0.005501248231754824
2024-02-01 23:00:00,0.01614205004035507,0.02185681698472244,-0.005714766944367369
2024-02-04 23:00:00,-0.0028239556692242207,-0.004070803218851456,0.001246847549627235
2024-02-05 23:00:00,-0.022503961965134822,-0.040734009573589955,0.018230047608455133
2024-02-06 23:00:00,-0.027770445066258365,-0.053685797962135656,0.02591535289587729
2024-02-07 23:00:00,-0.02368309260832613,-0.045722667888208945,0.022039575279882817
2024-02-08 23:00:00,-0.034630659253375606,-0.055352184630619874,0.020721525377244268
2024-02-11 23:00:00,-0.02986908896606999,-0.040557908097297715,0.010688819131227725
2024-02-12 23:00:00,-0.014699524427150834,-0.023784199611514772,0.009084675184363938
2024-02-13 23:00:00,0.001194678251425385,-0.013886462937024332,0.015081141188449717
2024-02-14 23:00:00,-0.007288154030240412,-0.020226651529676724,0.012938497499436312
2024-02-15 23:00:00,-0.006307937030332944,-0.005187973769186048,-0.0011199632611468956
2024-02-19 23:00:00,0.005893368583388403,-0.004686858888056953,0.010580227471445356
2024-02-20 23:00:00,-0.004936375603334819,-0.023158500228433913,0.018222124625099093
2024-02-21 23:00:00,-0.01963443076422411,-0.06246636905405806,0.04283193828983395
2024-02-22 23:00:00,-0.0156695156695158,-0.06631186190346516,0.050642346233949365
2024-02-25 23:00:00,-0.033451092956502504,-0.0734854888725471,0.0400343959160446
2024-02-26 23:00:00,-0.06849915128949235,-0.0999599506038357,0.03146079931434334
2024-02-27 23:00:00,-0.06779847866828348,-0.09670412398887278,0.0289056453205893
2024-02-28 23:00:00,-0.06500691562932226,-0.09601411686796339,0.031007201238641133
2024-02-29 23:00:00,-0.04970499833017927,-0.09731621582969219,0.047611217499512914
2024-03-03 23:00:00,-0.013420902341519048,-0.058695041429937464,0.045274139088418416
2024-03-04 23:00:00,0.018281213261227336,-0.005212471817266091,0.023493685078493427
2024-03-05 23:00:00,0.01188505203405854,0.009719441082090703,0.002165610951967838
2024-03-06 23:00:00,0.023668639053254337,0.020301323313920087,0.0033673157393342493
2024-03-07 23:00:00,0.011070110701107083,0.01371169205052097,-0.002641581349413887
2024-03-10 23:00:00,0.005615050651230025,-0.014124988018909011,0.019740038670139036
2024-03-11 23:00:00,0.016452115684350455,-0.026668029844847157,0.043120145529197615
2024-03-12 23:00:00,0.04406007129083145,-0.0018355250008124501,0.0458955962916439
2024-03-13 23:00:00,-0.009421965317919057,-0.020947278537630204,0.011525313219711147
2024-03-14 23:00:00,-0.0019696443054108004,-0.008486798858607491,0.0065171545531966905
2024-03-17 23:00:00,-0.016520838130324678,-0.017804575100335278,0.0012837369700106002
2024-03-18 23:00:00,-0.03617673784643349,-0.048059279903857124,0.011882542057423631
2024-03-19 23:00:00,-0.02999944030894941,-0.08956214626977176,0.059562705960822346
2024-03-20 23:00:00,0.000641885977708867,-0.016790329148312223,0.01743221512602109
2024-03-21 23:00:00,-0.013060134664499623,-0.035299061968879886,0.022238927304380263
2024-03-24 23:00:00,-0.0117647058823529,-0.018874582541679723,0.007109876659326823
2024-03-25 23:00:00,-0.0003535442814213141,-0.0033052641882968074,0.0029517199068754933
2024-03-26 23:00:00,-0.025907333679533795,-0.04498297073827781,0.019075637058744016
2024-03-27 23:00:00,-0.01108000933053399,-0.04018932183142923,0.02910931250089524
2024-03-31 22:00:00,-0.009292477798035659,-0.016895682930742197,0.0076032051327065385
2024-04-01 22:00:00,0.0049158967069413695,0.0029621135608838573,0.001953783146057512
2024-04-02 22:00:00,-0.011022693781314485,0.001655510752034334,-0.012678204533348818
2024-04-03 22:00:00,0.03684397583224741,0.020510266594763696,0.016333709237483715
2024-04-04 22:00:00,0.041101544993513484,0.008282992604745477,0.032818552388768005
2024-04-07 22:00:00,0.025170673790442244,0.011391638720510772,0.013779035069931472
2024-04-08 22:00:00,-0.001709200212176576,-0.00984567903413459,0.008136478821958015
2024-04-09 22:00:00,0.001311240910716327,0.008793869189156435,-0.007482628278440108
2024-04-10 22:00:00,-0.04570383912248632,-0.07615404518528283,0.03045020606279651
2024-04-11 22:00:00,-0.06542056074766356,-0.10253621459738686,0.037115653849723304
2024-04-14 22:00:00,-0.03966645434014704,-0.07264828858366876,0.03298183424352172
2024-04-15 22:00:00,-0.014641634195300401,-0.0414514069954731,0.0268097728001727
2024-04-16 22:00:00,0.0060714285714287275,-0.022767346626526047,0.028838775197954775
2024-04-17 22:00:00,0.01706178160919536,-0.0038137318040894173,0.020875513413284776
2024-04-18 22:00:00,0.026060606060606117,0.03498437095586342,-0.0089237648952573
2024-04-21 22:00:00,0.046189097925711575,0.032429696688052095,0.01375940123765948
2024-04-22 22:00:00,0.020551228280407452,0.04383652993119244,-0.02328530165078499
2024-04-23 22:00:00,0.0016566086853626594,0.04065982078161039,-0.03900321209624773
2024-04-24 22:00:00,0.01848254753075529,0.05259735059379522,-0.034114803063039933
2024-04-25 22:00:00,0.08316597755463673,0.08037535261179707,0.002790624942839659
2024-04-28 22:00:00,0.04731988472622484,0.05671051940543727,-0.009390634679212431
2024-04-29 22:00:00,0.07086244349204485,0.1063728391151007,-0.03551039562305586
2024-04-30 22:00:00,0.07938570584760773,0.13845134852711666,-0.05906564267950892
2024-05-01 22:00:00,0.06669363694157071,0.1090624754107553,-0.042368838469184586
2024-05-02 22:00:00,-0.0017995419347801578,0.0004892118598461403,-0.002288753794626298
2024-05-05 22:00:00,0.02514996422871607,0.029375415692022296,-0.004225451463306225
2024-05-06 22:00:00,0.027576754385964852,0.029935872777009855,-0.0023591183910450023
2024-05-07 22:00:00,0.03819634453321652,0.037176740753605816,0.0010196037796107033
2024-05-08 22:00:00,0.028552852576258392,0.03835848116073532,-0.009805628584476929
2024-05-09 22:00:00,0.03725757989620315,0.08057203077045658,-0.043314450874253424
2024-05-12 22:00:00,0.025552931071505247,0.04896525418792118,-0.02341232311641593
2024-05-13 22:00:00,0.026249799925305295,0.041758307456797095,-0.0155085075314918
2024-05-14 22:00:00,0.00621969217794649,0.017831230052123177,-0.011611537874176688
2024-05-15 22:00:00,-0.015592077538980287,0.02074215624378356,-0.03633423378276385
2024-05-16 22:00:00,0.0005793437615209118,0.016538742750682487,-0.015959398989161575
2024-05-19 22:00:00,-0.005496231155778797,0.006842914667866401,-0.012339145823645198
2024-05-20 22:00:00,-0.01070964387834683,0.0014905570149721416,-0.012200200893318972
2024-05-21 22:00:00,0.0020429544264011223,0.021072276068828034,-0.019029321642426912
2024-05-22 22:00:00,0.02873501712328763,0.07141550438111187,-0.04268048725782424
2024-05-23 22:00:00,0.021318033477208287,0.04773715366770724,-0.026419120190498954
2024-05-27 22:00:00,0.02294857624085478,0.059038146104998176,-0.0360895698641434
2024-05-28 22:00:00,0.02932366388144425,0.0632524741348473,-0.03392881025340305
2024-05-29 22:00:00,0.016676250718803853,0.07067585324436748,-0.05399960252556363
2024-05-30 22:00:00,0.024135240572171535,0.08314606647913078,-0.05901082590695925
2024-06-02 22:00:00,-0.0046899963923104915,0.09908160579007359,-0.10377160218238408
2024-06-03 22:00:00,0.06586056084383851,0.12114763846741944,-0.05528707762358093
2024-06-04 22:00:00,0.08781334558635834,0.13618155964365009,-0.04836821405729175
2024-06-05 22:00:00,0.1016042780748665,0.1783616240425743,-0.07675734596770781
2024-06-06 22:00:00,0.07923205850982784,0.17318988687084014,-0.0939578283610123
2024-06-09 22:00:00,0.12194490472245234,0.22851225387671703,-0.10656734915426469
2024-06-10 22:00:00,0.0344677769732078,0.08059099214457778,-0.04612321517136998
2024-06-11 22:00:00,-0.01591026423241182,0.012649606047055067,-0.028559870279466888
2024-06-12 22:00:00,-0.03150672143390587,-0.01699143367875351,-0.014515287755152362
2024-06-13 22:00:00,-0.020471551602428417,-0.0111233583976036,-0.009348193204824818
2024-06-16 22:00:00,-0.035076383440254766,-0.06285918859873241,0.02778280515847764
2024-06-17 22:00:00,-0.004853236268607897,-0.02460863272202268,0.019755396453414783
2024-06-19 22:00:00,0.021079740557039317,0.04309757750332026,-0.02201783694628094
2024-06-20 22:00:00,0.015085064340450094,0.0895329992827279,-0.0744479349422778
2024-06-23 22:00:00,0.041366388008071464,0.11065104099960744,-0.06928465299153598
2024-06-24 22:00:00,0.05357057444874935,0.12876673003126868,-0.07519615558251933
2024-06-25 22:00:00,0.03892145369284883,0.10355129827041977,-0.06462984457757094
2024-06-26 22:00:00,0.05716954694068188,0.117248986721,-0.060079439780318114
2024-06-27 22:00:00,0.08166365967144618,0.17542296569610877,-0.09375930602466259
2024-06-30 22:00:00,0.055040369088811936,0.14464884235097164,-0.0896084732621597
2024-07-01 22:00:00,0.05770191129068869,0.12627288277778537,-0.06857097148709668
2024-07-02 22:00:00,0.027172195892575024,0.13132714880929525,-0.10415495291672022
2024-07-04 22:00:00,0.018556154457895158,0.08963956348333361,-0.07108340902543846
2024-07-07 22:00:00,0.0288824510578527,0.06911287271884063,-0.04023042166098793
2024-07-08 22:00:00,0.026849746370473992,0.055080061302499206,-0.028230314932025213
2024-07-09 22:00:00,-0.01759807708816208,-0.005286733091630195,-0.012311343996531884
2024-07-10 22:00:00,-0.01489651535791181,0.04155463957514216,-0.05645115493305397
2024-07-11 22:00:00,-0.027023510019953068,-0.003332466191847761,-0.02369104382810531
2024-07-14 22:00:00,-0.044539249146757665,-0.07160261677159332,0.02706336762483566
2024-07-15 22:00:00,-0.04177668001022061,-0.09894013687437514,0.05716345686415453
2024-07-16 22:00:00,-0.04517651170919257,-0.055823070551941606,0.010646558842749038
2024-07-17 22:00:00,-0.029842091176732977,-0.02174044454203582,-0.008101646634697156
2024-07-18 22:00:00,-0.028309036601132376,-0.008225415154243233,-0.020083621446889143
2024-07-21 22:00:00,-0.025540275049115935,-0.0056325762462611974,-0.019907698802854736
2024-07-22 22:00:00,-0.02759877338784933,-0.022552510648756168,-0.005046262739093161
2024-07-23 22:00:00,0.0161984076141668,0.036696226188179,-0.0204978185740122
2024-07-24 22:00:00,0.004000183916502031,0.023620030472131785,-0.019619846555629754
2024-07-25 22:00:00,0.008717195815745926,0.006418615608959796,0.0022985802067861305
2024-07-28 22:00:00,-0.04110153958944285,-0.001343760203822363,-0.03975777938562049
2024-07-29 22:00:00,-0.05287934186471677,-0.00909189804937428,-0.04378744381534248
2024-07-30 22:00:00,-0.05520533141210382,-0.056498166190911386,0.0012928347788075667
2024-07-31 22:00:00,-0.023126946327166165,-0.018198240095316127,-0.004928706231850037
2024-08-01 22:00:00,-0.01646502319657961,-0.025971681905612585,0.009506658709032976
2024-08-04 22:00:00,0.03947054045013609,0.09064639627425528,-0.05117585582411918
2024-08-05 22:00:00,0.06775080828065438,0.14922530623087168,-0.0814744979502173
2024-08-06 22:00:00,0.05671527976360702,0.1484414360572092,-0.09172615629360217
2024-08-07 22:00:00,0.05349022549341331,0.13140404597592165,-0.07791382048250833
2024-08-08 22:00:00,0.04536625971143171,0.1263148940746711,-0.0809486343632394
2024-08-11 22:00:00,0.03843148071530367,0.10996757965430162,-0.07153609893899796
2024-08-12 22:00:00,0.023681475120892914,0.07954682245743919,-0.05586534733654627
2024-08-13 22:00:00,0.021107703409706025,0.08615710111229022,-0.0650493977025842
2024-08-14 22:00:00,-0.0008454966180134749,0.06704180420361001,-0.06788730082162349
2024-08-15 22:00:00,0.003494802034947897,0.059168294021873444,-0.05567349198692555
2024-08-18 22:00:00,0.005710744167515269,0.06258683527669111,-0.05687609110917584
2024-08-19 22:00:00,0.006710520506820972,0.06290142248547949,-0.05619090197865852
2024-08-20 22:00:00,0.0003975265017668317,0.05379285450260768,-0.05339532800084085
2024-08-21 22:00:00,0.02342671357947701,0.06319574350576869,-0.03976902992629168
2024-08-22 22:00:00,0.009522130135778406,0.028408766610041367,-0.01888663647426296
2024-08-25 22:00:00,-0.01941192006338588,0.013710285451594657,-0.03312220551498053
2024-08-26 22:00:00,-0.03148708503267117,-0.0014215832377086676,-0.0300655017949625
2024-08-27 22:00:00,-0.018146496534063417,-0.0026945296962445665,-0.01545196683781885
2024-08-28 22:00:00,-0.0390356412376518,-0.058351353668925326,0.01931571243127353
2024-08-29 22:00:00,-0.03532751091703057,-0.057532180471884756,0.022204669554854187
2024-09-02 22:00:00,-0.011940566503568673,-0.002389062560525899,-0.009551503943042773
2024-09-03 22:00:00,0.008195607878650701,0.016933820477163613,-0.008738212598512912
2024-09-04 22:00:00,0.001753754834067811,-0.011767704879072981,0.013521459713140793
2024-09-05 22:00:00,0.007608006521148569,0.011312352994644358,-0.0037043464734957884
2024-09-08 22:00:00,-0.020777692272871295,0.01975463587789128,-0.040532328150762575
2024-09-09 22:00:00,-0.015083367407205617,0.028719804155629435,-0.04380317156283505
2024-09-10 22:00:00,-0.008847570286535489,0.003096406894974836,-0.011943977181510326
2024-09-11 22:00:00,0.027382502132244024,0.009848394184344635,0.01753410794789939
2024-09-12 22:00:00,0.025617977528089808,0.019572258651658184,0.006045718876431624
2024-09-15 22:00:00,0.046921227810651,0.10135826255842044,-0.05443703474776944
2024-09-16 22:00:00,0.04880298906776148,0.12087755918702225,-0.07207457011926077
2024-09-17 22:00:00,0.02573745978521913,0.1051405350096833,-0.07940307522446417
2024-09-18 22:00:00,-0.005898545025560309,0.007548760373273112,-0.01344730539883342
2024-09-19 22:00:00,-0.0017966695880806682,0.00901178692941949,-0.010808456517500158
2024-09-22 22:00:00,0.02883384112686005,0.01902745555013549,0.009806385576724558
2024-09-23 22:00:00,-0.005101816422571126,0.007065774720904207,-0.012167591143475334
2024-09-24 22:00:00,0.0018111940628176004,0.01598685778388125,-0.014175663721063651
2024-09-25 22:00:00,-0.008131153305204086,0.011166918547881972,-0.01929807185308606
2024-09-26 22:00:00,-0.004346108257605619,0.01023911846387616,-0.014585226721481779
2024-09-29 22:00:00,-0.0485407725321888,-0.05889761338785081,0.010356840855662006
2024-09-30 22:00:00,-0.0019450952654612719,0.007397011686120173,-0.009342106951581445
2024-10-01 22:00:00,0.012170385395537497,0.006546710810184306,0.005623674585353192
2024-10-02 22:00:00,0.014933309700004394,0.030292221188270553,-0.01535891148826616
2024-10-03 22:00:00,0.003306878306878369,0.03088290179049081,-0.02757602348361244
2024-10-06 22:00:00,0.04334882042491772,0.10717847079735747,-0.06382965037243975
2024-10-07 22:00:00,0.0357886344509899,0.07212621657922794,-0.03633758212823804
2024-10-08 22:00:00,0.009758647730243153,0.03667267775393668,-0.026914030023693525
2024-10-09 22:00:00,0.013578414250785986,0.05068638770655269,-0.037107973455766705
2024-10-10 22:00:00,0.032740057130300926,0.0721638294835659,-0.03942377235326497
2024-10-13 22:00:00,0.022395157803718035,0.028506425503266777,-0.006111267699548742
2024-10-14 22:00:00,0.008595253367543298,0.007275567098269912,0.0013196862692733862
2024-10-15 22:00:00,-0.004400724825265434,0.026646521122826786,-0.03104724594809222
2024-10-16 22:00:00,-0.006805944432479061,0.016712022280198097,-0.023517966712677158
2024-10-17 22:00:00,-0.015276595744680876,-0.020076654851459985,0.004800059106779109
2024-10-20 22:00:00,-0.013024357239512785,-0.04571601156977628,0.0326916543302635
2024-10-21 22:00:00,-0.009285169168150698,-0.056967262737453714,0.047682093569303016
2024-10-22 22:00:00,-0.0028601144045761195,-0.02627262931868248,0.02341251491410636
2024-10-23 22:00:00,-0.020210781975105174,-0.03100959172246086,0.010798809747355687
2024-10-24 22:00:00,-0.03673134263860678,-0.0443368327219992,0.007605490083392424
2024-10-27 23:00:00,-0.048800342759211746,-0.06795016078713992,0.019149818027928173
2024-10-28 23:00:00,-0.04373689391021529,-0.08605095624993453,0.04231406233971924
2024-10-29 23:00:00,-0.032073011734028656,-0.06495628602706284,0.032883274293034184
2024-10-30 23:00:00,0.006949670222655024,-0.019719697921620948,0.026669368144275972
2024-10-31 23:00:00,0.01816876766407982,0.02019224551349394,-0.002023477849414118
2024-11-03 23:00:00,0.009999549569839283,0.03861958976316206,-0.028620040193322774
2024-11-04 23:00:00,0.003490713806220569,0.026966731053027593,-0.023476017246807025
2024-11-05 23:00:00,0.010775862068965525,0.040913879657728205,-0.03013801758876268
2024-11-06 23:00:00,0.0032530332336908607,-0.012313996628642177,0.015567029862333038
2024-11-07 23:00:00,-0.008635882974973641,-0.011074473698035391,0.0024385907230617503
2024-11-10 23:00:00,0.016902287829460905,0.017101808836511516,-0.0001995210070506112
2024-11-11 23:00:00,0.018061811532801286,0.033811744186596326,-0.01574993265379504
2024-11-12 23:00:00,0.0172352523098791,0.03677742872232046,-0.01954217641244136
2024-11-13 23:00:00,0.0013145210761547066,0.027276241533976456,-0.02596172045782175
2024-11-14 23:00:00,0.021644444444444355,0.06906526938514446,-0.0474208249407001
2024-11-17 23:00:00,0.02127006402947118,0.04758203537080098,-0.0263119713413298
2024-11-18 23:00:00,0.029700367969160757,0.06310693196979339,-0.03340656400063263
2024-11-19 23:00:00,0.025895196506550144,0.0752271691328413,-0.04933197262629116
2024-11-20 23:00:00,0.03855242429546646,0.10267007640041415,-0.06411765210494769
2024-11-21 23:00:00,0.042284769652412235,0.10395454703176567,-0.06166977737935343
2024-11-24 23:00:00,0.04199768110963209,0.08832711433767144,-0.046329433228039354
2024-11-25 23:00:00,0.03382115204628611,0.07703751989350088,-0.043216367847214776
2024-11-26 23:00:00,0.034520921125441584,0.09157193603935077,-0.05705101491390918
2024-11-28 23:00:00,0.023216618210929907,0.07798582429538417,-0.054769206084454264
2024-12-01 23:00:00,0.029884385825785786,0.0710129957129312,-0.04112860988714541
2024-12-02 23:00:00,0.02110035029878432,0.040838298754045765,-0.019737948455261445
2024-12-03 23:00:00,0.014320398337517082,0.05247587301876398,-0.0381554746812469
2024-12-04 23:00:00,0.020243581303489133,0.062482382600561784,-0.04223880129707265
2024-12-05 23:00:00,0.021783890627573577,0.07189502103615454,-0.050111130408580964
2024-12-08 23:00:00,0.017386018237081968,0.038024043609489556,-0.020638025372407588
2024-12-09 23:00:00,0.02304556645275846,0.037485826593545414,-0.014440260140786955
2024-12-10 23:00:00,0.0063288571544484196,0.05574263171020004,-0.04941377455575162
2024-12-11 23:00:00,0.007380222616550913,0.054194448821103886,-0.04681422620455297
2024-12-12 23:00:00,0.02563172530528357,0.06445928755611166,-0.03882756225082809
2024-12-15 23:00:00,0.01684990439770573,0.044586953830693776,-0.027737049432988048
2024-12-16 23:00:00,0.018620798485087686,0.018183692281313165,0.00043710620377452117
2024-12-17 23:00:00,0.044224954646240544,0.07133752251673284,-0.027112567870492293
2024-12-18 23:00:00,0.023219504383682255,0.04640787743631486,-0.023188373052632605
2024-12-19 23:00:00,-0.00899838893473226,-0.015787983859638602,0.006789594924906342
